 1.00010049868571
1.0000000E-01, 1.00010316060605
1.8000000E-01, 1.00010265073029
2.7036080E-01, 1.00010397084940
3.7036080E-01, 1.00007601976504
4.5036080E-01, 1.00002599617210
5.1436080E-01, 1.00007850906298
5.6556080E-01, 1.00033823911520
6.0652080E-01, 1.00051451950244
6.3928880E-01, 1.00052555875441
6.6550320E-01, 1.00040992562372
6.8647472E-01, 1.00026871281850
7.0325193E-01, 1.00015727791521
7.1667371E-01, 1.00001071636071
7.2741113E-01, 0.999960940939552
7.3814854E-01, 0.999922444650029
7.4888596E-01, 0.999896852479708
7.6177086E-01, 0.999883957918024
7.7723275E-01, 0.999894555937857
7.9578700E-01, 0.999943230151747
8.1805211E-01, 1.00004518484823
8.4477025E-01, 1.00020591219045
8.6614475E-01, 1.00033124562878
8.8331069E-01, 1.00040926435379
9.0047663E-01, 1.00046018546624
9.1764256E-01, 1.00014958334816
9.3480850E-01, 1.00014562297139
9.5540762E-01, 1.00010401090876
9.8012657E-01, 1.00000960167695
1.0097893E+00, 0.999859853358025
1.0453846E+00, 0.999688693243043
1.0738608E+00, 0.999621843858613
1.1023370E+00, 0.999642098263122
1.1365085E+00, 1.00021802016371
1.1775143E+00, 1.00043876546699
1.2267212E+00, 1.00066679829650
1.2660867E+00, 1.00062213249078
1.2975792E+00, 1.00041786248998
1.3353701E+00, 1.00011921139261
1.3807192E+00, 0.999889426545711
1.4195234E+00, 0.999870150469500
1.4660885E+00, 1.00008787311723
1.5126536E+00, 1.00041621678227
1.5499056E+00, 1.00015663085396
1.5871577E+00, 1.00012733530731
1.6318602E+00, 0.999984348718093
1.6765626E+00, 0.999898871043942
1.7123246E+00, 0.999984469993084
1.7480866E+00, 1.00029636619612
1.7838486E+00, 1.00041467933738
1.8267629E+00, 1.00035944334413
1.8610944E+00, 1.00012592704611
1.8954259E+00, 0.999864991302936
1.9297574E+00, 0.999747111342498
1.9640889E+00, 1.00016939162639
2.0052867E+00, 1.00044319839749
2.0547241E+00, 1.00078573267772
2.0942740E+00, 1.00074599047530
2.1259139E+00, 1.00046015739362
2.1575538E+00, 0.999889347510444
2.1955217E+00, 0.999589824955363
2.2410832E+00, 0.999689941657256
2.2775323E+00, 1.00027628799209
2.3066917E+00, 1.00080085022066
2.3358510E+00, 1.00046405004584
2.3650104E+00, 1.00052273732073
2.3941697E+00, 1.00027707616621
2.4291609E+00, 0.999643087234421
2.4579133E+00, 0.999072448432498
2.4866658E+00, 0.998675721733372
2.5154182E+00, 0.998565515403467
2.5499211E+00, 1.00023852757567
2.5913246E+00, 1.00098130945587
2.6410088E+00, 1.00205980508730
2.6807561E+00, 1.00229787735292
2.7126665E+00, 1.00178480092327
2.7509590E+00, 0.999195398467785
2.7892515E+00, 0.997941951824047
2.8352025E+00, 0.997098221552049
2.8811535E+00, 0.997813720665111
2.9179143E+00, 0.999340521338063
2.9546751E+00, 1.00071329090043
2.9914359E+00, 1.00151541072601
3.0355488E+00, 1.00117442486750
3.0708392E+00, 0.999864012193928
3.0990714E+00, 0.998782502938135
3.1273037E+00, 0.998019254219442
3.1555360E+00, 0.999496894217430
3.1894148E+00, 0.999547685443180
3.2300692E+00, 1.00033154899157
3.2625928E+00, 1.00108819996050
3.2951164E+00, 1.00160642962642
3.3214302E+00, 1.00176533486094
3.3477440E+00, 0.999735036455019
3.3740578E+00, 0.999570660820099
3.4056344E+00, 0.999300184930870
3.4435262E+00, 0.999051838734189
3.4814181E+00, 0.999019112766132
3.5117316E+00, 0.999130248194681
3.5420451E+00, 1.00017854989755
3.5723586E+00, 1.00025887396860
3.6087348E+00, 1.00019471575024
3.6523862E+00, 0.999830373806931
3.6873074E+00, 0.999475368700995
3.7152443E+00, 0.999344049105590
3.7431812E+00, 0.999682960565462
3.7711181E+00, 0.999920079877993
3.8046424E+00, 1.00037129333618
3.8448716E+00, 1.00095625858833
3.8770549E+00, 1.00120194605528
3.9028016E+00, 1.00115465646542
3.9285482E+00, 0.999858948526121
3.9542949E+00, 0.999502687806902
3.9851909E+00, 0.999007435183430
4.0222661E+00, 0.998507133305397
4.0667563E+00, 0.998316449947690
4.1023485E+00, 0.998634649466617
4.1315578E+00, 1.00013317276096
4.1607671E+00, 1.00066716557540
4.1958183E+00, 1.00114818305506
4.2378796E+00, 1.00126832083169
4.2715288E+00, 1.00094515812933
4.2984480E+00, 1.00051866882200
4.3253673E+00, 1.00004588455403
4.3576705E+00, 0.999343474150290
4.3964343E+00, 0.998891930907451
4.4429508E+00, 0.998835840815672
4.4801640E+00, 0.999276393070143
4.5099346E+00, 0.999789987568275
4.5397052E+00, 1.00021658048432
4.5694758E+00, 1.00059764114956
4.6052005E+00, 1.00080719184631
4.6480701E+00, 1.00059284818457
4.6823658E+00, 1.00012437939869
4.7098024E+00, 0.999706296375779
4.7372389E+00, 0.999658416082162
4.7701628E+00, 0.999297656268421
4.8096715E+00, 0.999122095407630
4.8570819E+00, 0.999417719299275
4.8950102E+00, 0.999961486019025
4.9253528E+00, 1.00040764662940
4.9556955E+00, 1.00019834486884
4.9921066E+00, 1.00046881690941
5.0358001E+00, 1.00044558983895
5.0707548E+00, 1.00009079972263
5.0987186E+00, 0.999666955472166
5.1266824E+00, 0.999214951005761
5.1546461E+00, 0.999399373880448
5.1882027E+00, 0.999002631581325
5.2284705E+00, 0.998828899798860
5.2767920E+00, 0.999230998677341
5.3154491E+00, 0.999938546552612
5.3471792E+00, 1.00016267613560
5.3789093E+00, 1.00068108955884
5.4169854E+00, 1.00099006158996
5.4626768E+00, 1.00069060934370
5.4992299E+00, 0.999971620289204
5.5284723E+00, 0.999320168057107
5.5577148E+00, 0.999249383681821
5.5869573E+00, 0.998837361083887
5.6220482E+00, 0.998675210250086
5.6641574E+00, 0.999076276650198
5.6978447E+00, 0.999755244526253
5.7247945E+00, 1.00033779670623
5.7517444E+00, 1.00017588212459
5.7786943E+00, 1.00057625522708
5.8110341E+00, 1.00082457677046
5.8498419E+00, 1.00069590984421
5.8886497E+00, 1.00015105266607
5.9196959E+00, 0.999594307467687
5.9507421E+00, 0.999485833030655
5.9817884E+00, 0.999067230189722
6.0128346E+00, 0.998865491428291
6.0500901E+00, 0.999001767748212
6.0928375E+00, 0.999604450152663
6.1270353E+00, 1.00021556977200
6.1612332E+00, 1.00024770834743
6.1954311E+00, 1.00057402532261
6.2364686E+00, 1.00061016348717
6.2857135E+00, 1.00008163434866
6.3251095E+00, 0.999397073450601
6.3566263E+00, 0.999492700695565
6.3843033E+00, 0.999080417249588
6.4175158E+00, 0.998793889761709
6.4573708E+00, 0.998885326697871
6.4892547E+00, 0.999295398538616
6.5147619E+00, 0.999739041648048
6.5402691E+00, 1.00013118240645
6.5657762E+00, 1.00056392170872
6.5912834E+00, 1.00089191753545
6.6218920E+00, 1.00106108028904
6.6586223E+00, 1.00088862049880
6.6880066E+00, 1.00048364840311
6.7115140E+00, 1.00006816453475
6.7350214E+00, 0.999619471231727
6.7585288E+00, 0.999186543297420
6.7867377E+00, 0.998761798627532
6.8205884E+00, 0.998506643524466
6.8612092E+00, 0.998668514694670
6.8937058E+00, 0.999135375065658
6.9197031E+00, 0.999612217267923
6.9457004E+00, 1.00002026648969
6.9716978E+00, 1.00046616266243
7.0028945E+00, 1.00085386847937
7.0403307E+00, 1.00097644745676
7.0852540E+00, 1.00056853258421
7.1211927E+00, 0.999935078833896
7.1508721E+00, 0.999575736264486
7.1805515E+00, 0.999091807945111
7.2161667E+00, 0.998744556629048
7.2589050E+00, 0.998852766697318
7.2930957E+00, 0.999353366166304
7.3204482E+00, 0.999881948067792
7.3478007E+00, 1.00025056420131
7.3751532E+00, 1.00072971270688
7.4079762E+00, 1.00112170770761
7.4473638E+00, 1.00117346584767
7.4946290E+00, 1.00058372692654
7.5324411E+00, 0.999793409762155
7.5643516E+00, 0.999457025989520
7.5962620E+00, 0.998950483475234
7.6345545E+00, 0.998696572180781
7.6805056E+00, 0.999087975420681
7.7172664E+00, 0.999846514902168
7.7466751E+00, 1.00034879768140
7.7760838E+00, 1.00097073106299
7.8113742E+00, 1.00148816777726
7.8537227E+00, 1.00154519656984
7.8879690E+00, 1.00108888824014
7.9153661E+00, 1.00051633379272
7.9427632E+00, 0.999691350819920
7.9701603E+00, 0.999069523739762
7.9975574E+00, 0.998595106325219
8.0304339E+00, 0.998352371737285
8.0698857E+00, 0.998601807257139
8.1014471E+00, 0.999157855564464
8.1267595E+00, 1.00016994425210
8.1571344E+00, 1.00083214738960
8.1935842E+00, 1.00145438254930
8.2373240E+00, 1.00166351734251
8.2739667E+00, 1.00127518531910
8.3032808E+00, 1.00071305251971
8.3325949E+00, 0.999562262725044
8.3619091E+00, 0.998934778209342
8.3970860E+00, 0.998420755630398
8.4392984E+00, 0.998403685686850
8.4730682E+00, 0.998899667209821
8.5011434E+00, 0.999507816946817
8.5348336E+00, 1.00069184010488
8.5685239E+00, 1.00140439455442
8.6089521E+00, 1.00185468038749
8.6574661E+00, 1.00143865354442
8.6962772E+00, 1.00043386262228
8.7274830E+00, 0.999573528990502
8.7649299E+00, 0.999636168787692
8.8098662E+00, 0.999144412150114
8.8637898E+00, 0.999709575907592
8.9069287E+00, 1.00099772310248
8.9414398E+00, 1.00099010418359
8.9759509E+00, 1.00178525721407
9.0173642E+00, 1.00204689046578
9.0670602E+00, 1.00104726972393
9.1068170E+00, 0.999572169674278
9.1386224E+00, 0.999366121839053
9.1704278E+00, 0.998444846341014
9.2022333E+00, 0.998010110879026
9.2403998E+00, 0.998344404149937
9.2709330E+00, 0.999183045374152
9.2953596E+00, 1.00001769856639
9.3197861E+00, 1.00084867459586
9.3442127E+00, 1.00061281754107
9.3686393E+00, 1.00127131297805
9.3979511E+00, 1.00176537275278
9.4331254E+00, 1.00176997818939
9.4753345E+00, 1.00091088870399
9.5091018E+00, 0.999773638962955
9.5361156E+00, 0.999429408271906
9.5631295E+00, 0.998546681718707
9.5901433E+00, 0.997908692055337
9.6225599E+00, 0.997647134143781
9.6614598E+00, 0.998134315613496
9.6925797E+00, 0.999019955059845
9.7174757E+00, 0.999854584054794
9.7423716E+00, 1.00041928345024
9.7672676E+00, 1.00117306232776
9.7971427E+00, 1.00184895302872
9.8329929E+00, 1.00211992169569
9.8760131E+00, 1.00155402376587
9.9104292E+00, 1.00055038412965
9.9379621E+00, 0.999574341832492
9.9654951E+00, 0.998669861872338
9.9930280E+00, 0.997963033763728
1.0026067E+01, 0.997569612707394
1.0065715E+01, 0.997871559313455
1.0097433E+01, 0.998633904558087
1.0123086E+01, 0.999412138672582
1.0148740E+01, 1.00036696865525
1.0174393E+01, 1.00109176028390
1.0205177E+01, 1.00175262576011
1.0242118E+01, 1.00202529712835
1.0286447E+01, 1.00147720735780
1.0321910E+01, 1.00049421273307
1.0350382E+01, 0.999332467378572
1.0378854E+01, 0.998449013657427
1.0413021E+01, 0.997685134944925
1.0454020E+01, 0.997532826271191
1.0493390E+01, 0.998258432613126
1.0524885E+01, 0.999204799512405
1.0556381E+01, 1.00065463248558
1.0587876E+01, 1.00154546943512
1.0625671E+01, 1.00214289419360
1.0671024E+01, 1.00178017432810
1.0707307E+01, 1.00070332208751
1.0736333E+01, 0.999525901082836
1.0765359E+01, 0.998514808556075
1.0800191E+01, 0.997635602190300
1.0841988E+01, 0.997490232604081
1.0885424E+01, 0.998535038121944
1.0920173E+01, 0.999850851777480
1.0954922E+01, 1.00078235030117
1.0989670E+01, 1.00179064503176
1.1031369E+01, 1.00224218299330
1.1081407E+01, 1.00120896552109
1.1121437E+01, 0.999492989617693
1.1153462E+01, 0.999131214575329
1.1185486E+01, 0.998014249191347
1.1217511E+01, 0.997497319544681
1.1255940E+01, 0.997939651341099
1.1286683E+01, 0.998992636243951
1.1311278E+01, 1.00003073036049
1.1335873E+01, 1.00062689527095
1.1360468E+01, 1.00161077424029
1.1385062E+01, 1.00238628288558
1.1414576E+01, 1.00286556901714
1.1449992E+01, 1.00268352488511
1.1489747E+01, 1.00157424360319
1.1521551E+01, 1.00027152397277
1.1546994E+01, 0.999528757683679
1.1572437E+01, 0.998572421074655
1.1602968E+01, 0.997749601155789
1.1639606E+01, 0.997510270087383
1.1683572E+01, 0.998418751605367
1.1718744E+01, 0.999762336533349
1.1746882E+01, 1.00055287536744
1.1775020E+01, 1.00155191861048
1.1803158E+01, 1.00227178568497
1.1836923E+01, 1.00254922642196
1.1877442E+01, 1.00197090569325
1.1909856E+01, 1.00096130749639
1.1935788E+01, 0.999732269717052
1.1961720E+01, 0.998780942078608
1.1987652E+01, 0.997996726200395
1.2018770E+01, 0.997465835317177
1.2056112E+01, 0.997570286524688
1.2100922E+01, 0.998705162491640
1.2136771E+01, 1.00076518934233
1.2172619E+01, 1.00199809970023
1.2215637E+01, 1.00289166118661
1.2267258E+01, 1.00240784661295
1.2308555E+01, 1.00086090977512
1.2341593E+01, 0.998738058843556
1.2374631E+01, 0.997399832553716
1.2414276E+01, 0.996664494722964
1.2461850E+01, 0.997577290351417
1.2499910E+01, 0.999381661367483
1.2530357E+01, 1.00089477656821
1.2560805E+01, 1.00115738802860
1.2597342E+01, 1.00181002332648
1.2641187E+01, 1.00132205982534
1.2676262E+01, 0.999975545834171
1.2704323E+01, 0.998731916996892
1.2732383E+01, 0.999124525598246
1.2766056E+01, 0.997984180277222
1.2806463E+01, 0.997452326146967
1.2854951E+01, 0.998535780820731
1.2893742E+01, 1.00031164350646
1.2924775E+01, 1.00158815065086
1.2955807E+01, 1.00085565992933
1.2993047E+01, 1.00145322142857
1.3037734E+01, 1.00107295500559
1.3073483E+01, 0.999918731153122
1.3102083E+01, 0.998805773870046
1.3130683E+01, 0.999314789798764
1.3159282E+01, 0.998321573069663
1.3193602E+01, 0.997601636300526
1.3234785E+01, 0.997799590428746
1.3269634E+01, 0.998852339462952
1.3297513E+01, 0.999993618925700
1.3325392E+01, 1.00112770194398
1.3353271E+01, 1.00094535073646
1.3381150E+01, 1.00173382129322
1.3414605E+01, 1.00213392064133
1.3454750E+01, 1.00160732246035
1.3486867E+01, 1.00048967388812
1.3512560E+01, 0.999406102169666
1.3538253E+01, 0.999306208767101
1.3563947E+01, 0.998287839857050
1.3594779E+01, 0.997410292961472
1.3631777E+01, 0.997169906269816
1.3676175E+01, 0.998175762961795
1.3711693E+01, 0.999632164372323
1.3740108E+01, 1.00044317333554
1.3768522E+01, 1.00148935456139
1.3796937E+01, 1.00221415571253
1.3831035E+01, 1.00242865734744
1.3871952E+01, 1.00170225860831
1.3904686E+01, 1.00056412338333
1.3931399E+01, 0.999436603184527
1.3958113E+01, 0.998415044268035
1.3984826E+01, 0.997602280258135
1.4016882E+01, 0.997118183689817
1.4055350E+01, 0.997388698493537
1.4093817E+01, 0.998473042249493
1.4124591E+01, 0.999595913153729
1.4155365E+01, 1.00050042656177
1.4186139E+01, 1.00144927599234
1.4223068E+01, 1.00216149516701
1.4267383E+01, 1.00196444337491
1.4302834E+01, 1.00097163715505
1.4331195E+01, 0.999206804656153
1.4354539E+01, 0.998256294571910
1.4377882E+01, 0.997419263398156
1.4405895E+01, 0.996726922935123
1.4439509E+01, 0.996490605075547
1.4479847E+01, 0.997113842976654
1.4512117E+01, 0.998126902796477
1.4538500E+01, 1.00012808772657
1.4564884E+01, 1.00105448343543
1.4596544E+01, 1.00192668035804
1.4634535E+01, 1.00229097798621
1.4680126E+01, 1.00153557714464
1.4716598E+01, 1.00022441882353
1.4745776E+01, 0.999106575401090
1.4774954E+01, 0.998075557767332
1.4809967E+01, 0.997254414420103
1.4851983E+01, 0.997281665822203
1.4893999E+01, 0.998446733416637
1.4927612E+01, 0.999759446650714
1.4961225E+01, 1.00031156022614
1.4994837E+01, 1.00129085194138
1.5035173E+01, 1.00175249573162
1.5083575E+01, 1.00085026911281
1.5122297E+01, 0.999285696066877
1.5153275E+01, 0.998777909729454
1.5184252E+01, 0.997618925273924
1.5215230E+01, 0.996941251217433
1.5252403E+01, 0.997064321743633
1.5289576E+01, 0.998147816996217
1.5319315E+01, 0.999386437259148
1.5343579E+01, 1.00007126623086
1.5367842E+01, 1.00102084940188
1.5392106E+01, 1.00177928355023
1.5421223E+01, 1.00228094818852
1.5456163E+01, 1.00218807137103
1.5497293E+01, 1.00116618245817
1.5530198E+01, 0.999908439705253
1.5557056E+01, 0.999153052976716
1.5583915E+01, 0.998184297344448
1.5616145E+01, 0.997362019691112
1.5654822E+01, 0.997195785546111
1.5701234E+01, 0.998284174945410
1.5738363E+01, 1.00024592048328
1.5768067E+01, 1.00146397283518
1.5797770E+01, 1.00246150758671
1.5833415E+01, 1.00303226856047
1.5876188E+01, 1.00260254664729
1.5910406E+01, 1.00152090685635
1.5937781E+01, 0.999348036915653
1.5965156E+01, 0.998219526617959
1.5992531E+01, 0.997262498158603
1.6025380E+01, 0.996608094614742
1.6064800E+01, 0.996748042614882
1.6104220E+01, 0.997830558854344
1.6135756E+01, 1.00004466648466
1.6161708E+01, 1.00101042611304
1.6192850E+01, 1.00190459071999
1.6230221E+01, 1.00230462879301
1.6275066E+01, 1.00169308576671
1.6310942E+01, 1.00056527266190
1.6339643E+01, 0.998596062952491
1.6368344E+01, 0.997585352681755
1.6402785E+01, 0.996790779625496
1.6444114E+01, 0.996805098130119
1.6481288E+01, 0.997722244444710
1.6511028E+01, 0.998748388045848
1.6540767E+01, 1.00019405856775
1.6570506E+01, 1.00107162284058
1.6606194E+01, 1.00164621290074
1.6649019E+01, 1.00131901442450
1.6683279E+01, 1.00033664116152
1.6710686E+01, 0.999392316328975
1.6738094E+01, 0.998982016222404
1.6770984E+01, 0.998055494171186
1.6810451E+01, 0.997511799655267
1.6857812E+01, 0.998124491749829
1.6895701E+01, 0.999437198168205
1.6926011E+01, 1.00052817630333
1.6956322E+01, 1.00026354332247
1.6992696E+01, 1.00095951751534
1.7036343E+01, 1.00095288755063
1.7079991E+01, 0.999868483629576
1.7114909E+01, 0.998632696747585
1.7149827E+01, 0.998803429434307
1.7184746E+01, 0.997837383519343
1.7226647E+01, 0.997490269828498
1.7276930E+01, 0.998703323132117
1.7317155E+01, 1.00044607042947
1.7349336E+01, 1.00060933701431
1.7381517E+01, 1.00164912056537
1.7420133E+01, 1.00214576241482
1.7466473E+01, 1.00124806068825
1.7503545E+01, 0.999641563428329
1.7533203E+01, 0.998801334146576
1.7556929E+01, 0.997749501643229
1.7580655E+01, 0.996952071345650
1.7609127E+01, 0.996497688828714
1.7643292E+01, 0.996766460537925
1.7677458E+01, 0.997813892047237
1.7704790E+01, 0.998965658553808
1.7726656E+01, 0.999881723880747
1.7748522E+01, 1.00077908004013
1.7770388E+01, 1.00154756740171
1.7796627E+01, 1.00217986215083
1.7828114E+01, 1.00241061911858
1.7865899E+01, 1.00189106176241
1.7896126E+01, 1.00098402306862
1.7920308E+01, 1.00011311536741
1.7944490E+01, 0.999399065266896
1.7968673E+01, 0.998574683717798
1.7997691E+01, 0.997825206175194
1.8032513E+01, 0.997507996242598
1.8074300E+01, 0.998105385850050
1.8107729E+01, 0.999162066383142
1.8134472E+01, 1.00024889521256
1.8161216E+01, 1.00112293291018
1.8193308E+01, 1.00190959891584
1.8231818E+01, 1.00218311828235
1.8278031E+01, 1.00142073637766
1.8315001E+01, 1.00019722279398
1.8344577E+01, 0.998982145799625
1.8374153E+01, 0.998067488968851
1.8409644E+01, 0.997452721514863
1.8452234E+01, 0.997730082980235
1.8486305E+01, 0.998665372165316
1.8513563E+01, 0.999584032840137
1.8540820E+01, 1.00058381717664
1.8573529E+01, 1.00146677287076
1.8612779E+01, 1.00196148798330
1.8659880E+01, 1.00134320572855
1.8697560E+01, 1.00005865029451
1.8727705E+01, 0.998984069253895
1.8757849E+01, 0.999153136503107
1.8794022E+01, 0.998455025526845
1.8837430E+01, 0.998471258958385
1.8873130E+01, 0.999289001295413
1.8901689E+01, 1.00019753055631
1.8930249E+01, 1.00025799516290
1.8958808E+01, 1.00108939334631
1.8993080E+01, 1.00175272143540
1.9034206E+01, 1.00174896777983
1.9075332E+01, 1.00082299114652
1.9108232E+01, 0.999717321556550
1.9134859E+01, 0.999317069990409
1.9161485E+01, 0.998535204593672
1.9193437E+01, 0.997917102482645
1.9231779E+01, 0.997895597989998
1.9277790E+01, 0.998949217181126
1.9314599E+01, 1.00025567075763
1.9344045E+01, 1.00048368664473
1.9373492E+01, 1.00131935008009
1.9408828E+01, 1.00188757052861
1.9451232E+01, 1.00164223393030
1.9485155E+01, 1.00075003548152
1.9512293E+01, 0.999817477172757
1.9539431E+01, 0.999372134078461
1.9566569E+01, 0.998503279036771
1.9599135E+01, 0.997789876529727
1.9638214E+01, 0.997712036151539
1.9685109E+01, 0.998808963836030
1.9722625E+01, 1.00019440090678
1.9752637E+01, 1.00062347747482
1.9782650E+01, 1.00147381263374
1.9818665E+01, 1.00202173044368
1.9861884E+01, 1.00170470998227
1.9896458E+01, 1.00076328131349
1.9924118E+01, 0.999821757707613
1.9951777E+01, 0.999491494244300
1.9979437E+01, 0.998678395335381
2.0012629E+01, 0.998071257890015
2.0052459E+01, 0.998151305591916
2.0092972E+01, 0.999122520518562
2.0125383E+01, 1.00020900122402
2.0157794E+01, 1.00077514408444
2.0190205E+01, 1.00162938824205
2.0222616E+01, 1.00207867606078
2.0261510E+01, 1.00183098733222
2.0292624E+01, 1.00104176889486
2.0317516E+01, 1.00019105136607
2.0342408E+01, 0.999424652337601
2.0367299E+01, 0.998546871329893
2.0392191E+01, 0.997837859312006
2.0422061E+01, 0.997372012419147
2.0457905E+01, 0.997476830256592
2.0492166E+01, 0.998201136660220
2.0519575E+01, 0.999033148091994
2.0546984E+01, 1.00059975904721
2.0574393E+01, 1.00147883873333
2.0607284E+01, 1.00227613153643
2.0646753E+01, 1.00252949562235
2.0694116E+01, 1.00166916866817
2.0732007E+01, 1.00037218128320
2.0762319E+01, 0.999752415754218
2.0792631E+01, 0.998909296504234
2.0829006E+01, 0.998402661950533
2.0872655E+01, 0.998841984866667
2.0907575E+01, 0.999888280682282
2.0935511E+01, 1.00076634399038
2.0963447E+01, 1.00173353619200
2.0991382E+01, 1.00251606876563
2.1024905E+01, 1.00297647738018
2.1065133E+01, 1.00268750688086
2.1097315E+01, 1.00187086082590
2.1123060E+01, 1.00102276164579
2.1148806E+01, 1.00013115604404
2.1174552E+01, 0.999291929221987
2.1205446E+01, 0.998536277684282
2.1242520E+01, 0.998251038005202
2.1287008E+01, 0.998948838116903
2.1322599E+01, 1.00007294224544
2.1351072E+01, 1.00078429151316
2.1379544E+01, 1.00167622094547
2.1408017E+01, 1.00234088071521
2.1442184E+01, 1.00262912121347
2.1483184E+01, 1.00215441465573
2.1515985E+01, 1.00125789827539
2.1542225E+01, 1.00005181932969
2.1568466E+01, 0.999151598662359
2.1594706E+01, 0.998389234267802
2.1626194E+01, 0.997832753220861
2.1663980E+01, 0.997829785287470
2.1709324E+01, 0.998756202846249
2.1745598E+01, 1.00063645039318
2.1774618E+01, 1.00157693332483
2.1803638E+01, 1.00234099605338
2.1838461E+01, 1.00278637111353
2.1880250E+01, 1.00250248377024
2.1913680E+01, 1.00172789790795
2.1940889E+01, 1.00009093198315
2.1968098E+01, 0.999226332992849
2.1995307E+01, 0.998490455312659
2.2027958E+01, 0.997973779791354
2.2067139E+01, 0.998043363901344
2.2110758E+01, 0.998960181794145
2.2145654E+01, 1.00071665832399
2.2180549E+01, 1.00173946342525
2.2222424E+01, 1.00254943278567
2.2272674E+01, 1.00225613128894
2.2312873E+01, 1.00096314917604
2.2345033E+01, 0.999024530822872
2.2377193E+01, 0.997807650554057
2.2415785E+01, 0.997017315732152
2.2462095E+01, 0.997555305041807
2.2499143E+01, 0.998986687737346
2.2528782E+01, 1.00026625108245
2.2558420E+01, 1.00121140140692
2.2593986E+01, 1.00204065044094
2.2636666E+01, 1.00204699405029
2.2670934E+01, 1.00114414868329
2.2698349E+01, 1.00010428779439
2.2725764E+01, 0.999070951401619
2.2753179E+01, 0.999549466361468
2.2786077E+01, 0.998738339252043
2.2825555E+01, 0.998488410831846
2.2872928E+01, 0.999482840793609
2.2910827E+01, 1.00083240888273
2.2941145E+01, 1.00079738011453
2.2971464E+01, 1.00162209311340
2.3007847E+01, 1.00212124138574
2.3051506E+01, 1.00169124552303
2.3086433E+01, 1.00063266481220
2.3114375E+01, 0.999630458886290
2.3142317E+01, 0.999589617693008
2.3170259E+01, 0.998754417953552
2.3203789E+01, 0.998159374936941
2.3244025E+01, 0.998332007050501
2.3284261E+01, 0.999421762969163
2.3316450E+01, 1.00056254665111
2.3342201E+01, 1.00063669066844
2.3367953E+01, 1.00140014926706
2.3398854E+01, 1.00202647099343
2.3435936E+01, 1.00212969060094
2.3480434E+01, 1.00125785071557
2.3516032E+01, 1.00004142967221
2.3544511E+01, 0.999596189527641
2.3572990E+01, 0.998689554365242
2.3601468E+01, 0.998078468896514
2.3635643E+01, 0.997936438237686
2.3676652E+01, 0.998642147340135
2.3709460E+01, 0.999652782650716
2.3735706E+01, 1.00039118012933
2.3761952E+01, 1.00120150672347
2.3788198E+01, 1.00184950734997
2.3819693E+01, 1.00224711291310
2.3857487E+01, 1.00207044642625
2.3895282E+01, 1.00125162200883
2.3925517E+01, 1.00034706800631
2.3955752E+01, 0.999601337294576
2.3985988E+01, 0.998788463250136
2.4022270E+01, 0.998212171151826
2.4065809E+01, 0.998435289237704
2.4100640E+01, 0.999289727975391
2.4128505E+01, 1.00039093883841
2.4156370E+01, 1.00115321521006
2.4189808E+01, 1.00180987565874
2.4229934E+01, 1.00194193391579
2.4277636E+01, 1.00104055455599
2.4315798E+01, 0.999760957205532
2.4346328E+01, 0.999036081556045
2.4376857E+01, 0.998274407452514
2.4413493E+01, 0.997912049519840
2.4457456E+01, 0.998483397201839
2.4492626E+01, 0.999520434365759
2.4520799E+01, 1.00039743120658
2.4554608E+01, 1.00083005778667
2.4595178E+01, 1.00148223662422
2.4643862E+01, 1.00128523645875
2.4682809E+01, 1.00023991768746
2.4713967E+01, 0.999215650833006
2.4745125E+01, 0.999322882756897
2.4776283E+01, 0.998641592024955
2.4813672E+01, 0.998370763422656
2.4858539E+01, 0.999029586962149
2.4894433E+01, 1.00007375523658
2.4923148E+01, 1.00090014528707
2.4951863E+01, 1.00048696861586
2.4986321E+01, 1.00105324670518
2.5027671E+01, 1.00112959436811
2.5077291E+01, 1.00016285282301
2.5116986E+01, 0.998915924876709
2.5148743E+01, 0.999202182647771
2.5180500E+01, 0.998463360282331
2.5218607E+01, 0.998122180019657
2.5264337E+01, 0.998757166029819
2.5300920E+01, 0.999857380846920
2.5330187E+01, 1.00024416370368
2.5353877E+01, 1.00095810188384
2.5377568E+01, 1.00151784409635
2.5405996E+01, 1.00187200643631
2.5440110E+01, 1.00176648622980
2.5480087E+01, 1.00094937960113
2.5512069E+01, 0.999960812840880
2.5537655E+01, 0.999390020027567
2.5563240E+01, 0.998634460611493
2.5588826E+01, 0.998062334335532
2.5619529E+01, 0.997759418525201
2.5656372E+01, 0.998021830939106
2.5685846E+01, 0.998648862476732
2.5709426E+01, 0.999293146992707
2.5733006E+01, 0.999887314788794
2.5756585E+01, 1.00055388814214
2.5780165E+01, 1.00112586692067
2.5808460E+01, 1.00158386741078
2.5842415E+01, 1.00171057231249
2.5883161E+01, 1.00122839783238
2.5915757E+01, 1.00047153607138
2.5941947E+01, 0.999562815990969
2.5968136E+01, 0.998876658094366
2.5999563E+01, 0.998211227983856
2.6037275E+01, 0.997876099905983
2.6082530E+01, 0.998317230788739
2.6118734E+01, 0.999188100622270
2.6147697E+01, 1.00012962074098
2.6176660E+01, 1.00086416072652
2.6205623E+01, 1.00141189113219
2.6240379E+01, 1.00163466726717
2.6282086E+01, 1.00120351489432
2.6315451E+01, 1.00043061458093
2.6342144E+01, 0.999109643503162
2.6368836E+01, 0.998371211730761
2.6400867E+01, 0.997671753793033
2.6439304E+01, 0.997363849433523
2.6485429E+01, 0.997910374953020
2.6522328E+01, 0.998850107820905
2.6559228E+01, 1.00028704128939
2.6596127E+01, 1.00115594503833
2.6640407E+01, 1.00155638961487
2.6689834E+01, 1.00072016417862
2.6729376E+01, 0.999383052039242
2.6761010E+01, 0.998942020397138
2.6792644E+01, 0.998162398203325
2.6830604E+01, 0.997819667104643
2.6876157E+01, 0.998511912268157
2.6912598E+01, 0.999658169348238
2.6941752E+01, 1.00001472487776
2.6970906E+01, 1.00083908081058
2.7000059E+01, 1.00138518226403
2.7035044E+01, 1.00147533943336
2.7077025E+01, 1.00074595743443
2.7110610E+01, 0.999743576325968
2.7137477E+01, 0.999199341118352
2.7164345E+01, 0.998406384660403
2.7191213E+01, 0.997808163097719
2.7223455E+01, 0.997516640922341
2.7262145E+01, 0.997866108433767
2.7293097E+01, 0.998588994349512
2.7317858E+01, 0.999294754810901
2.7342620E+01, 0.999771308484267
2.7367381E+01, 1.00044829341022
2.7392143E+01, 1.00098866972278
2.7421856E+01, 1.00134210289584
2.7457513E+01, 1.00125852164978
2.7500301E+01, 1.00046889265201
2.7534531E+01, 0.999222107907294
2.7561915E+01, 0.998399613844752
2.7589299E+01, 0.997700213351328
2.7622160E+01, 0.997215561953577
2.7661594E+01, 0.997295223187923
2.7701027E+01, 0.998051328669854
2.7732574E+01, 0.999649844902189
2.7757811E+01, 1.00037105462353
2.7783048E+01, 1.00100682082143
2.7813333E+01, 1.00153213737711
2.7849675E+01, 1.00169843478321
2.7893285E+01, 1.00119309906029
2.7928173E+01, 1.00039962802367
2.7956083E+01, 0.999373751288116
2.7983994E+01, 0.998722612972738
2.8017486E+01, 0.998162770501605
2.8057677E+01, 0.998058140569753
2.8105906E+01, 0.998830796837880
2.8144490E+01, 1.00026248490583
2.8175357E+01, 1.00104898407228
2.8212397E+01, 1.00166714286011
2.8256845E+01, 1.00158680416850
2.8292403E+01, 1.00086148417243
2.8320850E+01, 1.00004919173582
2.8349297E+01, 0.998819173795171
2.8377743E+01, 0.998106547638045
2.8411880E+01, 0.997614299787202
2.8452843E+01, 0.997773237320904
2.8485614E+01, 0.998432195653275
2.8511830E+01, 0.999098574435378
2.8538047E+01, 0.999935039938000
2.8569506E+01, 1.00064237505353
2.8607258E+01, 1.00112398043380
2.8652560E+01, 1.00084856649557
2.8688802E+01, 1.00001749925484
2.8717796E+01, 0.999248990317828
2.8746789E+01, 0.999090948895961
2.8781581E+01, 0.998451771500881
2.8823331E+01, 0.998226250024243
2.8873432E+01, 0.999006424173332
2.8913512E+01, 1.00012252544968
2.8945577E+01, 1.00005330426734
2.8977641E+01, 1.00064672625687
2.9016118E+01, 1.00090134530717
2.9062291E+01, 1.00033988115411
2.9099229E+01, 0.999414198913274
2.9128780E+01, 0.998659741829168
2.9158330E+01, 0.999173023668008
2.9187881E+01, 0.998744837944962
2.9223341E+01, 0.998642160965809
2.9265894E+01, 0.999211561784330
2.9299936E+01, 1.00003088917375
2.9327170E+01, 1.00071318053748
2.9354404E+01, 1.00024627811304
2.9381638E+01, 1.00074608228530
2.9414318E+01, 1.00106255843558
2.9453535E+01, 1.00089022742980
2.9486302E+01, 1.00030993022636
2.9512516E+01, 0.999696571289815
2.9538730E+01, 0.999492730725535
2.9564943E+01, 0.998869673042051
2.9591157E+01, 0.998390511435100
2.9622614E+01, 0.998132683082599
2.9660362E+01, 0.998347719405843
2.9690560E+01, 0.998870208164575
2.9714718E+01, 0.999404025904140
2.9738877E+01, 0.999921178719894
2.9763036E+01, 1.00046959523325
2.9792026E+01, 1.00101798505140
2.9826814E+01, 1.00136874239559
2.9868560E+01, 1.00121786409436
2.9901957E+01, 1.00068484474490
2.9928675E+01, 0.999795934235852
2.9955392E+01, 0.999189500141101
2.9982110E+01, 0.998659392696437
3.0014171E+01, 0.998263512932341
3.0052644E+01, 0.998260333421412
3.0098356E+01, 0.998923002734280
3.0134925E+01, 0.999728253595427
3.0171495E+01, 1.00044099494250
3.0200750E+01, 1.00100160366582
3.0235857E+01, 1.00145817327426
3.0277985E+01, 1.00142374507924
3.0311687E+01, 1.00088865388374
3.0338649E+01, 0.999633460587255
3.0361160E+01, 0.999053785217564
3.0383671E+01, 0.998519029421969
3.0410685E+01, 0.998029373903019
3.0443101E+01, 0.997758702751443
3.0482001E+01, 0.997962096846262
3.0513120E+01, 0.998476324536921
3.0544240E+01, 1.00019340879864
3.0570200E+01, 1.00079384316481
3.0601352E+01, 1.00140914558565
3.0638735E+01, 1.00177434492736
3.0683594E+01, 1.00150180790057
3.0719481E+01, 1.00081313733928
3.0748191E+01, 0.999899130137943
3.0776901E+01, 0.999280530871493
3.0805611E+01, 0.998826532086655
3.0840063E+01, 0.998649702187991
3.0881405E+01, 0.999021106630801
3.0914479E+01, 0.999643719549200
3.0940938E+01, 1.00023834200510
3.0967397E+01, 1.00077004536431
3.0999148E+01, 1.00128212805300
3.1037249E+01, 1.00152869266205
3.1082970E+01, 1.00115932124723
3.1119547E+01, 1.00044331028066
3.1148809E+01, 0.999877678154434
3.1178070E+01, 0.999274176246729
3.1213184E+01, 0.998774779597542
3.1255321E+01, 0.998739957686086
3.1297458E+01, 0.999367587049504
3.1331167E+01, 1.00011774400066
3.1359023E+01, 1.00044612982267
3.1386879E+01, 1.00097289567734
3.1420307E+01, 1.00138747011594
3.1460420E+01, 1.00139083421423
3.1504278E+01, 1.00074855341574
3.1539365E+01, 0.999768365490030
3.1567434E+01, 0.999071440638293
3.1595503E+01, 0.998503323345895
3.1629186E+01, 0.998154372491643
3.1669606E+01, 0.998319385256087
3.1701941E+01, 0.998846201100075
3.1727810E+01, 1.00006009781434
3.1753679E+01, 1.00063481953146
3.1779547E+01, 1.00116673246241
3.1810590E+01, 1.00163122754431
3.1847840E+01, 1.00181666085750
3.1892541E+01, 1.00144127428108
3.1928302E+01, 1.00079443827514
3.1956911E+01, 0.999945298541137
3.1985519E+01, 0.999403351557099
3.2019849E+01, 0.998952352239162
3.2061046E+01, 0.998915737121283
3.2108363E+01, 0.999609198336378
3.2146217E+01, 1.00078836937602
3.2177084E+01, 1.00144322400161
3.2214124E+01, 1.00197480736614
3.2258572E+01, 1.00194169834841
3.2294130E+01, 1.00133374375795
3.2322577E+01, 1.00065236370268
3.2351024E+01, 0.999823438950050
3.2379471E+01, 0.999205964893592
3.2413607E+01, 0.998776808734225
3.2454570E+01, 0.998907334637606
3.2487341E+01, 0.999483599092640
3.2513557E+01, 1.00008432132471
3.2539774E+01, 1.00098006005693
3.2571234E+01, 1.00161682349876
3.2608986E+01, 1.00206846668975
3.2654288E+01, 1.00186761839657
3.2690530E+01, 1.00115070797050
3.2719523E+01, 1.00044645367894
3.2748516E+01, 1.00011611195074
3.2777510E+01, 0.999583828002942
3.2812302E+01, 0.999254002535857
3.2854052E+01, 0.999465796239619
3.2887453E+01, 1.00002611536983
3.2914173E+01, 1.00055034113747
3.2940893E+01, 1.00056081080482
3.2967614E+01, 1.00099857598642
3.2999678E+01, 1.00133846989104
3.3038155E+01, 1.00133395153256
3.3084328E+01, 1.00071267465690
3.3121266E+01, 0.999943575432910
3.3151760E+01, 0.999893261276685
3.3182254E+01, 0.999408250809278
3.3218846E+01, 0.999130361831855
3.3262758E+01, 0.999409648019115
3.3297887E+01, 1.00003074768610
3.3325990E+01, 1.00060442172941
3.3354093E+01, 1.00063061237158
3.3382196E+01, 1.00111358209344
3.3415920E+01, 1.00148573482037
3.3456388E+01, 1.00147233207078
3.3495255E+01, 1.00097233317199
3.3526349E+01, 1.00036393226913
3.3557443E+01, 1.00009305971573
3.3588536E+01, 0.999514534988836
3.3625849E+01, 0.999096079615009
3.3670623E+01, 0.999244853690468
3.3706443E+01, 0.999841767673316
3.3735099E+01, 1.00055022354486
3.3758380E+01, 1.00104260524135
3.3781660E+01, 1.00147528537665
3.3809596E+01, 1.00183714915033
3.3843120E+01, 1.00197165770722
3.3883349E+01, 1.00166864909411
3.3915531E+01, 1.00114306528169
3.3941278E+01, 1.00028651700741
3.3967024E+01, 0.999784071730126
3.3992770E+01, 0.999360274040300
3.4023666E+01, 0.999068229610329
3.4060740E+01, 0.999104469570473
3.4100910E+01, 0.999595068093642
3.4133046E+01, 1.00059022387405
3.4165183E+01, 1.00116152478600
3.4203746E+01, 1.00168780268557
3.4250022E+01, 1.00173255999017
3.4287043E+01, 1.00117394638355
3.4316659E+01, 1.00050521294354
3.4346276E+01, 0.999701330677306
3.4375893E+01, 0.999108992119140
3.4411433E+01, 0.998728219271446
3.4454081E+01, 0.998926187776702
3.4488199E+01, 0.999526130817576
3.4522318E+01, 1.00025561910410
3.4556436E+01, 1.00090837077692
3.4597378E+01, 1.00139181454281
3.4646508E+01, 1.00129993023456
3.4685813E+01, 1.00059364103172
3.4717256E+01, 0.999873954552087
3.4748700E+01, 0.999847849911542
3.4780143E+01, 0.999384781544360
3.4817876E+01, 0.999217353640227
3.4863154E+01, 0.999691145446251
3.4899377E+01, 1.00039046526402
3.4928355E+01, 1.00090921128740
3.4957334E+01, 1.00051820519609
3.4992108E+01, 1.00080927355292
3.5033837E+01, 1.00076592848361
3.5082179E+01, 1.00012150549360
3.5120852E+01, 0.999379323063237
3.5151884E+01, 0.999722893403153
3.5182917E+01, 0.999333084707236
3.5220155E+01, 0.999170493766767
3.5264842E+01, 0.999522799246163
3.5300591E+01, 1.00010929519747
3.5329190E+01, 1.00027388282423
3.5357789E+01, 1.00078633877648
3.5386388E+01, 1.00119384326141
3.5420707E+01, 1.00141229879049
3.5461890E+01, 1.00119717039380
3.5494837E+01, 1.00069282493887
3.5521194E+01, 1.00018253230206
3.5547551E+01, 0.999857788435559
3.5573908E+01, 0.999385336641140
3.5605536E+01, 0.998986445354785
3.5643490E+01, 0.998898818608591
3.5688723E+01, 0.999385612408445
3.5724910E+01, 1.00005981099258
3.5753859E+01, 1.00029964747978
3.5782808E+01, 1.00080074248953
3.5817547E+01, 1.00119970143801
3.5859234E+01, 1.00119222732365
3.5892583E+01, 1.00078105347666
3.5919263E+01, 1.00029553010997
3.5945942E+01, 0.999760016155647
3.5972622E+01, 0.999258410323013
3.6004637E+01, 0.998811126255365
3.6043056E+01, 0.998673202011007
3.6089158E+01, 0.999155258137356
3.6126040E+01, 0.999859125370155
3.6155545E+01, 1.00030386660067
3.6185050E+01, 1.00079201196435
3.6214556E+01, 1.00111656683294
3.6249962E+01, 1.00116043841657
3.6290435E+01, 1.00071656144698
3.6322814E+01, 1.00009949404141
3.6348716E+01, 0.999592104101118
3.6374619E+01, 0.999093169334326
3.6400522E+01, 0.998709461745624
3.6431605E+01, 0.998494557120369
3.6468905E+01, 0.998636774156088
3.6498745E+01, 0.999013712731334
3.6524314E+01, 0.999429165260913
3.6549882E+01, 1.00009962389699
3.6575451E+01, 1.00050825454204
3.6606133E+01, 1.00087828010311
3.6642951E+01, 1.00100972521294
3.6687134E+01, 1.00063941942192
3.6722480E+01, 1.00003758017238
3.6750756E+01, 0.999554978561311
3.6779033E+01, 0.999071148081032
3.6812965E+01, 0.998659658303844
3.6853683E+01, 0.998582070155245
3.6897673E+01, 0.999042966191682
3.6932864E+01, 0.999631687196692
3.6968056E+01, 0.999989910827449
3.7003247E+01, 1.00047691603007
3.7045477E+01, 1.00072717259138
3.7096153E+01, 1.00028323076251
3.7136693E+01, 0.999467031586207
3.7169126E+01, 0.999227737098775
3.7201558E+01, 0.998662711693806
3.7233991E+01, 0.998386473874230
3.7272910E+01, 0.998564658225039
3.7304045E+01, 0.999038945993969
3.7328953E+01, 0.999617961058380
3.7349714E+01, 1.00003962204803
3.7370475E+01, 1.00044322259527
3.7395387E+01, 1.00084409063477
3.7425283E+01, 1.00114296842037
3.7461157E+01, 1.00116431915638
3.7504206E+01, 1.00069263170244
3.7538646E+01, 0.999449368118296
3.7566197E+01, 0.998870841718636
3.7593749E+01, 0.998363893964827
3.7626811E+01, 0.997995033929165
3.7666485E+01, 0.998012215397818
3.7706159E+01, 0.998503506105141
3.7737899E+01, 0.999578074603344
3.7763290E+01, 1.00006417495317
3.7788682E+01, 1.00050755002720
3.7819152E+01, 1.00088391105807
3.7855715E+01, 1.00102119493128
3.7899592E+01, 1.00068720705542
3.7934693E+01, 1.00012347935771
3.7962774E+01, 0.999360757096449
3.7990855E+01, 0.998871385943895
3.8024552E+01, 0.998426131360343
3.8064989E+01, 0.998280789861940
3.8113513E+01, 0.998735814129775
3.8152332E+01, 0.999739381607928
3.8183387E+01, 1.00030257576182
3.8220654E+01, 1.00079279086422
3.8265373E+01, 1.00083863263677
3.8301149E+01, 1.00040695512463
3.8329770E+01, 0.998955715979949
3.8352682E+01, 0.998489722221212
3.8375594E+01, 0.998072270253110
3.8403088E+01, 0.997714722506590
3.8436082E+01, 0.997561414548184
3.8475674E+01, 0.997797635585274
3.8507348E+01, 0.998227568956495
3.8539021E+01, 0.999381922246589
3.8570695E+01, 0.999894105822477
3.8608703E+01, 1.00034281908191
3.8654313E+01, 1.00036756282096
3.8690801E+01, 0.999949658508730
3.8719992E+01, 0.999488796908595
3.8749182E+01, 0.999094109173362
3.8778373E+01, 0.998707961718682
3.8813401E+01, 0.998453049534227
3.8855436E+01, 0.998597443859398
3.8889063E+01, 0.999028672718538
3.8915965E+01, 0.999448623008941
3.8942867E+01, 0.999548977141961
3.8969769E+01, 0.999906648196850
3.9002051E+01, 1.00019038950510
3.9040790E+01, 1.00019538892418
3.9086548E+01, 0.999709479651448
3.9123154E+01, 0.999102158294163
3.9152595E+01, 0.999039890338857
3.9182036E+01, 0.998649800948620
3.9217364E+01, 0.998403735624550
3.9259759E+01, 0.998569803650155
3.9293675E+01, 0.999026004203840
3.9320807E+01, 0.999476950833719
3.9347940E+01, 0.999564344226667
3.9375072E+01, 0.999971261453786
3.9407631E+01, 1.00031261308306
3.9446702E+01, 1.00036631421500
3.9493587E+01, 0.999876489351727
3.9531095E+01, 0.999210943843366
3.9561102E+01, 0.999022539613032
3.9591108E+01, 0.998560508396655
3.9627116E+01, 0.998232238141384
3.9670325E+01, 0.998321337583826
3.9704892E+01, 0.998734606707875
3.9732546E+01, 0.999242692505634
3.9755114E+01, 0.999612258853733
3.9777682E+01, 0.999957496191820
3.9804763E+01, 1.00028452301352
3.9837261E+01, 1.00048814649011
3.9876258E+01, 1.00041540301499
3.9907455E+01, 1.00013300748176
3.9932692E+01, 0.999405203177629
3.9957928E+01, 0.999065558047934
3.9983165E+01, 0.998750702124972
4.0013449E+01, 0.998484914813073
4.0049789E+01, 0.998406648524936
4.0093398E+01, 0.998691700685107
4.0128285E+01, 0.999126464721929
4.0156926E+01, 0.999703588588367
4.0185567E+01, 1.00011736838463
4.0219936E+01, 1.00054232230108
4.0261179E+01, 1.00075036662059
4.0304304E+01, 1.00052430425261
4.0338804E+01, 0.999379142077169
4.0366403E+01, 0.998970446376565
4.0394003E+01, 0.998614010046733
4.0427123E+01, 0.998371818722124
4.0466867E+01, 0.998433687296471
4.0498662E+01, 0.998737784607880
4.0524972E+01, 0.999075556975543
4.0551282E+01, 0.999776048108157
4.0577592E+01, 1.00010404288577
4.0609163E+01, 1.00039774400923
4.0647050E+01, 1.00049119003703
4.0692513E+01, 1.00017812270507
4.0728884E+01, 0.999708024225838
4.0765255E+01, 0.999406487455720
4.0801625E+01, 0.998999802131081
4.0845270E+01, 0.998835949289035
4.0897644E+01, 0.999322049457254
4.0939543E+01, 1.00003651780445
4.0973063E+01, 1.00009533695622
4.1006582E+01, 1.00045120606868
4.1046805E+01, 1.00054438617826
4.1087028E+01, 1.00017819406671
4.1119207E+01, 0.999669530616452
4.1144950E+01, 0.999629305467676
4.1170693E+01, 0.999231709257757
4.1196435E+01, 0.998939533985981
4.1227327E+01, 0.998805718277619
4.1264397E+01, 0.998989928710975
4.1294052E+01, 0.999355765127992
4.1317777E+01, 0.999715579375099
4.1341501E+01, 1.00000860282905
4.1365226E+01, 1.00037792679771
4.1388951E+01, 1.00069570200100
4.1417420E+01, 1.00094973332734
4.1451584E+01, 1.00101661767924
4.1492580E+01, 1.00073645503517
4.1525377E+01, 1.00029717462254
4.1551614E+01, 0.999942019001953
4.1577852E+01, 0.999542555457238
4.1604089E+01, 0.999210608814915
4.1635574E+01, 0.998983263972842
4.1673356E+01, 0.999005716008688
4.1704621E+01, 0.999246669322444
4.1729632E+01, 0.999851313595242
4.1754644E+01, 1.00017087988870
4.1779655E+01, 1.00049396835719
4.1809669E+01, 1.00081836084069
4.1845686E+01, 1.00103801501861
4.1888906E+01, 1.00097612698998
4.1923482E+01, 1.00068051711236
4.1951143E+01, 0.999951359570907
4.1978804E+01, 0.999602764805430
4.2011997E+01, 0.999239888945077
4.2051829E+01, 0.999037107466820
4.2099627E+01, 0.999242645304986
4.2137865E+01, 0.999684485854781
4.2168456E+01, 1.00022474709173
4.2199046E+01, 1.00057086418043
4.2235755E+01, 1.00085220887772
4.2279806E+01, 1.00084998669651
4.2315046E+01, 1.00054284089138
4.2343239E+01, 0.999938973361603
4.2371431E+01, 0.999535770547311
4.2399623E+01, 0.999177789156716
4.2433454E+01, 0.998925276772875
4.2474051E+01, 0.998971186610096
4.2506529E+01, 0.999268879978572
4.2532511E+01, 1.00024755796639
4.2558493E+01, 1.00059860143640
4.2584475E+01, 1.00092436376094
4.2615654E+01, 1.00119988268518
4.2653068E+01, 1.00128369367790
4.2696633E+01, 1.00101170249001
4.2731485E+01, 1.00059932349605
4.2766336E+01, 1.00007231336092
4.2801188E+01, 0.999676642097089
4.2843010E+01, 0.999438292541302
4.2893197E+01, 0.999702395107526
4.2933346E+01, 1.00023888737892
4.2965465E+01, 1.00044193617610
4.2997585E+01, 1.00083088357646
4.3036128E+01, 1.00109525421418
4.3082380E+01, 1.00093606526288
4.3119382E+01, 1.00045730295933
4.3148983E+01, 1.00005798477743
4.3172664E+01, 0.999685916472961
4.3196345E+01, 0.999383654443617
4.3224762E+01, 0.999178790251575
4.3258863E+01, 0.999200136186142
4.3296672E+01, 0.999540579218890
4.3326920E+01, 0.999958018531373
4.3351118E+01, 1.00034211785142
4.3375316E+01, 1.00069989905115
4.3399514E+01, 1.00101973987103
4.3428551E+01, 1.00129359528714
4.3463396E+01, 1.00140416656981
4.3505004E+01, 1.00119658588385
4.3538290E+01, 1.00049309978070
4.3564919E+01, 1.00011744567890
4.3591548E+01, 0.999757411323138
4.3623502E+01, 0.999445004301798
4.3661848E+01, 0.999344907149913
4.3707862E+01, 0.999647692905101
4.3744674E+01, 1.00055236457226
4.3774124E+01, 1.00095447206874
4.3803573E+01, 1.00132980389373
4.3838912E+01, 1.00163504038216
4.3881319E+01, 1.00168646025200
4.3915245E+01, 1.00146684118778
4.3942386E+01, 1.00069113038916
4.3969526E+01, 1.00035836286438
4.3996667E+01, 1.00004311711249
4.4029235E+01, 0.999783208017922
4.4068318E+01, 0.999735177651557
4.4107400E+01, 0.999986301432432
4.4138666E+01, 1.00075284282307
4.4169932E+01, 1.00114861104056
4.4201198E+01, 1.00154667425194
4.4238717E+01, 1.00187040488116
4.4283740E+01, 1.00189421674600
4.4319758E+01, 1.00162381371857
4.4348573E+01, 1.00070617358722
4.4377388E+01, 1.00036749498508
4.4411965E+01, 1.00005433595373
4.4453458E+01, 0.999962526916508
4.4489093E+01, 1.00016440321655
4.4517601E+01, 1.00043253875831
4.4551810E+01, 1.00133717887935
4.4586019E+01, 1.00164272825000
4.4627070E+01, 1.00182708989753
4.4676331E+01, 1.00160444330337
4.4715740E+01, 1.00112926347263
4.4747267E+01, 1.00078133412333
4.4778795E+01, 1.00043703435410
4.4816627E+01, 1.00022666767640
4.4862026E+01, 1.00037905006902
4.4898346E+01, 1.00071903891215
4.4927401E+01, 1.00099257424967
4.4956457E+01, 1.00087793771974
4.4991323E+01, 1.00105990833689
4.5033163E+01, 1.00107802830710
4.5083371E+01, 1.00073379807180
4.5123537E+01, 1.00028003134784
4.5156405E+01, 1.00041713436143
4.5189273E+01, 1.00017228269235
4.5228714E+01, 1.00009947128538
4.5276044E+01, 1.00039125077560
4.5313907E+01, 1.00079320834384
4.5344198E+01, 1.00088555888190
4.5374489E+01, 1.00119504551569
4.5404780E+01, 1.00141620669490
4.5441129E+01, 1.00147515259028
4.5479270E+01, 1.00126392693814
4.5509783E+01, 1.00093987790556
4.5534193E+01, 1.00073275758003
4.5558604E+01, 1.00042811626209
4.5583014E+01, 1.00016422013353
4.5612306E+01, 0.999958244059024
4.5647457E+01, 0.999911321337455
4.5686371E+01, 1.00010203758356
4.5717501E+01, 1.00036996783559
4.5743162E+01, 1.00058274089620
4.5768822E+01, 1.00083113733937
4.5799614E+01, 1.00108848359545
4.5836564E+01, 1.00124578879480
4.5880905E+01, 1.00112614230285
4.5916378E+01, 1.00080013902098
4.5944756E+01, 1.00036972623518
4.5973134E+01, 1.00003596418068
4.6001512E+01, 0.999774170755814
4.6035566E+01, 0.999640784317798
4.6076430E+01, 0.999770413783142
4.6109121E+01, 1.00003610589427
4.6135275E+01, 1.00042842030048
4.6161428E+01, 1.00063067817378
4.6192812E+01, 1.00081289084080
4.6230472E+01, 1.00086334975124
4.6275665E+01, 1.00059531941266
4.6311819E+01, 1.00015266099993
4.6340743E+01, 0.999903599341729
4.6369666E+01, 0.999526609808008
4.6404374E+01, 0.999208924975792
4.6446024E+01, 0.999155925176997
4.6479344E+01, 0.999377665194401
4.6505999E+01, 0.999644104744688
4.6532655E+01, 1.00030261904449
4.6559311E+01, 1.00055516215212
4.6591298E+01, 1.00076863626899
4.6629682E+01, 1.00080092558692
4.6673752E+01, 1.00050871662338
4.6709007E+01, 1.00012423907923
4.6744263E+01, 0.999839232987869
4.6779518E+01, 0.999533468731532
4.6821825E+01, 0.999402614890723
4.6872593E+01, 0.999706842616606
4.6913208E+01, 1.00014306040392
4.6945699E+01, 1.00017223585611
4.6978191E+01, 1.00039156383567
4.7017181E+01, 1.00048821781093
4.7063968E+01, 1.00027316306774
4.7101399E+01, 0.999894769051518
4.7131343E+01, 0.999803118265356
4.7161287E+01, 0.999487834901583
4.7191231E+01, 0.999270380920540
4.7227164E+01, 0.999215199484877
4.7270284E+01, 0.999434938249086
4.7304780E+01, 0.999739604823178
4.7332376E+01, 0.999881479422802
4.7359973E+01, 1.00014160423565
4.7387570E+01, 1.00035558953310
4.7420686E+01, 1.00048375587242
4.7460425E+01, 1.00040138410624
4.7492216E+01, 1.00015812990835
4.7517649E+01, 0.999895739029408
4.7543082E+01, 0.999648656441134
4.7568515E+01, 0.999377105500509
4.7599035E+01, 0.999117151978833
4.7635658E+01, 0.998981052860159
4.7679606E+01, 0.999105406085202
4.7714765E+01, 0.999371893391862
4.7742892E+01, 0.999663551860909
4.7771019E+01, 0.999935104326044
4.7799146E+01, 1.00017050652452
4.7832898E+01, 1.00033248160646
4.7873401E+01, 1.00029375567146
4.7905803E+01, 1.00008520865582
4.7931725E+01, 0.999619560052098
4.7957646E+01, 0.999366239011760
4.7983568E+01, 0.999137197394361
4.8014674E+01, 0.998955936196445
4.8052001E+01, 0.998922885039820
4.8091987E+01, 0.999105860221125
4.8123975E+01, 0.999349540159713
4.8155964E+01, 0.999681523353599
4.8187952E+01, 0.999991858554257
4.8226338E+01, 1.00031591619585
4.8272402E+01, 1.00040898062745
4.8309252E+01, 1.00016990085716
4.8338733E+01, 0.999334173687877
4.8362317E+01, 0.999060557691686
4.8385902E+01, 0.998818694872482
4.8414203E+01, 0.998620441177543
4.8448164E+01, 0.998555368982252
4.8488918E+01, 0.998728157845255
4.8521521E+01, 0.998995906963976
4.8554124E+01, 0.999560037551160
4.8586728E+01, 0.999848960827097
4.8625851E+01, 1.00008449588597
4.8672800E+01, 1.00004444178043
4.8710358E+01, 0.999752205030099
4.8740405E+01, 0.999398981599445
4.8764602E+01, 0.999162018372926
4.8793638E+01, 0.998940305173014
4.8828482E+01, 0.998833752388506
4.8870294E+01, 0.998965924625649
4.8903744E+01, 0.999213557944565
4.8930504E+01, 0.999493326579402
4.8957263E+01, 0.999710509659358
4.8984023E+01, 0.999898710813245
4.9016135E+01, 1.00003544633149
4.9054669E+01, 1.00002420444059
4.9085496E+01, 0.999870620220876
4.9110158E+01, 0.999682914623247
4.9134820E+01, 0.999445423907623
4.9159482E+01, 0.999220192865973
4.9184143E+01, 0.999016933774607
4.9213738E+01, 0.998844792941071
4.9249251E+01, 0.998780193804848
4.9291866E+01, 0.998914650348338
4.9325959E+01, 0.999140521185161
4.9360051E+01, 0.999403842761504
4.9394144E+01, 0.999690849016169
4.9435055E+01, 0.999961975277423
4.9484148E+01, 0.999992245880557
4.9523422E+01, 0.999713603324667
4.9554842E+01, 0.999185789165013
4.9581556E+01, 0.998872322628317
4.9608271E+01, 0.998612055808864
4.9640328E+01, 0.998437841517221
4.9678797E+01, 0.998462502002625
4.9709572E+01, 0.998640391067417
4.9734193E+01, 0.999167073501091
4.9758813E+01, 0.999397133143439
4.9783433E+01, 0.999635405493927
4.9812977E+01, 0.999886368067224
4.9848430E+01, 1.00007613276279
4.9890973E+01, 1.00007058472982
4.9925008E+01, 0.999872583773204
4.9952236E+01, 0.999296776558942
4.9979464E+01, 0.999030753798101
5.0012138E+01, 0.998733279263764
5.0051346E+01, 0.998521209950087
5.0098395E+01, 0.998572824060728
5.0136035E+01, 0.998818125495969
5.0166147E+01, 0.999264186362960
5.0196259E+01, 0.999531151550688
5.0232393E+01, 0.999780603645155
5.0275754E+01, 0.999828953939601
5.0310443E+01, 0.999635665548827
5.0338194E+01, 0.998923126251875
5.0360395E+01, 0.998709319619606
5.0382596E+01, 0.998508270915554
5.0409237E+01, 0.998320202546426
5.0441206E+01, 0.998208919253670
5.0479569E+01, 0.998264879131033
5.0510260E+01, 0.998434508795937
5.0540950E+01, 0.998912350019896
5.0566944E+01, 0.999113748665886
5.0592937E+01, 0.999294641926127
5.0624130E+01, 0.999439210230103
5.0661560E+01, 0.999468522592541
5.0694944E+01, 0.999354875454681
5.0721651E+01, 0.999197548687002
5.0748358E+01, 0.998950931213573
5.0775065E+01, 0.998758864751693
5.0807114E+01, 0.998561968041149
5.0845572E+01, 0.998451514617947
5.0891722E+01, 0.998555767470156
5.0928642E+01, 0.998782771144576
5.0958178E+01, 0.998995139566211
5.0987714E+01, 0.999200388668770
5.1023157E+01, 0.999395419063796
5.1065688E+01, 0.999460751618541
5.1099714E+01, 0.999340809300104
5.1126934E+01, 0.999162696030509
5.1154154E+01, 0.998960281201955
5.1181374E+01, 0.998746811669506
5.1214039E+01, 0.998541515818626
5.1253236E+01, 0.998459536401002
5.1300272E+01, 0.998648025024449
5.1337902E+01, 0.999095710041915
5.1368005E+01, 0.999380473257062
5.1398109E+01, 0.999643505620961
5.1434233E+01, 0.999849955137806
5.1477582E+01, 0.999860895986471
5.1512261E+01, 0.999677361207454
5.1540004E+01, 0.999183379318247
5.1567747E+01, 0.998937672576082
5.1595491E+01, 0.998719109689716
5.1628783E+01, 0.998565133163209
5.1668733E+01, 0.998591968587111
5.1700693E+01, 0.998768234867426
5.1726262E+01, 0.999252505168715
5.1751830E+01, 0.999472349792345
5.1777398E+01, 0.999696712229283
5.1808080E+01, 0.999930065529817
5.1844898E+01, 1.00010626593740
5.1889080E+01, 1.00011289146886
5.1924426E+01, 0.999958738743394
5.1959771E+01, 0.999462881973641
5.1995117E+01, 0.999196345133789
5.2037532E+01, 0.998972940483941
5.2088429E+01, 0.999050026475217
5.2129147E+01, 0.999385991649293
5.2161722E+01, 0.999856034648554
5.2194296E+01, 1.00021401762092
5.2233386E+01, 1.00056896206560
5.2280293E+01, 1.00068216906676
5.2317819E+01, 1.00047519341135
5.2347839E+01, 0.999773705690293
5.2371856E+01, 0.999541971631245
5.2395872E+01, 0.999350500712879
5.2424692E+01, 0.999223005105498
5.2459276E+01, 0.999245079753578
5.2486943E+01, 0.999386228500723
5.2509076E+01, 0.999546616964429
5.2531210E+01, 1.00005578382333
5.2553343E+01, 1.00023590413127
5.2579904E+01, 1.00043808950645
5.2611776E+01, 1.00061145681688
5.2650023E+01, 1.00066147501816
5.2681591E+01, 1.00055646882540
5.2706845E+01, 1.00040454603967
5.2732099E+01, 1.00015275752433
5.2757353E+01, 0.999967659336803
5.2782607E+01, 0.999804063682778
5.2812911E+01, 0.999678194299235
5.2849277E+01, 0.999659289557033
5.2887396E+01, 0.999781121276113
5.2917891E+01, 0.999933965612529
5.2948386E+01, 1.00000202422558
5.2978881E+01, 1.00016378373829
5.3015475E+01, 1.00031468823471
5.3059388E+01, 1.00034397064310
5.3094518E+01, 1.00020846789773
5.3122622E+01, 1.00002655024728
5.3150726E+01, 0.999856710999100
5.3178830E+01, 0.999660830085277
5.3212556E+01, 0.999492896796768
5.3253026E+01, 0.999474043293442
5.3293496E+01, 0.999667128970787
5.3325872E+01, 0.999907835531725
5.3358248E+01, 1.00013208876544
5.3390624E+01, 1.00039847265210
5.3423000E+01, 1.00061084247854
5.3461851E+01, 1.00070872310416
5.3492932E+01, 1.00063226816029
5.3517797E+01, 1.00049093506232
5.3542662E+01, 1.00020578351734
5.3567526E+01, 1.00000568652181
5.3592391E+01, 0.999821251279573
5.3622229E+01, 0.999669709711935
5.3658034E+01, 0.999632353393624
5.3698054E+01, 0.999781511537907
5.3730071E+01, 0.999999703629915
5.3762087E+01, 1.00037513630638
5.3794103E+01, 1.00064980628349
5.3826120E+01, 1.00089016581691
5.3864539E+01, 1.00104672998295
5.3895623E+01, 1.00102467220058
5.3920490E+01, 1.00092035152541
5.3945358E+01, 1.00053250995283
5.3970225E+01, 1.00034577104928
5.3995092E+01, 1.00015883726683
5.4024933E+01, 0.999980849488428
5.4060742E+01, 0.999882726349601
5.4103712E+01, 0.999953772893047
5.4138089E+01, 1.00044531035269
5.4172465E+01, 1.00071390526272
5.4206842E+01, 1.00104064596464
5.4248094E+01, 1.00132555089531
5.4281095E+01, 1.00135517762957
5.4307496E+01, 1.00125931919222
5.4333897E+01, 1.00051927049662
5.4360299E+01, 1.00032433404626
5.4391980E+01, 1.00010501537396
5.4429998E+01, 0.999955686249706
5.4475619E+01, 1.00001899199052
5.4512116E+01, 1.00022170569586
5.4548613E+01, 1.00101166131661
5.4585110E+01, 1.00121426685491
5.4628906E+01, 1.00132739378066
5.4672261E+01, 1.00120408140839
5.4706944E+01, 1.00098149543035
5.4741628E+01, 1.00076354429324
5.4776312E+01, 1.00056779868032
5.4817932E+01, 1.00048727059409
5.4867877E+01, 1.00070101210068
5.4907832E+01, 1.00098741513940
5.4939797E+01, 1.00092285590748
5.4971761E+01, 1.00105781916168
5.5010119E+01, 1.00112787186455
5.5056147E+01, 1.00102483944484
5.5092970E+01, 1.00081781921905
5.5122429E+01, 1.00062592102042
5.5151887E+01, 1.00074011247969
5.5181346E+01, 1.00061339263580
5.5216696E+01, 1.00055782121622
5.5259116E+01, 1.00065457229785
5.5293052E+01, 1.00081738721873
5.5320201E+01, 1.00097226492385
5.5347350E+01, 1.00098806506908
5.5374499E+01, 1.00116128783454
5.5407078E+01, 1.00133809912707
5.5446172E+01, 1.00143874643201
5.5477448E+01, 1.00139234416290
5.5502468E+01, 1.00127978140869
5.5527489E+01, 1.00103331883033
5.5552509E+01, 1.00084779809050
5.5577530E+01, 1.00065978196075
5.5607554E+01, 1.00047276394024
5.5643583E+01, 1.00034743562711
5.5679613E+01, 1.00034721710932
5.5708436E+01, 1.00042388273802
5.5737260E+01, 1.00074495965124
5.5766084E+01, 1.00091097880761
5.5794907E+01, 1.00109892362362
5.5829495E+01, 1.00130192677192
5.5871001E+01, 1.00143603029498
5.5904206E+01, 1.00140841816579
5.5930770E+01, 1.00101586218201
5.5957334E+01, 1.00087595933222
5.5983897E+01, 1.00072249007815
5.6015774E+01, 1.00056824919049
5.6054026E+01, 1.00047832137594
5.6086513E+01, 1.00050034589259
5.6112502E+01, 1.00056930854855
5.6138492E+01, 1.00085953541748
5.6164481E+01, 1.00095911883709
5.6195669E+01, 1.00109361369497
5.6233093E+01, 1.00124443658040
5.6278003E+01, 1.00133475847937
5.6313931E+01, 1.00128509133822
5.6342674E+01, 1.00101697756792
5.6371416E+01, 1.00088826543667
5.6405907E+01, 1.00074468396879
5.6447296E+01, 1.00065918972254
5.6482923E+01, 1.00069240931570
5.6511425E+01, 1.00076681416031
5.6539927E+01, 1.00118275154386
5.6568429E+01, 1.00127383020010
5.6602632E+01, 1.00136115554840
5.6643675E+01, 1.00137763055449
5.6676509E+01, 1.00129084339052
5.6703160E+01, 1.00116580945836
5.6729811E+01, 1.00097964481956
5.6756461E+01, 1.00082212672460
5.6788442E+01, 1.00065418402011
5.6826819E+01, 1.00053590903325
5.6872872E+01, 1.00054534313285
5.6909713E+01, 1.00064094700159
5.6946555E+01, 1.00079684354361
5.6983397E+01, 1.00094424166069
5.7027608E+01, 1.00107560547384
5.7071818E+01, 1.00103559548080
5.7107186E+01, 1.00085295953187
5.7135481E+01, 1.00065067586734
5.7163775E+01, 1.00044933075292
5.7197729E+01, 1.00026397173613
5.7238473E+01, 1.00020072066738
5.7271069E+01, 1.00027705157313
5.7297145E+01, 1.00038303665555
5.7323221E+01, 1.00050964102175
5.7349298E+01, 1.00070337304223
5.7375374E+01, 1.00084217479129
5.7406665E+01, 1.00098094653051
5.7444215E+01, 1.00105456791268
5.7475085E+01, 1.00100615865547
5.7499781E+01, 1.00090006489421
5.7524478E+01, 1.00075208286789
5.7549174E+01, 1.00059551497181
5.7578809E+01, 1.00037725034231
5.7614371E+01, 1.00014475634386
5.7657046E+01, 0.999988422061423
5.7691186E+01, 0.999979172990740
5.7718498E+01, 1.00002593988022
5.7745810E+01, 1.00022467488288
5.7773122E+01, 1.00033372793175
5.7805896E+01, 1.00047227913022
5.7845225E+01, 1.00058049646508
5.7887169E+01, 1.00054352758890
5.7920724E+01, 1.00037889748792
5.7954279E+01, 0.999971693659230
5.7987834E+01, 0.999708372045236
5.8021390E+01, 0.999501662974640
5.8061656E+01, 0.999417141606387
5.8093869E+01, 0.999483563582694
5.8119639E+01, 0.999592994766161
5.8145409E+01, 0.999941486273806
5.8171180E+01, 1.00009802393498
5.8202104E+01, 1.00028166180531
5.8239214E+01, 1.00042541464736
5.8276323E+01, 1.00041562220783
5.8306010E+01, 1.00029004605886
5.8329760E+01, 0.999873357967105
5.8353510E+01, 0.999706963868157
5.8377260E+01, 0.999544005376618
5.8405760E+01, 0.999386458246310
5.8439960E+01, 0.999286812640343
5.8481000E+01, 0.999316775854623
5.8513832E+01, 0.999436954724321
5.8546664E+01, 0.999883681885325
5.8579496E+01, 1.00005670853932
5.8618894E+01, 1.00021814292237
5.8666172E+01, 1.00022114968850
5.8703995E+01, 1.00003578426090
5.8734252E+01, 0.999689728131087
5.8764510E+01, 0.999474221606226
5.8794768E+01, 0.999315314915126
5.8831078E+01, 0.999263253691726
5.8874649E+01, 0.999400146579025
5.8909506E+01, 0.999592644922029
5.8937392E+01, 0.999791825100835
5.8965278E+01, 0.999946193126108
5.8998741E+01, 1.00009931336077
5.9038896E+01, 1.00016930372830
5.9071432E+01, 1.00009658965327
5.9097460E+01, 0.999966145807112
5.9123489E+01, 0.999799808352264
5.9149517E+01, 0.999726435184744
5.9175546E+01, 0.999559119497225
5.9206780E+01, 0.999403500655395
5.9244261E+01, 0.999330504876251
5.9282476E+01, 0.999391617367500
5.9313048E+01, 0.999509194613472
5.9343621E+01, 0.999671136755910
5.9374193E+01, 0.999848701795180
5.9404765E+01, 1.00001453557420
5.9441451E+01, 1.00013612009704
5.9485475E+01, 1.00010433651613
5.9520695E+01, 0.999928790522381
5.9555914E+01, 0.999498755454234
5.9591133E+01, 0.999222129057972
5.9626352E+01, 0.999019979505123
5.9668615E+01, 0.998974512626497
5.9702425E+01, 0.999082862204212
5.9729474E+01, 0.999424171706368
5.9756522E+01, 0.999584073192881
5.9783570E+01, 0.999752112100456
5.9816028E+01, 0.999921953100937
5.9854978E+01, 1.00002121809315
5.9886261E+01, 0.999979264502588
5.9911289E+01, 0.999871945781987
5.9936316E+01, 0.999471963171502
5.9961343E+01, 0.999293419841834
5.9991375E+01, 0.999074309765998
6.0027414E+01, 0.998869346895168
6.0070661E+01, 0.998777415254282
6.0105259E+01, 0.998828564219373
6.0132937E+01, 0.999118996966761
6.0160615E+01, 0.999231451175044
6.0188292E+01, 0.999338127010062
6.0221506E+01, 0.999409592337611
6.0261362E+01, 0.999383117075661
6.0293247E+01, 0.999268382048760
6.0319490E+01, 0.999130202794092
6.0345733E+01, 0.998683851162855
6.0371976E+01, 0.998540022089986
6.0403468E+01, 0.998398261926495
6.0441258E+01, 0.998319108239145
6.0486605E+01, 0.998380843245603
6.0522884E+01, 0.998522727255225
6.0559162E+01, 0.998791167535541
6.0595440E+01, 0.998964532523947
6.0638974E+01, 0.999097696485894
6.0677638E+01, 0.999073389367788
6.0708569E+01, 0.998963206199607
6.0739501E+01, 0.998753037928354
6.0770432E+01, 0.998591862144106
6.0807550E+01, 0.998442914339308
6.0852091E+01, 0.998417029650295
6.0887724E+01, 0.998525452390843
6.0916230E+01, 0.998646885157528
6.0944737E+01, 0.998894058546001
6.0973243E+01, 0.999005945650329
6.1007451E+01, 0.999097754060758
6.1048500E+01, 0.999093783359760
6.1081339E+01, 0.998983090680606
6.1107610E+01, 0.998843703121504
6.1133882E+01, 0.998720271774539
6.1160153E+01, 0.998555919107582
6.1191679E+01, 0.998386655132259
6.1229510E+01, 0.998279927971185
6.1274907E+01, 0.998322829891287
6.1311225E+01, 0.998453910478298
6.1340279E+01, 0.998567568722906
6.1369333E+01, 0.998702583461968
6.1404198E+01, 0.998846517160994
6.1446036E+01, 0.998923018746879
6.1479506E+01, 0.998863416865789
6.1506282E+01, 0.998744742976077
6.1533059E+01, 0.998528289687342
6.1559835E+01, 0.998357311628805
6.1591966E+01, 0.998168884993839
6.1630524E+01, 0.998035260148945
6.1676794E+01, 0.998060764853224
6.1713809E+01, 0.998201014331701
6.1743422E+01, 0.998460843261503
6.1773034E+01, 0.998626791931208
6.1808569E+01, 0.998820789628350
6.1851211E+01, 0.998970048263665
6.1885324E+01, 0.998970977502457
6.1912615E+01, 0.998897845811730
6.1939906E+01, 0.998649061038211
6.1967197E+01, 0.998516329308062
6.1994488E+01, 0.998394418574308
6.2027237E+01, 0.998305596654405
6.2066535E+01, 0.998312288224461
6.2097974E+01, 0.998400844869068
6.2124099E+01, 0.998510292437110
6.2150223E+01, 0.998757957374019
6.2176348E+01, 0.998876730295782
6.2207697E+01, 0.998978640238019
6.2245317E+01, 0.999001804367316
6.2286938E+01, 0.998887942334653
6.2320235E+01, 0.998727769229557
6.2347633E+01, 0.998480717167754
6.2375031E+01, 0.998367473699380
6.2407908E+01, 0.998284121544029
6.2447361E+01, 0.998299274713832
6.2491040E+01, 0.998453938121911
6.2525983E+01, 0.998625071660434
6.2560926E+01, 0.998742934639805
6.2595869E+01, 0.998896602604207
6.2637800E+01, 0.999016916617130
6.2687229E+01, 0.999005410247817
6.2726772E+01, 0.998877846440195
6.2758407E+01, 0.998807038468607
6.2790041E+01, 0.998660682267792
6.2828003E+01, 0.998533987285272
6.2873557E+01, 0.998525949183884
6.2910000E+01, 0.998634934499159
6.2939154E+01, 0.998801315421553
6.2968308E+01, 0.998968158437992
6.2997463E+01, 0.999143795244348
6.3032448E+01, 0.999316584871617
6.3074430E+01, 0.999401796200539
6.3108016E+01, 0.999342966560807
6.3134885E+01, 0.999090063231546
6.3161754E+01, 0.998955838361458
6.3188622E+01, 0.998830276624329
6.3220865E+01, 0.998737944116792
6.3259556E+01, 0.998746806094190
6.3290509E+01, 0.998844636194733
6.3315271E+01, 0.998961838286089
6.3340033E+01, 0.999203596053344
6.3364795E+01, 0.999357004640773
6.3394510E+01, 0.999542867004174
6.3430167E+01, 0.999723675908970
6.3472957E+01, 0.999812155226724
6.3507188E+01, 0.999745323007060
6.3534573E+01, 0.999447781026314
6.3561958E+01, 0.999290552225547
6.3589343E+01, 0.999139206981998
6.3622205E+01, 0.999017012264735
6.3661639E+01, 0.998998798384592
6.3693187E+01, 0.999085388252043
6.3718425E+01, 0.999199236343330
6.3743663E+01, 0.999550783867875
6.3768901E+01, 0.999708751971088
6.3799186E+01, 0.999907546729402
6.3835529E+01, 1.00011660885880
6.3879141E+01, 1.00025686246652
6.3914030E+01, 1.00023627334567
6.3941941E+01, 0.999912380326790
6.3969852E+01, 0.999777587663347
6.4003346E+01, 0.999600993993357
6.4043538E+01, 0.999446131364231
6.4090976E+01, 0.999420587947616
6.4128927E+01, 0.999522587227240
6.4160266E+01, 0.999925332054188
6.4191606E+01, 1.00012588377275
6.4229212E+01, 1.00039700775773
6.4274341E+01, 1.00062432193845
6.4310443E+01, 1.00063157611209
6.4339326E+01, 1.00009573136939
6.4362431E+01, 0.999984559440972
6.4385537E+01, 0.999868340209139
6.4413264E+01, 0.999751342993582
6.4446536E+01, 0.999675518758165
6.4486463E+01, 0.999703837586761
6.4518404E+01, 0.999812171891009
6.4544829E+01, 1.00033769561929
6.4571253E+01, 1.00047156565152
6.4602963E+01, 1.00062808482237
6.4641015E+01, 1.00075556208767
6.4686676E+01, 1.00075873506743
6.4723206E+01, 1.00063513018492
6.4752429E+01, 1.00038698199832
6.4781653E+01, 1.00024019519142
6.4816721E+01, 1.00010503095096
6.4858803E+01, 1.00007018924840
6.4892469E+01, 1.00015108786682
6.4919401E+01, 1.00025802774607
6.4946334E+01, 1.00036856679204
6.4973266E+01, 1.00051190288225
6.5005585E+01, 1.00068024130552
6.5044368E+01, 1.00082187258469
6.5085175E+01, 1.00083962047696
6.5117820E+01, 1.00074701870145
6.5143936E+01, 1.00052623729518
6.5170052E+01, 1.00039621283927
6.5201392E+01, 1.00025882013180
6.5238999E+01, 1.00018143932454
6.5284128E+01, 1.00025650678071
6.5320231E+01, 1.00042429425302
6.5349113E+01, 1.00069000222504
6.5377996E+01, 1.00088451297034
6.5412654E+01, 1.00111607951233
6.5454245E+01, 1.00130746443101
6.5487518E+01, 1.00132668736793
6.5514136E+01, 1.00125341692999
6.5540754E+01, 1.00090538193712
6.5567372E+01, 1.00074487873893
6.5593990E+01, 1.00058283526869
6.5625931E+01, 1.00043449206508
6.5664261E+01, 1.00036836616575
6.5694925E+01, 1.00041211463797
6.5720673E+01, 1.00050016759110
6.5746421E+01, 1.00086631031439
6.5772169E+01, 1.00101184696140
6.5803066E+01, 1.00120338542834
6.5840143E+01, 1.00140837501921
6.5884636E+01, 1.00153852254892
6.5920230E+01, 1.00150123461025
6.5949205E+01, 1.00112616041265
6.5978180E+01, 1.00097232075299
6.6012951E+01, 1.00078376158481
6.6054675E+01, 1.00064922440083
6.6096400E+01, 1.00068531187933
6.6129780E+01, 1.00082021030627
6.6163159E+01, 1.00121423299027
6.6189863E+01, 1.00140248095207
6.6221908E+01, 1.00164079975866
6.6260361E+01, 1.00186319933459
6.6291124E+01, 1.00193426984789
6.6315734E+01, 1.00192240194065
6.6340344E+01, 1.00153814174370
6.6364954E+01, 1.00145503097675
6.6389564E+01, 1.00136226133603
6.6419097E+01, 1.00126807373367
6.6454535E+01, 1.00120971669511
6.6497062E+01, 1.00123536550477
6.6531083E+01, 1.00131271897231
6.6565104E+01, 1.00170085848912
6.6599125E+01, 1.00180425979866
6.6639950E+01, 1.00190369099908
6.6688941E+01, 1.00191040463260
6.6728133E+01, 1.00179591319317
6.6759487E+01, 1.00167911477044
6.6790841E+01, 1.00153346876972
6.6828465E+01, 1.00140960950336
6.6873615E+01, 1.00140725098816
6.6909734E+01, 1.00151934735706
6.6938630E+01, 1.00167897021812
6.6961747E+01, 1.00180742404244
6.6984863E+01, 1.00194319147606
6.7012603E+01, 1.00209231411171
6.7045891E+01, 1.00221431911962
6.7083177E+01, 1.00223250197379
6.7113006E+01, 1.00214460940588
6.7137748E+01, 1.00184796860824
6.7162490E+01, 1.00169611124259
6.7187233E+01, 1.00153944179365
6.7216923E+01, 1.00138172823142
6.7252552E+01, 1.00127553818413
6.7292410E+01, 1.00128187695080
6.7324296E+01, 1.00136558344108
6.7356182E+01, 1.00171653774083
6.7388069E+01, 1.00188769585994
6.7419955E+01, 1.00206931080349
6.7458218E+01, 1.00223134539914
6.7489812E+01, 1.00226300037828
6.7515087E+01, 1.00221248707897
6.7540362E+01, 1.00185299942902
6.7565637E+01, 1.00171116089433
6.7590912E+01, 1.00154816372575
6.7621242E+01, 1.00135814081480
6.7657639E+01, 1.00118102769716
6.7699384E+01, 1.00107816536116
6.7732780E+01, 1.00107058392615
6.7766176E+01, 1.00137354662154
6.7799573E+01, 1.00147016976273
6.7839648E+01, 1.00162814689939
6.7887739E+01, 1.00176818445117
6.7926211E+01, 1.00172907501407
6.7956989E+01, 1.00132008287745
6.7982337E+01, 1.00116525839922
6.8012755E+01, 1.00097585237967
6.8049256E+01, 1.00080021349674
6.8093057E+01, 1.00070844367201
6.8128098E+01, 1.00072127584752
6.8156131E+01, 1.00102862583538
6.8184164E+01, 1.00111297074185
6.8212197E+01, 1.00122414513648
6.8245837E+01, 1.00135092952229
6.8286204E+01, 1.00143000682385
6.8318498E+01, 1.00139620106749
6.8344333E+01, 1.00103405423831
6.8370168E+01, 1.00091671737040
6.8396003E+01, 1.00078570682161
6.8427005E+01, 1.00063803719414
6.8464208E+01, 1.00050355600705
6.8493970E+01, 1.00044332318821
6.8523732E+01, 1.00042214202262
6.8553494E+01, 1.00080377767155
6.8583256E+01, 1.00083441205912
6.8618971E+01, 1.00088334178630
6.8661828E+01, 1.00090445539021
6.8696114E+01, 1.00084381652480
6.8723542E+01, 1.00074182895518
6.8750971E+01, 1.00065698067511
6.8778400E+01, 1.00051976092186
6.8811314E+01, 1.00037310963772
6.8850812E+01, 1.00026890514666
6.8882499E+01, 1.00025667978411
6.8907848E+01, 1.00028344325109
6.8933198E+01, 1.00045536678498
6.8958548E+01, 1.00052730246108
6.8983897E+01, 1.00061211676980
6.9014317E+01, 1.00071045052441
6.9050821E+01, 1.00078788845815
6.9087324E+01, 1.00077929541850
6.9116527E+01, 1.00069809135616
6.9145730E+01, 1.00051188505693
6.9174933E+01, 1.00035369748636
6.9209976E+01, 1.00016727731225
6.9252028E+01, 1.00001584592207
6.9285670E+01, 0.999980368124750
6.9312583E+01, 0.999995514331911
6.9339496E+01, 1.00026754312494
6.9366410E+01, 1.00033859054858
6.9398706E+01, 1.00045095207198
6.9437461E+01, 1.00058316598807
6.9483967E+01, 1.00065119968702
6.9521172E+01, 1.00056878970631
6.9552390E+01, 1.00016954055376
6.9583607E+01, 0.999978090728161
6.9621068E+01, 0.999760603652392
6.9666021E+01, 0.999608637872056
6.9701984E+01, 0.999599137856113
6.9730754E+01, 0.999857796461230
6.9759524E+01, 0.999930411874923
6.9788294E+01, 1.00002915970646
6.9822818E+01, 1.00014914768352
6.9864247E+01, 1.00023338106713
6.9897390E+01, 1.00020133576305
6.9923905E+01, 1.00010801968705
6.9950419E+01, 0.999763596178713
6.9976933E+01, 0.999608862360539
7.0008751E+01, 0.999424847043292
7.0046932E+01, 0.999262781572399
7.0085113E+01, 0.999204112963813
7.0115657E+01, 0.999228934217192
7.0146202E+01, 0.999485955611342
7.0176747E+01, 0.999615689853471
7.0213400E+01, 0.999798250822973
7.0257385E+01, 0.999940583620438
7.0292572E+01, 0.999911008245634
7.0320722E+01, 0.999795204810227
7.0348872E+01, 0.999183917868846
7.0377022E+01, 0.999002172634645
7.0410802E+01, 0.998801553820303
7.0451338E+01, 0.998659910013789
7.0483767E+01, 0.998655371845215
7.0510478E+01, 0.998708486139617
7.0537190E+01, 0.999051033279826
7.0563901E+01, 0.999154970982322
7.0595955E+01, 0.999283295073768
7.0634419E+01, 0.999393665072186
7.0671707E+01, 0.999411195345565
7.0701537E+01, 0.999358220703744
7.0731367E+01, 0.999113010465159
7.0761197E+01, 0.999006912222981
7.0791027E+01, 0.998912809695972
7.0826823E+01, 0.998854778913870
7.0869778E+01, 0.998882837595346
7.0904142E+01, 0.998963059576860
7.0938506E+01, 0.999164415308592
7.0972870E+01, 0.999286500506930
7.1014107E+01, 0.999424692212810
7.1063591E+01, 0.999484320456025
7.1103179E+01, 0.999383181803087
7.1134849E+01, 0.999158340340965
7.1160185E+01, 0.999014185749774
7.1190588E+01, 0.998860587227422
7.1227072E+01, 0.998747736373564
7.1270853E+01, 0.998733265708329
7.1305877E+01, 0.998790439207253
7.1333897E+01, 0.998950583438158
7.1361916E+01, 0.999045828379014
7.1389936E+01, 0.999151342223742
7.1423559E+01, 0.999256784695956
7.1463908E+01, 0.999298911939144
7.1496186E+01, 0.999231228416808
7.1522009E+01, 0.999117374609804
7.1547832E+01, 0.998810158794560
7.1573655E+01, 0.998652163998357
7.1604642E+01, 0.998473765722475
7.1641827E+01, 0.998326860883194
7.1684533E+01, 0.998286540116165
7.1718697E+01, 0.998350396989029
7.1747192E+01, 0.998662105423378
7.1775688E+01, 0.998806329767383
7.1809882E+01, 0.998998621548791
7.1850915E+01, 0.999177038232618
7.1883742E+01, 0.999202664835033
7.1910003E+01, 0.999131716704801
7.1936264E+01, 0.998718725180434
7.1962526E+01, 0.998543921865187
7.1988787E+01, 0.998351663736853
7.2020301E+01, 0.998141073207541
7.2058117E+01, 0.997967132471801
7.2088370E+01, 0.997913470802611
7.2113719E+01, 0.997921982153421
7.2139067E+01, 0.998277708428084
7.2164416E+01, 0.998283374778844
7.2189765E+01, 0.998245886372543
7.2220183E+01, 0.998151072470806
7.2256686E+01, 0.997985232196119
7.2285888E+01, 0.997832904014186
7.2315089E+01, 0.997678762834965
7.2344291E+01, 0.997560094790928
7.2373493E+01, 0.997438336936015
7.2408535E+01, 0.997331319085193
7.2450586E+01, 0.997278397739251
7.2488119E+01, 0.997294960269619
7.2518145E+01, 0.997331340511049
7.2548172E+01, 0.997340794805994
7.2578198E+01, 0.997393213043956
7.2614230E+01, 0.997449433008908
7.2657468E+01, 0.997477987213361
7.2692059E+01, 0.997446450965888
7.2719731E+01, 0.997379433650749
7.2747403E+01, 0.997423378934336
7.2775076E+01, 0.997310657567167
7.2808283E+01, 0.997179557645520
7.2848131E+01, 0.997077822496432
7.2881503E+01, 0.997070825031658
7.2908201E+01, 0.997113338083327
7.2934898E+01, 0.997360713036396
7.2961596E+01, 0.997456346742080
7.2993633E+01, 0.997585813261744
7.3032077E+01, 0.997724392391221
7.3078211E+01, 0.997802163139687
7.3115118E+01, 0.997750352712569
7.3152024E+01, 0.997577073510754
7.3188931E+01, 0.997388227300500
7.3233219E+01, 0.997193368456183
7.3277507E+01, 0.997152814020473
7.3312938E+01, 0.997235345091560
7.3341282E+01, 0.997425816556071
7.3369627E+01, 0.997547197625250
7.3403640E+01, 0.997699382359172
7.3444456E+01, 0.997838403034965
7.3477109E+01, 0.997868886427439
7.3503231E+01, 0.997834501063179
7.3529353E+01, 0.997541528399309
7.3555475E+01, 0.997450868585640
7.3581597E+01, 0.997363128018412
7.3612944E+01, 0.997297180060613
7.3650560E+01, 0.997308877281249
7.3680653E+01, 0.997396830750077
7.3704727E+01, 0.997506521460139
7.3728801E+01, 0.997811413122623
7.3752875E+01, 0.997961696828856
7.3781764E+01, 0.998159482088347
7.3816431E+01, 0.998395815505702
7.3858031E+01, 0.998629784508507
7.3891312E+01, 0.998732436797895
7.3917936E+01, 0.998749223575909
7.3944560E+01, 0.998503789900897
7.3971184E+01, 0.998443837184828
7.4003133E+01, 0.998357320690762
7.4041472E+01, 0.998288483152517
7.4084723E+01, 0.998314377855636
7.4119324E+01, 0.998426582409430
7.4153925E+01, 0.998791780231276
7.4188526E+01, 0.998995739805219
7.4230047E+01, 0.999211058443102
7.4279872E+01, 0.999321138915426
7.4319732E+01, 0.999267532994385
7.4351621E+01, 0.998808963629299
7.4377777E+01, 0.998746339015696
7.4409166E+01, 0.998707454567769
7.4446831E+01, 0.998740563459905
7.4476964E+01, 0.998826590790932
7.4501070E+01, 0.998917760737140
7.4525176E+01, 0.999136284949136
7.4549282E+01, 0.999242697900363
7.4573388E+01, 0.999346864726176
7.4602316E+01, 0.999457849441636
7.4637028E+01, 0.999556973397358
7.4668766E+01, 0.999601055719970
7.4694156E+01, 0.999598820006676
7.4719546E+01, 0.999565492986312
7.4744936E+01, 0.999511855522217
7.4770326E+01, 0.999438620786613
7.4800795E+01, 0.999344480814320
7.4837356E+01, 0.999255233653193
7.4878721E+01, 0.999218664932464
7.4911813E+01, 0.999247624388664
7.4944905E+01, 0.999417495177013
7.4977997E+01, 0.999524912590112
7.5017707E+01, 0.999668595268754
7.5065359E+01, 0.999775856125323
7.5103481E+01, 0.999734723021051
7.5133979E+01, 0.999434803726271
7.5158874E+01, 0.999319609455594
7.5183769E+01, 0.999215650417482
7.5213644E+01, 0.999136122460879
7.5249493E+01, 0.999127429531666
7.5278172E+01, 0.999186666918358
7.5301116E+01, 0.999263609534318
7.5324059E+01, 0.999485331001037
7.5347003E+01, 0.999592391779356
7.5374535E+01, 0.999730713856821
7.5407574E+01, 0.999888453978496
7.5447220E+01, 1.00002719179907
7.5478937E+01, 1.00006342486786
7.5504311E+01, 1.00003961173213
7.5529684E+01, 0.999876838344273
7.5555058E+01, 0.999798928905758
7.5585506E+01, 0.999705257062940
7.5622045E+01, 0.999640650388065
7.5665890E+01, 0.999679261493364
7.5700967E+01, 0.999796376939812
7.5729028E+01, 1.00010410385600
7.5757089E+01, 1.00024637933482
7.5785151E+01, 1.00040022623946
7.5818824E+01, 1.00057584732768
7.5859232E+01, 1.00073388646785
7.5891559E+01, 1.00078434188290
7.5917420E+01, 1.00077048043989
7.5943281E+01, 1.00051569552124
7.5974315E+01, 1.00041940049634
7.6011555E+01, 1.00028937368143
7.6056243E+01, 1.00019139455299
7.6091994E+01, 1.00020145701688
7.6120594E+01, 1.00026041705347
7.6149195E+01, 1.00061119216008
7.6177795E+01, 1.00074139771540
7.6212116E+01, 1.00093263054298
7.6253300E+01, 1.00114817286619
7.6286248E+01, 1.00124816888106
7.6312606E+01, 1.00126888388925
7.6338965E+01, 1.00096734248806
7.6365323E+01, 1.00091641176183
7.6396953E+01, 1.00083424229850
7.6434908E+01, 1.00074370954589
7.6480455E+01, 1.00069399747941
7.6516893E+01, 1.00071642130651
7.6546629E+01, 1.00107742782529
7.6576365E+01, 1.00114477344727
7.6612049E+01, 1.00123138498337
7.6654869E+01, 1.00129574325647
7.6689125E+01, 1.00127721628297
7.6716530E+01, 1.00121477254303
7.6743935E+01, 1.00113322820388
7.6771340E+01, 1.00103307274381
7.6804226E+01, 1.00092347472055
7.6843689E+01, 1.00085131826227
7.6880798E+01, 1.00086735030475
7.6910486E+01, 1.00093243851393
7.6940174E+01, 1.00108881252856
7.6969862E+01, 1.00121657041200
7.7005487E+01, 1.00138367151512
7.7048238E+01, 1.00154132972797
7.7082438E+01, 1.00157577236885
7.7109798E+01, 1.00153550507071
7.7137159E+01, 1.00126356388725
7.7164519E+01, 1.00115728412240
7.7197351E+01, 1.00103240518782
7.7236750E+01, 1.00094834697403
7.7284029E+01, 1.00099134497723
7.7321852E+01, 1.00112156517129
7.7352110E+01, 1.00148993593507
7.7382368E+01, 1.00166616003858
7.7418678E+01, 1.00188849282707
7.7462250E+01, 1.00208407896716
7.7497108E+01, 1.00211036005673
7.7524994E+01, 1.00204159049620
7.7552880E+01, 1.00175159371572
7.7580766E+01, 1.00160105719651
7.7614229E+01, 1.00142705480790
7.7654385E+01, 1.00130397010546
7.7686510E+01, 1.00130581976770
7.7712209E+01, 1.00136207191724
7.7737909E+01, 1.00168092009647
7.7763609E+01, 1.00180494475213
7.7789309E+01, 1.00194753775731
7.7820148E+01, 1.00211468211927
7.7857156E+01, 1.00226287501547
7.7889085E+01, 1.00230119895708
7.7914628E+01, 1.00226396870665
7.7940171E+01, 1.00188055591961
7.7965714E+01, 1.00176482280652
7.7996365E+01, 1.00161270730413
7.8033147E+01, 1.00147089731205
7.8077285E+01, 1.00143441477948
7.8112596E+01, 1.00153295775256
7.8140844E+01, 1.00188905084617
7.8169093E+01, 1.00211311620599
7.8197341E+01, 1.00238976549023
7.8231239E+01, 1.00272016498471
7.8271917E+01, 1.00303231940899
7.8304459E+01, 1.00317614564430
7.8330493E+01, 1.00285813310716
7.8356527E+01, 1.00287602867669
7.8387767E+01, 1.00287081614493
7.8425256E+01, 1.00286427171692
7.8470242E+01, 1.00289457767507
7.8506231E+01, 1.00295003176928
7.8535930E+01, 1.00327337736266
7.8565629E+01, 1.00331716578213
7.8601268E+01, 1.00335418068067
7.8644035E+01, 1.00335344310337
7.8678248E+01, 1.00330567400824
7.8705618E+01, 1.00324349397394
7.8732989E+01, 1.00301777362071
7.8760359E+01, 1.00294197749114
7.8793204E+01, 1.00286135440066
7.8832618E+01, 1.00280267147366
7.8873359E+01, 1.00280161592966
7.8905952E+01, 1.00284426588826
7.8938544E+01, 1.00296314610495
7.8971137E+01, 1.00305646943893
7.9010249E+01, 1.00315837750851
7.9057183E+01, 1.00318601316157
7.9094730E+01, 1.00307764321504
7.9124767E+01, 1.00291780667989
7.9154805E+01, 1.00277378696413
7.9190850E+01, 1.00254180887657
7.9234104E+01, 1.00232245793826
7.9277358E+01, 1.00223961760490
7.9311962E+01, 1.00226897658420
7.9340609E+01, 1.00250389654083
7.9369256E+01, 1.00260842239115
7.9403633E+01, 1.00273329494803
7.9444885E+01, 1.00279667023339
7.9477886E+01, 1.00271616663665
7.9504287E+01, 1.00256741385515
7.9530689E+01, 1.00214294046916
7.9557090E+01, 1.00191256245764
7.9588772E+01, 1.00163060433382
7.9626789E+01, 1.00134972169603
7.9672411E+01, 1.00115353465598
7.9708908E+01, 1.00110384502807
7.9738106E+01, 1.00139027619581
7.9767303E+01, 1.00144357115087
7.9802341E+01, 1.00152981961892
7.9844385E+01, 1.00158222687259
7.9878021E+01, 1.00151038922512
7.9904930E+01, 1.00137104545768
7.9931838E+01, 1.00100229398943
7.9958747E+01, 1.00079025552540
7.9985655E+01, 1.00058510497693
8.0017946E+01, 1.00038999786721
8.0056694E+01, 1.00026030623513
8.0087693E+01, 1.00023690623078
8.0112492E+01, 1.00025732323657
8.0137291E+01, 1.00054484759210
8.0162090E+01, 1.00058442866224
8.0191848E+01, 1.00061911070517
8.0227559E+01, 1.00061389735111
8.0270412E+01, 1.00049373695651
8.0304694E+01, 1.00029068717324
8.0332119E+01, 1.00009845030771
8.0359545E+01, 0.999880820007683
8.0392456E+01, 0.999650209912445
8.0431949E+01, 0.999481021319218
8.0479340E+01, 0.999470138622474
8.0517254E+01, 0.999567313689229
8.0549804E+01, 0.999811203175578
8.0582354E+01, 0.999910165409305
8.0621415E+01, 0.999983111992732
8.0668288E+01, 0.999930467658838
8.0705786E+01, 0.999767969351008
8.0735784E+01, 0.999636291820106
8.0765783E+01, 0.999486910283306
8.0801781E+01, 0.999374715082384
8.0844979E+01, 0.999393411536415
8.0879537E+01, 0.999516018009582
8.0907183E+01, 0.999648577400522
8.0934830E+01, 0.999812832552967
8.0962477E+01, 0.999972933272299
8.0995653E+01, 1.00014693650265
8.1035464E+01, 1.00026295406304
8.1067313E+01, 1.00023444382750
8.1092792E+01, 1.00013678098232
8.1118271E+01, 0.999997871841584
8.1143750E+01, 0.999763020401015
8.1169229E+01, 0.999606122315325
8.1199804E+01, 0.999448394429374
8.1236494E+01, 0.999350065101290
8.1276534E+01, 0.999375611437323
8.1308565E+01, 0.999479018832657
8.1340597E+01, 0.999823160622862
8.1372629E+01, 1.00001520023305
8.1404661E+01, 1.00019834057288
8.1443099E+01, 1.00032672071452
8.1474822E+01, 1.00030223792778
8.1500201E+01, 1.00019735758391
8.1525580E+01, 0.999739137458028
8.1550959E+01, 0.999549135990313
8.1576338E+01, 0.999352530370962
8.1606793E+01, 0.999148362410084
8.1643339E+01, 0.998987554962973
8.1681674E+01, 0.998937933078232
8.1712342E+01, 0.998975020251101
8.1743010E+01, 0.999306176196393
8.1773678E+01, 0.999427331041723
8.1810480E+01, 0.999580105383284
8.1854642E+01, 0.999679398666904
8.1889972E+01, 0.999616454918209
8.1918236E+01, 0.999472826314546
8.1946500E+01, 0.999088842362522
8.1974763E+01, 0.998877578115400
8.2008680E+01, 0.998646819709324
8.2049380E+01, 0.998477501096022
8.2082641E+01, 0.998453588076413
8.2109250E+01, 0.998489630685034
8.2135860E+01, 0.998789974925281
8.2162469E+01, 0.998841502763502
8.2189078E+01, 0.998850334768330
8.2221009E+01, 0.998783247509717
8.2259326E+01, 0.998591311527393
8.2289980E+01, 0.998372559545467
8.2315343E+01, 0.998174674061739
8.2340707E+01, 0.997988448355794
8.2366070E+01, 0.997816603827173
8.2396507E+01, 0.997652933017705
8.2433030E+01, 0.997548225345283
8.2476858E+01, 0.997560838312361
8.2511921E+01, 0.997643898957812
8.2546984E+01, 0.997742143237253
8.2582046E+01, 0.997852494289110
8.2624121E+01, 0.997938908510329
8.2674611E+01, 0.997896759054583
8.2715003E+01, 0.997735492535193
8.2747317E+01, 0.997631568181582
8.2779631E+01, 0.997458626286500
8.2818407E+01, 0.997312719578056
8.2864939E+01, 0.997306346519497
8.2902164E+01, 0.997431835282565
8.2931944E+01, 0.997736714194805
8.2961724E+01, 0.997897841399619
8.2991505E+01, 0.998045184324222
8.3027241E+01, 0.998149051766684
8.3070125E+01, 0.998109026146440
8.3104432E+01, 0.997935939345606
8.3131877E+01, 0.997717402653117
8.3159322E+01, 0.997501969183905
8.3186768E+01, 0.997308270553488
8.3219703E+01, 0.997153131725899
8.3259224E+01, 0.997106916161445
8.3290841E+01, 0.997165890585953
8.3316135E+01, 0.997248358967631
8.3341429E+01, 0.997390910796048
8.3366723E+01, 0.997499989975645
8.3397075E+01, 0.997618883929793
8.3433498E+01, 0.997698566587893
8.3477206E+01, 0.997651127061967
8.3512172E+01, 0.997491616064588
8.3540145E+01, 0.997184837428348
8.3568118E+01, 0.996998231058469
8.3596090E+01, 0.996837001093562
8.3629658E+01, 0.996719423840787
8.3669939E+01, 0.996710650960540
8.3702164E+01, 0.996794332882882
8.3727943E+01, 0.997104702316945
8.3753723E+01, 0.997230385195654
8.3779503E+01, 0.997364963257098
8.3810439E+01, 0.997512018506893
8.3847562E+01, 0.997631355506843
8.3892109E+01, 0.997641218443392
8.3927747E+01, 0.997522391030934
8.3963385E+01, 0.997129406127323
8.3999023E+01, 0.996882648766769
8.4034661E+01, 0.996669877472366
8.4077427E+01, 0.996554303777486
8.4111639E+01, 0.996597450451570
8.4139009E+01, 0.996973501379568
8.4166379E+01, 0.997065482057306
8.4193749E+01, 0.997133597536334
8.4226593E+01, 0.997172844203934
8.4266006E+01, 0.997153663675699
8.4297536E+01, 0.997091154068421
8.4322760E+01, 0.997023146771136
8.4347985E+01, 0.996897735202294
8.4373209E+01, 0.996828792296283
8.4403478E+01, 0.996765725120621
8.4439801E+01, 0.996740651938642
8.4476379E+01, 0.996779441186112
8.4505642E+01, 0.996843789555806
8.4534904E+01, 0.997086494045814
8.4564167E+01, 0.997164444053471
8.4599282E+01, 0.997237344379861
8.4641421E+01, 0.997259856646215
8.4675859E+01, 0.997208564387594
8.4703410E+01, 0.997128007887437
8.4730960E+01, 0.996978380263581
8.4758511E+01, 0.996866273874402
8.4791572E+01, 0.996743983812564
8.4831245E+01, 0.996658041964715
8.4877900E+01, 0.996679187477122
8.4915224E+01, 0.996783085524132
8.4952548E+01, 0.996963717962833
8.4989872E+01, 0.997138407485330
8.5034660E+01, 0.997332181042051
8.5079449E+01, 0.997430390362102
8.5115280E+01, 0.997413464082159
8.5143945E+01, 0.997204793929767
8.5172610E+01, 0.997144834712445
8.5207008E+01, 0.997104229946896
8.5248285E+01, 0.997153408045711
8.5281307E+01, 0.997282274043846
8.5307725E+01, 0.997424834553662
8.5334142E+01, 0.997638873568171
8.5360560E+01, 0.997816047244941
8.5392261E+01, 0.998026620661476
8.5430302E+01, 0.998236986529964
8.5475951E+01, 0.998377374277403
8.5512471E+01, 0.998387229325992
8.5541687E+01, 0.998257991086667
8.5570902E+01, 0.998222888082969
8.5600118E+01, 0.998217150069994
8.5635177E+01, 0.998282136437166
8.5677247E+01, 0.998469898801091
8.5710904E+01, 0.998683684024911
8.5737829E+01, 0.998840171444603
8.5764754E+01, 0.999040548991048
8.5797064E+01, 0.999270033282075
8.5835836E+01, 0.999482564051050
8.5882363E+01, 0.999588373825510
8.5919584E+01, 0.999541678648687
8.5949361E+01, 0.999355666931478
8.5979138E+01, 0.999257726994101
8.6014871E+01, 0.999176992756120
8.6057750E+01, 0.999201843128616
8.6092053E+01, 0.999341462587768
8.6119496E+01, 0.999518334256660
8.6146938E+01, 0.999870211301043
8.6174381E+01, 1.00010754516634
8.6207312E+01, 1.00038800808229
8.6246829E+01, 1.00065447286276
8.6278443E+01, 1.00075747859927
8.6303734E+01, 1.00076096948244
8.6329025E+01, 1.00026974211060
8.6354316E+01, 1.00017410267900
8.6379607E+01, 1.00005812114885
8.6409956E+01, 0.999928297581936
8.6446375E+01, 0.999832304988887
8.6479626E+01, 0.999837818697760
8.6506226E+01, 0.999908310078446
8.6532826E+01, 1.00045853609145
8.6559426E+01, 1.00059814179712
8.6591347E+01, 1.00077199085591
8.6629651E+01, 1.00093131975410
8.6675616E+01, 1.00097835249959
8.6712389E+01, 1.00087938864566
8.6741806E+01, 1.00056673733287
8.6771224E+01, 1.00040524994414
8.6806526E+01, 1.00022615139609
8.6848887E+01, 1.00010198692988
8.6882776E+01, 1.00010508166094
8.6909888E+01, 1.00016142542922
8.6936999E+01, 1.00037498442557
8.6964111E+01, 1.00048315513158
8.6996644E+01, 1.00061278084010
8.7035685E+01, 1.00071620074384
8.7082533E+01, 1.00070266443111
8.7120012E+01, 1.00057084981010
8.7149995E+01, 1.00034131852105
8.7179978E+01, 1.00019902055386
8.7215958E+01, 1.00008662783098
8.7259134E+01, 1.00010345835268
8.7293674E+01, 1.00024343010916
8.7321307E+01, 1.00040640933480
8.7348939E+01, 1.00063607197320
8.7376571E+01, 1.00082942732001
8.7409730E+01, 1.00103536648145
8.7449521E+01, 1.00118290620971
8.7489311E+01, 1.00117599030076
8.7521144E+01, 1.00107042195850
8.7552976E+01, 1.00081920943574
8.7584809E+01, 1.00066466938509
8.7616642E+01, 1.00056662327317
8.7654841E+01, 1.00058768967208
8.7693040E+01, 1.00076724297778
8.7723599E+01, 1.00098977478997
8.7754158E+01, 1.00132941234485
8.7784717E+01, 1.00160506991988
8.7815276E+01, 1.00185574010066
8.7851947E+01, 1.00206707998347
8.7895953E+01, 1.00214727565439
8.7931157E+01, 1.00208111775912
8.7959320E+01, 1.00180495513821
8.7987484E+01, 1.00169391121763
8.8021280E+01, 1.00158804760256
8.8061835E+01, 1.00156660825514
8.8095135E+01, 1.00166290810970
8.8121775E+01, 1.00180284416589
8.8148415E+01, 1.00215148094194
8.8175055E+01, 1.00233920030551
8.8207023E+01, 1.00254431794339
8.8245385E+01, 1.00271114356163
8.8287878E+01, 1.00275880660619
8.8321873E+01, 1.00270716782210
8.8349068E+01, 1.00246281855377
8.8376264E+01, 1.00239652384236
8.8408898E+01, 1.00234687069609
8.8448060E+01, 1.00237389270122
8.8487221E+01, 1.00251028406625
8.8518550E+01, 1.00267169521030
8.8549880E+01, 1.00295418414253
8.8581209E+01, 1.00311831670132
8.8618804E+01, 1.00326261655071
8.8663918E+01, 1.00330018914684
8.8700009E+01, 1.00321431235268
8.8728882E+01, 1.00296927137981
8.8757755E+01, 1.00284376741576
8.8786628E+01, 1.00273845544626
8.8821276E+01, 1.00267847758946
8.8862853E+01, 1.00273024091136
8.8896115E+01, 1.00286316594000
8.8922724E+01, 1.00300623336057
8.8949333E+01, 1.00313582819541
8.8975943E+01, 1.00330156924389
8.9007874E+01, 1.00348159583407
8.9046191E+01, 1.00362478725935
8.9090217E+01, 1.00365044889103
8.9125437E+01, 1.00356922442460
8.9160658E+01, 1.00328971883540
8.9195878E+01, 1.00314935966443
8.9231098E+01, 1.00305796931714
8.9273363E+01, 1.00307580777944
8.9307174E+01, 1.00319535070102
8.9334224E+01, 1.00351636388809
8.9361273E+01, 1.00368463479342
8.9388322E+01, 1.00385567692974
8.9420781E+01, 1.00402816820874
8.9459732E+01, 1.00414294128470
8.9498683E+01, 1.00412492903506
8.9529844E+01, 1.00402493945710
8.9561004E+01, 1.00372764751627
8.9592165E+01, 1.00356259561960
8.9623326E+01, 1.00341724870210
8.9660719E+01, 1.00331488816323
8.9698112E+01, 1.00330944318773
8.9728026E+01, 1.00336584867907
8.9757940E+01, 1.00361668916571
8.9787855E+01, 1.00373380138897
8.9817769E+01, 1.00384447669754
8.9853666E+01, 1.00392468564949
8.9896743E+01, 1.00389938593973
8.9931204E+01, 1.00377121285459
8.9958773E+01, 1.00346565698797
8.9986342E+01, 1.00329516393145
9.0013911E+01, 1.00313328009980
9.0046994E+01, 1.00298335184665
9.0086693E+01, 1.00289433488969
9.0118453E+01, 1.00289964751571
9.0144383E+01, 1.00317562859959
9.0170313E+01, 1.00322534700459
9.0201430E+01, 1.00327558305432
9.0238769E+01, 1.00329531913819
9.0283577E+01, 1.00323331500910
9.0319423E+01, 1.00311824934803
9.0348752E+01, 1.00299694553999
9.0378082E+01, 1.00288194308354
9.0413277E+01, 1.00276783564775
9.0455512E+01, 1.00269801819793
9.0489299E+01, 1.00269961356399
9.0523087E+01, 1.00273068826946
9.0556874E+01, 1.00285030454471
9.0590662E+01, 1.00288530396668
9.0631207E+01, 1.00289794374114
9.0679861E+01, 1.00284262516760
9.0718784E+01, 1.00275656594868
9.0749923E+01, 1.00276839833694
9.0781061E+01, 1.00272896896476
9.0818428E+01, 1.00272420852096
9.0863267E+01, 1.00278246510459
9.0899139E+01, 1.00285295501759
9.0927836E+01, 1.00290239804192
9.0956534E+01, 1.00290664539364
9.0990971E+01, 1.00292074657469
9.1032295E+01, 1.00286945235913
9.1081884E+01, 1.00266956586799
9.1121555E+01, 1.00240647286904
9.1153292E+01, 1.00242259339364
9.1185029E+01, 1.00220510753056
9.1223113E+01, 1.00200038982778
9.1268815E+01, 1.00186928650959
9.1305376E+01, 1.00184275166053
9.1334624E+01, 1.00192282226898
9.1363873E+01, 1.00195373001350
9.1393122E+01, 1.00197576434008
9.1428221E+01, 1.00194256891427
9.1470339E+01, 1.00175718037617
9.1504033E+01, 1.00146996981144
9.1530989E+01, 1.00095217362318
9.1557945E+01, 1.00062505303483
9.1584901E+01, 1.00030754587217
9.1617247E+01, 0.999991192730990
9.1656064E+01, 0.999743409899299
9.1687117E+01, 0.999665541305836
9.1711959E+01, 0.999670403426539
9.1736801E+01, 1.00009409294288
9.1761644E+01, 1.00017741860610
9.1791454E+01, 1.00029137467035
9.1827227E+01, 1.00039259742784
9.1870155E+01, 1.00038839987332
9.1904497E+01, 1.00024962946378
9.1931971E+01, 0.999776191579900
9.1959444E+01, 0.999572824671809
9.1986918E+01, 0.999378350077187
9.2019887E+01, 0.999200249932898
9.2059449E+01, 0.999100815953956
9.2091098E+01, 0.999116131680406
9.2116636E+01, 0.999172387423201
9.2142173E+01, 0.999451783392219
9.2167711E+01, 0.999555077888814
9.2198355E+01, 0.999670270703867
9.2235129E+01, 0.999746726429054
9.2279258E+01, 0.999716345339291
9.2314561E+01, 0.999603531677622
9.2342803E+01, 0.999177201374761
9.2371046E+01, 0.999053566729652
9.2404936E+01, 0.998925528225014
9.2445605E+01, 0.998847248309001
9.2482306E+01, 0.998868028106162
9.2511666E+01, 0.998930214749989
9.2541026E+01, 0.998990115460454
9.2570386E+01, 0.999075587434291
9.2605618E+01, 0.999159714581299
9.2647897E+01, 0.999193136497302
9.2681720E+01, 0.999149288063238
9.2708778E+01, 0.999079691820962
9.2735837E+01, 0.998940302874524
9.2762895E+01, 0.998853533349833
9.2795365E+01, 0.998766502453587
9.2834329E+01, 0.998716426431469
9.2881086E+01, 0.998748527461763
9.2918491E+01, 0.998823413328896
9.2949398E+01, 0.998906166862243
9.2980305E+01, 0.998969452053293
9.3017392E+01, 0.999016344440888
9.3061898E+01, 0.998989113636163
9.3097502E+01, 0.998880518165477
9.3125986E+01, 0.998749687623835
9.3154469E+01, 0.998610450846075
9.3182953E+01, 0.998457843255446
9.3217133E+01, 0.998294216871494
9.3258149E+01, 0.998162390987305
9.3290962E+01, 0.998122632215455
9.3317703E+01, 0.998128133884818
9.3344443E+01, 0.998321643449669
9.3371183E+01, 0.998370394796249
9.3403271E+01, 0.998431622141499
9.3441777E+01, 0.998469336179073
9.3487984E+01, 0.998405785276935
9.3524950E+01, 0.998243759379207
9.3554522E+01, 0.997937141562505
9.3584095E+01, 0.997739844121059
9.3613667E+01, 0.997554669764734
9.3649154E+01, 0.997381208867637
9.3691739E+01, 0.997265677758193
9.3725806E+01, 0.997244777960044
9.3753714E+01, 0.997480516752139
9.3781622E+01, 0.997515429363760
9.3815111E+01, 0.997557208744229
9.3855298E+01, 0.997559901020255
9.3899804E+01, 0.997446568740540
9.3935408E+01, 0.997254132677337
9.3964906E+01, 0.996991384219279
9.3994404E+01, 0.996779651156909
9.4029802E+01, 0.996548809918473
9.4072279E+01, 0.996357046843111
9.4106261E+01, 0.996287478882150
9.4133447E+01, 0.996474928345156
9.4160632E+01, 0.996441479287510
9.4193255E+01, 0.996369901158953
9.4232402E+01, 0.996234935250660
9.4278360E+01, 0.996018500767455
9.4315127E+01, 0.995828101516618
9.4351894E+01, 0.995776544627977
9.4388661E+01, 0.995634482262474
9.4432782E+01, 0.995532936741823
9.4476902E+01, 0.995515186295967
9.4512199E+01, 0.995525447616364
9.4541799E+01, 0.995549665242879
9.4571399E+01, 0.995529800671862
9.4606920E+01, 0.995480545951340
9.4649544E+01, 0.995381708775912
9.4683643E+01, 0.995279810290408
9.4710923E+01, 0.995192332722203
9.4738203E+01, 0.995236850186995
9.4765482E+01, 0.995154345694859
9.4798218E+01, 0.995070138507041
9.4837500E+01, 0.995002926876650
9.4875683E+01, 0.994976234085137
9.4906228E+01, 0.994974185190534
9.4936774E+01, 0.995046627822973
9.4967320E+01, 0.995059464946051
9.5003975E+01, 0.995071849053338
9.5047961E+01, 0.995063390703180
9.5083150E+01, 0.995023557828587
9.5111301E+01, 0.994969694995567
9.5139452E+01, 0.994917747168907
9.5167603E+01, 0.994852075390698
9.5201384E+01, 0.994788993087884
9.5241921E+01, 0.994761959775554
9.5282912E+01, 0.994803154115061
9.5315704E+01, 0.994876951389668
9.5348497E+01, 0.994981380293359
9.5381289E+01, 0.995087742309899
9.5414082E+01, 0.995186631440838
9.5453432E+01, 0.995269395590181
9.5484913E+01, 0.995292624426501
9.5510348E+01, 0.995285187818219
9.5535783E+01, 0.995183795876882
9.5561219E+01, 0.995154410840792
9.5591741E+01, 0.995125447193205
9.5628367E+01, 0.995125856810948
9.5672319E+01, 0.995204295916184
9.5707481E+01, 0.995332220694072
9.5735610E+01, 0.995473752489109
9.5763739E+01, 0.995619558089050
9.5791869E+01, 0.995767374938830
9.5825624E+01, 0.995929413688471
9.5866130E+01, 0.996080688504431
9.5898535E+01, 0.996155540457608
9.5924460E+01, 0.996189828941142
9.5950385E+01, 0.996038949229599
9.5981495E+01, 0.996056976157599
9.6018828E+01, 0.996095010195644
9.6063626E+01, 0.996212459795306
9.6099465E+01, 0.996386742238021
9.6128137E+01, 0.996567437269189
9.6156808E+01, 0.996760675856992
9.6185479E+01, 0.996943371293565
9.6219884E+01, 0.997122961999322
9.6261171E+01, 0.997267147227697
9.6294200E+01, 0.997329716648115
9.6320624E+01, 0.997360036571670
9.6347047E+01, 0.997272970608838
9.6373470E+01, 0.997296506981057
9.6405178E+01, 0.997337119416299
9.6443228E+01, 0.997420344912829
9.6488888E+01, 0.997572858225873
9.6525415E+01, 0.997712009274935
9.6554637E+01, 0.997770570368145
9.6583860E+01, 0.997847576961015
9.6618926E+01, 0.997902124537842
9.6661006E+01, 0.997899578022302
9.6694670E+01, 0.997845905088092
9.6721601E+01, 0.997780434066524
9.6748532E+01, 0.997672482950806
9.6775463E+01, 0.997593711756767
9.6807781E+01, 0.997510797002151
9.6846561E+01, 0.997452883406584
9.6893098E+01, 0.997466684572405
9.6930328E+01, 0.997543946913538
9.6960112E+01, 0.997662691748598
9.6989895E+01, 0.997775239340963
9.7025636E+01, 0.997923348446307
9.7068524E+01, 0.998092828181601
9.7102835E+01, 0.998200466147921
9.7130284E+01, 0.998049723827791
9.7157732E+01, 0.998105699160518
9.7185181E+01, 0.998160967563097
9.7218119E+01, 0.998237840017811
9.7257645E+01, 0.998357038246583
9.7290356E+01, 0.998482058562233
9.7316525E+01, 0.998596403370776
9.7342694E+01, 0.998757510928831
9.7368863E+01, 0.998888527017170
9.7400266E+01, 0.999050367552495
9.7437949E+01, 0.999241431329846
9.7483169E+01, 0.999448478897432
9.7519345E+01, 0.999581866549724
9.7548285E+01, 0.999670669530149
9.7577226E+01, 0.999745153965538
9.7611955E+01, 0.999830694388376
9.7653629E+01, 0.999941645725600
9.7695304E+01, 1.00006739062407
9.7728644E+01, 1.00017168882668
9.7761983E+01, 1.00022268918982
9.7795323E+01, 1.00031373063813
9.7828663E+01, 1.00038780293896
9.7868670E+01, 1.00044404210712
9.7900676E+01, 1.00045819628465
9.7926281E+01, 1.00039881486244
9.7951886E+01, 1.00038305553023
9.7977491E+01, 1.00036681190030
9.8008217E+01, 1.00035719263060
9.8045088E+01, 1.00037255285235
9.8089333E+01, 1.00044193951220
9.8124729E+01, 1.00053924612431
9.8153046E+01, 1.00073647033286
9.8181363E+01, 1.00085821011144
9.8215343E+01, 1.00103567079875
9.8256120E+01, 1.00127852259041
9.8296896E+01, 1.00151378712627
9.8329517E+01, 1.00166109035474
9.8355957E+01, 1.00161779065301
9.8382396E+01, 1.00167066516686
9.8414124E+01, 1.00170186643533
9.8452196E+01, 1.00170382038349
9.8497778E+01, 1.00167951699811
9.8534243E+01, 1.00166381774169
9.8570709E+01, 1.00190342266684
9.8607174E+01, 1.00191639715163
9.8650933E+01, 1.00194667874296
9.8694691E+01, 1.00197317357800
9.8729698E+01, 1.00196554860601
9.8757703E+01, 1.00186586218208
9.8785708E+01, 1.00181775928394
9.8819315E+01, 1.00174949835622
9.8859643E+01, 1.00166945037950
9.8891905E+01, 1.00162378094758
9.8917715E+01, 1.00160610055001
9.8943524E+01, 1.00175411489501
9.8969334E+01, 1.00177373593916
9.8995144E+01, 1.00181284321209
9.9026115E+01, 1.00188379677219
9.9063282E+01, 1.00199483660156
9.9100448E+01, 1.00211578561722
9.9130180E+01, 1.00207455174390
9.9154438E+01, 1.00213895119097
9.9178695E+01, 1.00219530626933
9.9207803E+01, 1.00225061920273
9.9242734E+01, 1.00229970225369
9.9284650E+01, 1.00233891721137
9.9318183E+01, 1.00236778040743
9.9345175E+01, 1.00250306806081
9.9372167E+01, 1.00255009554835
9.9399158E+01, 1.00261913130077
9.9431549E+01, 1.00273662017175
9.9470417E+01, 1.00292184053342
9.9507803E+01, 1.00312223148154
9.9537713E+01, 1.00316909965565
9.9567622E+01, 1.00330812670292
9.9597531E+01, 1.00342779643935
9.9633423E+01, 1.00353992531513
9.9676492E+01, 1.00363607552325
9.9710948E+01, 1.00370132615697
9.9738906E+01, 1.00366906298134
9.9766864E+01, 1.00373983182835
9.9794822E+01, 1.00382692341413
9.9828372E+01, 1.00395669102211
9.9868631E+01, 1.00414184202518
9.9908336E+01, 1.00433320424563
9.9940100E+01, 1.00432836973980
9.9971864E+01, 1.00444967183908
1.0000363E+02, 1.00455168803270
1.0004174E+02, 1.00464740638248
1.0008748E+02, 1.00473526545321
1.0012408E+02, 1.00480559941204
1.0015335E+02, 1.00485741092192
1.0018262E+02, 1.00492809574116
1.0021775E+02, 1.00502172919660
1.0025991E+02, 1.00516015719377
1.0029441E+02, 1.00529515974675
1.0032223E+02, 1.00541032273586
1.0035005E+02, 1.00542494914825
1.0037786E+02, 1.00553110252020
1.0041125E+02, 1.00563964950271
1.0045131E+02, 1.00572883755541
1.0049123E+02, 1.00576964810913
1.0052316E+02, 1.00578144554722
1.0055510E+02, 1.00572221768969
1.0058703E+02, 1.00574209060763
1.0062535E+02, 1.00579544725413
1.0067134E+02, 1.00592337758387
1.0070813E+02, 1.00607036286115
1.0073756E+02, 1.00614084324780
1.0076699E+02, 1.00626802999580
1.0079642E+02, 1.00638035670653
1.0083174E+02, 1.00647833805754
1.0087412E+02, 1.00653322361343
1.0090803E+02, 1.00653801445827
1.0093515E+02, 1.00651006928604
1.0096228E+02, 1.00650227965256
1.0098940E+02, 1.00649818675001
1.0102195E+02, 1.00650367190674
1.0106101E+02, 1.00652467709200
1.0109225E+02, 1.00654661756652
1.0112350E+02, 1.00656458292686
1.0115475E+02, 1.00655189845150
1.0118600E+02, 1.00654099630205
1.0122349E+02, 1.00649036979472
1.0126849E+02, 1.00635447520823
1.0130448E+02, 1.00618477294945
1.0133328E+02, 1.00610350994655
1.0136208E+02, 1.00594223291473
1.0139087E+02, 1.00579472152554
1.0142543E+02, 1.00565274281259
1.0146690E+02, 1.00553859217515
1.0150007E+02, 1.00547910205098
1.0152693E+02, 1.00551924793507
1.0155378E+02, 1.00547092087241
1.0158064E+02, 1.00540681683229
1.0161286E+02, 1.00529255469964
1.0165153E+02, 1.00508866413051
1.0169794E+02, 1.00475290135805
1.0173506E+02, 1.00445348211321
1.0177219E+02, 1.00439147435808
1.0180931E+02, 1.00416205619760
1.0185386E+02, 1.00397308658159
1.0189841E+02, 1.00387157826948
1.0193405E+02, 1.00379445424965
1.0196256E+02, 1.00369733043596
1.0199107E+02, 1.00358096828483
1.0202529E+02, 1.00340224974209
1.0206634E+02, 1.00312158950053
1.0209919E+02, 1.00285122364108
1.0212546E+02, 1.00262165772077
1.0215174E+02, 1.00259827886029
1.0217802E+02, 1.00238905785914
1.0220955E+02, 1.00217561869984
1.0224738E+02, 1.00199011877733
1.0229279E+02, 1.00186789071438
1.0232911E+02, 1.00181667280456
1.0235817E+02, 1.00182333197752
1.0238723E+02, 1.00177271374243
1.0242210E+02, 1.00168268057596
1.0246395E+02, 1.00151138141017
1.0249742E+02, 1.00132650571737
1.0252421E+02, 1.00116680354291
1.0255099E+02, 1.00108632699713
1.0257777E+02, 1.00095154334245
1.0260990E+02, 1.00083303270660
1.0264847E+02, 1.00078227190619
1.0268818E+02, 1.00084304452222
1.0271996E+02, 1.00095347657612
1.0274596E+02, 1.00111438878650
1.0277196E+02, 1.00122898354787
1.0280315E+02, 1.00135263558464
1.0284059E+02, 1.00144350295783
1.0288552E+02, 1.00142999346393
1.0292146E+02, 1.00132001173710
1.0295021E+02, 1.00119056478807
1.0297897E+02, 1.00105449718566
1.0301347E+02, 1.00090356173567
1.0305487E+02, 1.00078098968412
1.0309628E+02, 1.00073537290096
1.0312940E+02, 1.00073151370016
1.0316253E+02, 1.00094524449730
1.0319565E+02, 1.00093637575758
1.0322877E+02, 1.00089452029305
1.0326852E+02, 1.00077149628926
1.0330032E+02, 1.00061140635602
1.0332576E+02, 1.00041036415972
1.0335120E+02, 1.00024817900263
1.0337664E+02, 1.00009322749265
1.0340716E+02, 0.999934682008486
1.0344379E+02, 0.999797607562384
1.0348775E+02, 0.999706940649330
1.0352292E+02, 0.999662215845290
1.0355105E+02, 0.999546897107733
1.0357918E+02, 0.999491789155454
1.0360732E+02, 0.999416130426844
1.0364108E+02, 0.999287314553855
1.0368159E+02, 0.999078778207466
1.0371400E+02, 0.998888730471493
1.0374641E+02, 0.998816798655016
1.0377882E+02, 0.998657354572493
1.0381123E+02, 0.998555047369066
1.0385012E+02, 0.998537796718210
1.0389679E+02, 0.998660829619704
1.0393412E+02, 0.998812682931888
1.0396399E+02, 0.998801508648231
1.0399386E+02, 0.998878572833111
1.0402970E+02, 0.998908937405860
1.0407271E+02, 0.998817705756322
1.0410712E+02, 0.998640063468771
1.0413465E+02, 0.998374143763175
1.0416218E+02, 0.998151426220344
1.0419521E+02, 0.997878010647131
1.0423485E+02, 0.997613895683725
1.0428241E+02, 0.997457763325208
1.0432047E+02, 0.997446391794010
1.0435852E+02, 0.997563810374107
1.0439657E+02, 0.997563670679549
1.0444224E+02, 0.997472400352160
1.0447877E+02, 0.997288187924824
1.0450799E+02, 0.997100638949182
1.0453722E+02, 0.996810375929656
1.0456644E+02, 0.996644965289312
1.0460151E+02, 0.996506295081345
1.0464360E+02, 0.996467866940657
1.0467726E+02, 0.996536111304989
1.0470420E+02, 0.996623358976356
1.0473113E+02, 0.996722252451854
1.0475806E+02, 0.996811152318378
1.0479038E+02, 0.996889133082126
1.0482917E+02, 0.996905728384628
1.0487571E+02, 0.996792449365012
1.0491294E+02, 0.996618586597915
1.0495018E+02, 0.996495225869765
1.0498741E+02, 0.996306925112586
1.0503209E+02, 0.996164859948191
1.0507677E+02, 0.996181302067338
1.0511251E+02, 0.996279782362374
1.0514111E+02, 0.996395202616475
1.0516970E+02, 0.996454027751147
1.0519830E+02, 0.996463054986860
1.0523261E+02, 0.996377217234213
1.0527379E+02, 0.996124719401482
1.0530673E+02, 0.995833572741121
1.0533308E+02, 0.995648890414012
1.0535944E+02, 0.995400977578042
1.0538579E+02, 0.995186212267398
1.0541741E+02, 0.995006271275256
1.0545536E+02, 0.994922905637082
1.0548780E+02, 0.994952233096634
1.0551376E+02, 0.995007023588745
1.0553972E+02, 0.995119610363759
1.0556567E+02, 0.995162504238587
1.0559163E+02, 0.995169484118718
1.0562277E+02, 0.995103674386257
1.0566015E+02, 0.994902685718090
1.0569752E+02, 0.994580747655653
1.0572743E+02, 0.994274421242101
1.0575733E+02, 0.994161182623862
1.0578723E+02, 0.993861810495209
1.0581713E+02, 0.993616982613504
1.0585301E+02, 0.993435682790486
1.0589606E+02, 0.993386905294318
1.0593051E+02, 0.993435863112223
1.0595816E+02, 0.993638867392902
1.0598581E+02, 0.993682536054462
1.0601899E+02, 0.993700930247922
1.0605880E+02, 0.993630020815385
1.0610658E+02, 0.993384246978169
1.0614480E+02, 0.992996157466945
1.0617538E+02, 0.992818313111815
1.0621207E+02, 0.992731987603349
1.0625610E+02, 0.992824716644555
1.0629133E+02, 0.992999915538369
1.0631951E+02, 0.993133895313468
1.0634769E+02, 0.992990104151436
1.0637587E+02, 0.993033790341882
1.0640968E+02, 0.992999713364694
1.0645026E+02, 0.992820458923289
1.0648273E+02, 0.992597044119162
1.0650870E+02, 0.992405843903710
1.0653467E+02, 0.992572471086159
1.0656064E+02, 0.992417217529430
1.0659180E+02, 0.992287626573602
1.0662920E+02, 0.992245080794047
1.0667408E+02, 0.992350742984915
1.0670998E+02, 0.992490077502341
1.0674588E+02, 0.992475804381240
1.0678179E+02, 0.992527396715513
1.0682487E+02, 0.992457951668609
1.0687657E+02, 0.992150714406636
1.0691793E+02, 0.991814761152287
1.0695101E+02, 0.991850496914066
1.0698410E+02, 0.991718741586777
1.0702381E+02, 0.991739883473062
1.0707145E+02, 0.992071774188999
1.0710957E+02, 0.992502095688797
1.0714006E+02, 0.992509133144119
1.0717056E+02, 0.992830345655879
1.0720105E+02, 0.993085415949829
1.0723764E+02, 0.993268945708032
1.0727551E+02, 0.993324526985201
1.0730581E+02, 0.993313659965895
1.0733028E+02, 0.993279979908090
1.0735475E+02, 0.993287974333709
1.0737921E+02, 0.993336679208724
1.0740857E+02, 0.993476629169896
1.0744381E+02, 0.993779766566487
1.0748409E+02, 0.994293900683633
1.0751632E+02, 0.994777542949463
1.0754854E+02, 0.995083663284103
1.0758077E+02, 0.995546422479261
1.0761300E+02, 0.995932865407419
1.0765167E+02, 0.996245936794700
1.0769034E+02, 0.996393119626768
1.0772128E+02, 0.996436031845420
1.0774709E+02, 0.996260509229401
1.0777291E+02, 0.996292908516292
1.0779873E+02, 0.996359437914327
1.0782971E+02, 0.996514607554397
1.0786688E+02, 0.996825520526159
1.0789662E+02, 0.997158795610161
1.0792207E+02, 0.997474131544108
1.0794753E+02, 0.997536276139085
1.0797298E+02, 0.997848847346542
1.0800352E+02, 0.998187288796741
1.0804017E+02, 0.998497271845552
1.0808415E+02, 0.998702065363620
1.0811934E+02, 0.998758564210059
1.0814748E+02, 0.998629048666846
1.0817563E+02, 0.998647180164213
1.0820941E+02, 0.998705597282970
1.0824994E+02, 0.998896543231382
1.0829015E+02, 0.999245823542934
1.0832232E+02, 0.999592060558319
1.0835449E+02, 0.999759277806757
1.0838666E+02, 1.00004497379973
1.0842526E+02, 1.00024954070343
1.0847158E+02, 1.00020935131304
1.0850864E+02, 0.999982050572764
1.0853829E+02, 0.999733142521599
1.0856793E+02, 0.999524730777330
1.0860351E+02, 0.999356914291939
1.0864620E+02, 0.999358558958790
1.0868035E+02, 0.999513543708946
1.0870767E+02, 0.999669270931841
1.0873499E+02, 0.999748251666865
1.0876232E+02, 0.999843958188073
1.0879510E+02, 0.999863875781903
1.0883445E+02, 0.999701586762695
1.0887927E+02, 0.999289668041112
1.0891512E+02, 0.998898513496760
1.0894381E+02, 0.998974163036481
1.0897249E+02, 0.998791676725140
1.0900692E+02, 0.998714506834389
1.0904822E+02, 0.998873025040501
1.0908127E+02, 0.999167879950262
1.0910771E+02, 0.999449056367952
1.0913414E+02, 0.999342363849804
1.0916058E+02, 0.999602498209785
1.0919230E+02, 0.999843898628484
1.0923037E+02, 0.999968648900445
1.0927605E+02, 0.999859019657817
1.0931260E+02, 0.999639594988041
1.0934183E+02, 0.999621812426515
1.0937107E+02, 0.999487731971747
1.0940031E+02, 0.999444600890567
1.0943539E+02, 0.999562625417945
1.0947749E+02, 0.999950662909693
1.0951117E+02, 1.00039113729745
1.0954485E+02, 1.00085021692096
1.0957853E+02, 1.00129967623431
1.0961221E+02, 1.00164798196270
1.0965263E+02, 1.00184645213880
1.0968496E+02, 1.00182485368778
1.0971083E+02, 1.00173256963479
1.0973670E+02, 1.00146885876049
1.0976256E+02, 1.00133569861010
1.0978843E+02, 1.00123286587513
1.0981947E+02, 1.00119739979875
1.0985672E+02, 1.00131863462967
1.0989397E+02, 1.00161333350151
1.0992377E+02, 1.00192085947092
1.0995356E+02, 1.00222595279462
1.0998336E+02, 1.00252875377083
1.1001912E+02, 1.00281166545581
1.1006203E+02, 1.00294971400943
1.1009636E+02, 1.00288749435094
1.1012382E+02, 1.00277502697535
1.1015128E+02, 1.00261805379795
1.1017874E+02, 1.00257423937643
1.1021170E+02, 1.00267080006417
1.1025124E+02, 1.00303432343134
1.1029079E+02, 1.00362060099987
1.1032243E+02, 1.00414151174259
1.1035406E+02, 1.00421574246610
1.1038570E+02, 1.00461246800776
1.1042366E+02, 1.00489886280011
1.1046922E+02, 1.00489153618262
1.1050566E+02, 1.00466684746212
1.1053482E+02, 1.00460177393813
1.1056398E+02, 1.00440768860470
1.1059313E+02, 1.00430208315570
1.1062812E+02, 1.00436106662882
1.1067010E+02, 1.00470935606782
1.1070369E+02, 1.00512860247722
1.1073056E+02, 1.00543474249686
1.1075743E+02, 1.00575404734008
1.1078430E+02, 1.00600304062147
1.1081655E+02, 1.00615835026647
1.1085524E+02, 1.00611478346636
1.1088727E+02, 1.00591916073034
1.1091290E+02, 1.00571423824132
1.1093852E+02, 1.00552174171705
1.1096415E+02, 1.00532772581957
1.1099489E+02, 1.00516449458559
1.1103179E+02, 1.00513800789950
1.1107607E+02, 1.00538608429620
1.1111150E+02, 1.00575061569793
1.1113984E+02, 1.00597326452426
1.1116817E+02, 1.00628687857646
1.1119651E+02, 1.00654146836531
1.1123052E+02, 1.00671012992018
1.1127133E+02, 1.00668436159843
1.1130397E+02, 1.00651412903463
1.1133009E+02, 1.00617380239539
1.1135621E+02, 1.00598744480150
1.1138233E+02, 1.00583628830666
1.1141367E+02, 1.00575328438188
1.1145127E+02, 1.00583705264710
1.1149640E+02, 1.00619946492762
1.1153251E+02, 1.00661263487272
1.1156222E+02, 1.00685863790683
1.1159193E+02, 1.00716282144644
1.1162759E+02, 1.00742794305481
1.1167037E+02, 1.00752821060087
1.1170686E+02, 1.00743210294733
1.1173605E+02, 1.00714689876558
1.1176524E+02, 1.00700807752367
1.1179443E+02, 1.00692258457265
1.1182946E+02, 1.00695753131227
1.1187149E+02, 1.00723582054552
1.1190633E+02, 1.00763106380072
1.1193420E+02, 1.00800845302458
1.1196208E+02, 1.00836928491426
1.1198995E+02, 1.00867913777386
1.1202340E+02, 1.00891767205926
1.1206353E+02, 1.00896078597086
1.1210375E+02, 1.00874540477949
1.1213592E+02, 1.00820280486419
1.1216810E+02, 1.00788596150655
1.1220671E+02, 1.00758359788641
1.1225304E+02, 1.00750687258881
1.1229010E+02, 1.00771485261255
1.1231975E+02, 1.00796727595193
1.1234940E+02, 1.00826308709853
1.1238499E+02, 1.00849549518506
1.1242769E+02, 1.00857745869256
1.1247892E+02, 1.00827492508400
1.1251991E+02, 1.00783227007057
1.1256090E+02, 1.00747411096073
1.1261009E+02, 1.00724575492062
1.1266912E+02, 1.00755331411608
1.1271634E+02, 1.00826650185874
1.1275412E+02, 1.00844822285308
1.1279722E+02, 1.00890231869140
1.1284894E+02, 1.00889483484943
1.1289032E+02, 1.00836753611696
1.1292342E+02, 1.00781068372582
1.1294990E+02, 1.00793051298514
1.1297638E+02, 1.00762714380598
1.1300286E+02, 1.00744449291723
1.1303464E+02, 1.00741267179597
1.1306642E+02, 1.00756064164701
1.1309184E+02, 1.00775274627232
1.1311218E+02, 1.00791163579895
1.1313252E+02, 1.00785361371511
1.1315286E+02, 1.00796733566420
1.1317319E+02, 1.00802734809016
1.1319760E+02, 1.00800130247130
1.1322689E+02, 1.00780766151978
1.1326203E+02, 1.00733940558321
1.1329014E+02, 1.00681883049194
1.1331264E+02, 1.00635556053528
1.1333513E+02, 1.00625664154809
1.1335762E+02, 1.00578770077182
1.1338011E+02, 1.00535606959385
1.1340710E+02, 1.00492593710938
1.1343949E+02, 1.00456386342140
1.1347836E+02, 1.00435035235717
1.1350945E+02, 1.00429419369517
1.1353432E+02, 1.00435485206108
1.1355920E+02, 1.00431571185303
1.1358407E+02, 1.00423274989080
1.1360895E+02, 1.00407098341016
1.1363880E+02, 1.00375550569156
1.1367462E+02, 1.00320478592233
1.1370327E+02, 1.00266336333113
1.1372712E+02, 1.00238343491098
1.1375097E+02, 1.00189650405931
1.1377482E+02, 1.00144122268214
1.1380344E+02, 1.00098489371162
1.1383778E+02, 1.00061463293005
1.1387899E+02, 1.00045338248403
1.1391196E+02, 1.00049889172042
1.1393834E+02, 1.00104126014393
1.1396471E+02, 1.00112960897618
1.1399109E+02, 1.00118917472899
1.1402274E+02, 1.00117101408619
1.1406072E+02, 1.00097407777402
1.1410630E+02, 1.00046711782287
1.1414276E+02, 0.999728705279220
1.1417193E+02, 0.999262352753158
1.1420693E+02, 0.998777922874480
1.1424894E+02, 0.998450757640875
1.1428321E+02, 0.998470578787442
1.1431063E+02, 0.998633709288403
1.1433805E+02, 0.999278035208762
1.1436547E+02, 0.999535394570796
1.1439837E+02, 0.999796976299653
1.1443786E+02, 0.999918845911826
1.1448524E+02, 0.999694879911827
1.1452314E+02, 0.999290927134246
1.1456105E+02, 0.998597387451685
1.1460653E+02, 0.998219563826080
1.1466112E+02, 0.998289995458381
1.1470478E+02, 0.998970553533584
1.1473972E+02, 0.999645570308507
1.1476884E+02, 1.00020923673294
1.1480378E+02, 1.00064635194535
1.1484571E+02, 1.00067367809920
1.1487926E+02, 1.00031832494430
1.1490610E+02, 0.999906944968543
1.1493294E+02, 0.999340776074891
1.1495977E+02, 0.998921914265374
1.1499198E+02, 0.998543359646735
1.1503062E+02, 0.998399832731954
1.1507292E+02, 0.998662861086287
1.1510676E+02, 0.999056801935443
1.1513383E+02, 0.999520943568260
1.1516089E+02, 0.999776545167306
1.1519338E+02, 0.999946645814234
1.1523236E+02, 0.999852901582170
1.1527913E+02, 0.999301316106858
1.1531655E+02, 0.998665245939076
1.1534649E+02, 0.998474431123327
1.1537643E+02, 0.998078141028598
1.1541235E+02, 0.997778602509064
1.1545546E+02, 0.997742157486932
1.1548994E+02, 0.997897914518850
1.1551753E+02, 0.998034993970214
1.1554512E+02, 0.997704456709456
1.1557271E+02, 0.997741128659958
1.1560030E+02, 0.997680807704067
1.1563341E+02, 0.997447191656675
1.1567314E+02, 0.996947266837759
1.1570492E+02, 0.996443427919507
1.1573035E+02, 0.996363582723091
1.1575577E+02, 0.995976378081687
1.1578120E+02, 0.995654172080701
1.1581171E+02, 0.995399076909905
1.1584832E+02, 0.995310504881972
1.1589226E+02, 0.995487875048765
1.1592741E+02, 0.995741635590010
1.1595647E+02, 0.995783077222977
1.1598553E+02, 0.995928898655537
1.1602040E+02, 0.995980468712385
1.1606225E+02, 0.995767439221179
1.1609717E+02, 0.995337630292615
1.1612511E+02, 0.994878862874390
1.1615304E+02, 0.994492749805126
1.1618098E+02, 0.994007521749830
1.1621451E+02, 0.993533991885521
1.1625474E+02, 0.993226773963541
1.1629497E+02, 0.993231763146698
1.1632715E+02, 0.993376756930382
1.1635934E+02, 0.993637532722998
1.1639152E+02, 0.993768372172557
1.1643014E+02, 0.993764249016658
1.1647649E+02, 0.993388954481807
1.1651357E+02, 0.992823462683379
1.1654323E+02, 0.992221403972436
1.1657289E+02, 0.991736130382719
1.1660255E+02, 0.991360223625370
1.1663814E+02, 0.991142095393244
1.1668086E+02, 0.991233646536487
1.1671503E+02, 0.991488328484653
1.1674236E+02, 0.991827146565423
1.1676970E+02, 0.992012396999245
1.1680250E+02, 0.992131345659736
1.1684187E+02, 0.992029649083189
1.1688910E+02, 0.991529646487865
1.1692689E+02, 0.990949378790133
1.1695712E+02, 0.990798117905165
1.1698735E+02, 0.990426085091778
1.1702363E+02, 0.990162270230657
1.1706716E+02, 0.990206652638943
1.1710199E+02, 0.990487053191572
1.1712985E+02, 0.990703640949098
1.1715771E+02, 0.990985129834418
1.1718557E+02, 0.991200631505324
1.1721901E+02, 0.991296130240081
1.1725913E+02, 0.991129716354078
1.1729176E+02, 0.990792784896656
1.1731787E+02, 0.990458728539278
1.1734397E+02, 0.990167530006085
1.1737008E+02, 0.989847050529881
1.1740141E+02, 0.989563186857336
1.1743900E+02, 0.989466199968880
1.1748412E+02, 0.989749554958117
1.1752021E+02, 0.990196507828674
1.1754908E+02, 0.990559272786169
1.1757795E+02, 0.990893406046603
1.1760682E+02, 0.991124230073045
1.1764147E+02, 0.991194396015453
1.1768304E+02, 0.990960017302584
1.1771630E+02, 0.990578365501618
1.1774291E+02, 0.990217428401266
1.1776952E+02, 0.989849177406184
1.1779613E+02, 0.989533491758768
1.1782806E+02, 0.989296636936405
1.1786638E+02, 0.989273223401989
1.1790303E+02, 0.989509311521169
1.1793235E+02, 0.990153365221121
1.1795713E+02, 0.990438554233615
1.1798191E+02, 0.990707867675464
1.1801165E+02, 0.990960303312358
1.1804733E+02, 0.991113064487687
1.1809015E+02, 0.991047425436499
1.1812441E+02, 0.990834550742285
1.1815259E+02, 0.990288887837762
1.1818078E+02, 0.990096852465410
1.1820896E+02, 0.989994181773932
1.1824279E+02, 0.990057751844605
1.1828337E+02, 0.990427810123909
1.1831584E+02, 0.990896340812376
1.1834240E+02, 0.991396627785459
1.1836896E+02, 0.991802342694898
1.1840083E+02, 0.992206183541606
1.1843908E+02, 0.992469813686496
1.1848497E+02, 0.992409227937362
1.1852169E+02, 0.992134493860765
1.1855841E+02, 0.991773503911250
1.1859512E+02, 0.991464559748883
1.1863918E+02, 0.991311065975139
1.1869205E+02, 0.991667877407552
1.1873435E+02, 0.992299454941517
1.1876821E+02, 0.992417311852909
1.1880207E+02, 0.992792114241771
1.1884271E+02, 0.992954519761172
1.1888335E+02, 0.992711380088197
1.1891586E+02, 0.992305226904636
1.1894212E+02, 0.992091665217834
1.1896838E+02, 0.991756710566102
1.1899989E+02, 0.991490818595056
1.1903770E+02, 0.991524020493109
1.1908307E+02, 0.992177322905466
1.1911937E+02, 0.993077450123268
1.1914841E+02, 0.993515666427173
1.1917745E+02, 0.994280839915606
1.1920649E+02, 0.994919528773418
1.1924134E+02, 0.995405646863701
1.1928316E+02, 0.995556491126562
1.1931661E+02, 0.995447085991832
1.1934387E+02, 0.995068181319649
1.1937112E+02, 0.994976874681451
1.1940383E+02, 0.995008045861093
1.1944307E+02, 0.995400120075155
1.1949017E+02, 0.996437580968962
1.1952784E+02, 0.997539316805791
1.1955798E+02, 0.998092525243041
1.1958812E+02, 0.998835205853617
1.1962429E+02, 0.999473803741031
1.1966770E+02, 0.999754198546505
1.1970242E+02, 0.999659954285496
1.1973020E+02, 0.999249622409988
1.1975797E+02, 0.999063542358592
1.1978575E+02, 0.998932651794773
1.1981908E+02, 0.998949135414693
1.1985908E+02, 0.999290989797938
1.1989108E+02, 0.999796427717295
1.1991668E+02, 1.00026824088723
1.1994228E+02, 1.00055904673849
1.1996788E+02, 1.00100243132904
1.1999860E+02, 1.00143243974184
1.2003547E+02, 1.00170710950584
1.2007971E+02, 1.00163924941968
1.2011510E+02, 1.00135006505788
1.2014341E+02, 1.00109910913877
1.2017172E+02, 1.00087849814464
1.2020003E+02, 1.00078296518496
1.2023400E+02, 1.00090001601866
1.2027477E+02, 1.00136758934140
1.2030739E+02, 1.00189633712685
1.2033348E+02, 1.00233674604741
1.2035957E+02, 1.00271960444259
1.2039088E+02, 1.00305956530390
1.2042845E+02, 1.00319299290418
1.2047354E+02, 1.00290852793107
1.2050961E+02, 1.00242665220257
1.2053885E+02, 1.00216179104484
1.2056810E+02, 1.00175946773000
1.2060319E+02, 1.00141192973373
1.2064530E+02, 1.00132922404033
1.2067899E+02, 1.00152810329514
1.2070594E+02, 1.00176586731642
1.2073289E+02, 1.00196192099127
1.2075985E+02, 1.00216972339176
1.2079219E+02, 1.00230740412487
1.2083100E+02, 1.00221367940545
1.2087757E+02, 1.00170865999359
1.2091483E+02, 1.00114221991126
1.2094464E+02, 1.00111896162655
1.2097445E+02, 1.00084317105408
1.2101023E+02, 1.00075451821734
1.2105315E+02, 1.00108555205025
1.2108750E+02, 1.00162808953105
1.2111497E+02, 1.00212452910454
1.2114245E+02, 1.00202309943160
1.2116992E+02, 1.00246548259006
1.2120289E+02, 1.00285615244325
1.2124245E+02, 1.00302298322678
1.2128481E+02, 1.00283290291549
1.2131869E+02, 1.00253377287333
1.2135258E+02, 1.00254523567314
1.2138646E+02, 1.00235431635848
1.2142035E+02, 1.00238798733373
1.2146101E+02, 1.00283600034949
1.2149354E+02, 1.00347310415250
1.2151956E+02, 1.00406640457730
1.2154559E+02, 1.00446825089987
1.2157161E+02, 1.00504618545334
1.2160284E+02, 1.00563237146286
1.2164031E+02, 1.00607146699840
1.2168528E+02, 1.00616456812215
1.2172125E+02, 1.00599029657287
1.2175003E+02, 1.00562548834342
1.2177881E+02, 1.00547363736070
1.2180759E+02, 1.00542822429383
1.2184213E+02, 1.00560432448103
1.2188357E+02, 1.00617465483222
1.2191673E+02, 1.00683974649528
1.2194325E+02, 1.00729510968596
1.2196977E+02, 1.00786567552997
1.2199630E+02, 1.00836999083030
1.2202813E+02, 1.00881218186173
1.2206632E+02, 1.00905543205157
1.2210416E+02, 1.00900589059421
1.2213444E+02, 1.00837448451231
1.2216472E+02, 1.00825360101727
1.2220105E+02, 1.00827636287964
1.2224465E+02, 1.00868207008465
1.2228008E+02, 1.00932128139755
1.2230842E+02, 1.00992914336999
1.2233677E+02, 1.01025638114633
1.2236511E+02, 1.01079855872893
1.2239912E+02, 1.01128338608412
1.2243994E+02, 1.01152326194004
1.2247698E+02, 1.01144027691702
1.2250661E+02, 1.01128719520738
1.2253623E+02, 1.01105091081109
1.2257179E+02, 1.01097290252715
1.2261446E+02, 1.01113884279728
1.2266565E+02, 1.01187362381813
1.2270661E+02, 1.01275727328809
1.2273938E+02, 1.01299891210077
1.2277215E+02, 1.01353983620813
1.2281147E+02, 1.01388987223320
1.2285865E+02, 1.01376567919054
1.2289640E+02, 1.01334802798259
1.2292660E+02, 1.01299227127660
1.2295680E+02, 1.01316607280131
1.2299304E+02, 1.01295604568513
1.2303652E+02, 1.01298267854177
1.2308001E+02, 1.01335589048281
1.2311480E+02, 1.01378106189581
1.2314337E+02, 1.01363963435161
1.2317195E+02, 1.01388319121976
1.2320624E+02, 1.01400756309193
1.2324738E+02, 1.01382694502778
1.2328030E+02, 1.01343434115591
1.2330664E+02, 1.01303282553724
1.2333297E+02, 1.01276964270845
1.2335931E+02, 1.01235564286755
1.2339091E+02, 1.01194326478309
1.2342883E+02, 1.01167138497487
1.2347434E+02, 1.01172364354608
1.2351074E+02, 1.01198812962998
1.2353987E+02, 1.01217407374523
1.2356899E+02, 1.01239466053594
1.2359812E+02, 1.01251719400497
1.2363307E+02, 1.01245495372279
1.2367501E+02, 1.01205961070186
1.2370856E+02, 1.01156939644187
1.2373540E+02, 1.01132601474585
1.2376224E+02, 1.01093761316918
1.2379445E+02, 1.01057343281253
1.2383310E+02, 1.01038824563729
1.2387948E+02, 1.01057284229035
1.2391659E+02, 1.01093252032502
1.2394627E+02, 1.01117326182553
1.2397595E+02, 1.01140888368061
1.2400564E+02, 1.01150752793121
1.2404126E+02, 1.01135893009134
1.2408400E+02, 1.01078011509004
1.2411820E+02, 1.01009148791184
1.2414556E+02, 1.00972159671083
1.2417291E+02, 1.00909237202705
1.2420574E+02, 1.00839686717342
1.2424514E+02, 1.00781530598686
1.2428359E+02, 1.00760562415683
1.2431435E+02, 1.00764814437083
1.2434511E+02, 1.00829588465880
1.2437587E+02, 1.00845024403651
1.2441278E+02, 1.00853255630553
1.2445707E+02, 1.00827593778944
1.2449251E+02, 1.00772615451491
1.2452086E+02, 1.00714946047826
1.2454920E+02, 1.00633172569776
1.2457755E+02, 1.00576426665891
1.2461157E+02, 1.00524613293814
1.2465239E+02, 1.00502665598335
1.2468505E+02, 1.00520218968707
1.2471118E+02, 1.00549056706260
1.2473730E+02, 1.00610545615227
1.2476343E+02, 1.00645878844526
1.2479478E+02, 1.00680134614857
1.2483240E+02, 1.00694155888094
1.2487755E+02, 1.00659376009531
1.2491366E+02, 1.00595697215386
1.2494256E+02, 1.00534254455940
1.2497145E+02, 1.00472625784136
1.2500612E+02, 1.00411388381156
1.2504773E+02, 1.00376810463669
1.2508356E+02, 1.00386195675688
1.2511222E+02, 1.00408508966783
1.2514088E+02, 1.00455003202524
1.2516954E+02, 1.00475567545287
1.2520394E+02, 1.00482861620145
1.2524521E+02, 1.00448264002481
1.2528798E+02, 1.00356902179660
1.2532219E+02, 1.00257483350625
1.2535641E+02, 1.00199442555259
1.2539062E+02, 1.00106365208352
1.2543168E+02, 1.00034543422073
1.2548095E+02, 1.00034786907721
1.2552036E+02, 1.00080737225776
1.2555190E+02, 1.00088186954058
1.2557849E+02, 1.00108106782503
1.2561041E+02, 1.00109563802521
1.2564871E+02, 1.00066381964718
1.2568702E+02, 0.999738138469223
1.2571766E+02, 0.998803496485331
1.2574217E+02, 0.998471023269553
1.2576668E+02, 0.997798736893453
1.2579610E+02, 0.997170579069130
1.2583140E+02, 0.996803169352865
1.2587376E+02, 0.996975859328864
1.2590764E+02, 0.997464149239353
1.2593475E+02, 0.998104424813678
1.2596186E+02, 0.998545158406902
1.2598897E+02, 0.998889569868402
1.2602150E+02, 0.999058363578193
1.2606054E+02, 0.998823714627012
1.2609958E+02, 0.998149993554894
1.2613081E+02, 0.997448556906745
1.2616204E+02, 0.996716108537254
1.2619327E+02, 0.996135156952657
1.2623074E+02, 0.995786559665629
1.2627572E+02, 0.996025229514414
1.2631169E+02, 0.996630698579736
1.2634047E+02, 0.997149367614470
1.2636350E+02, 0.997586766603334
1.2638653E+02, 0.997938755043607
1.2641416E+02, 0.998182415808213
1.2644731E+02, 0.998168853896748
1.2648710E+02, 0.997726557578245
1.2651893E+02, 0.997158221529525
1.2654439E+02, 0.996480395062972
1.2656986E+02, 0.996035959880812
1.2660042E+02, 0.995644872282645
1.2663708E+02, 0.995530587421374
1.2668109E+02, 0.995999111758956
1.2671629E+02, 0.996747605982236
1.2674445E+02, 0.997243771901396
1.2677261E+02, 0.997891625875058
1.2680077E+02, 0.998403465007671
1.2683457E+02, 0.998693557018016
1.2687512E+02, 0.998494747944604
1.2690756E+02, 0.997966514844977
1.2693351E+02, 0.997030447374752
1.2695947E+02, 0.996423124262102
1.2698542E+02, 0.995853063819743
1.2701656E+02, 0.995334719192784
1.2705394E+02, 0.995059792342558
1.2709879E+02, 0.995260426843360
1.2713466E+02, 0.995682526536894
1.2717054E+02, 0.996597465335934
1.2720642E+02, 0.996929925721154
1.2724947E+02, 0.996937302137568
1.2730114E+02, 0.996071255554899
1.2734247E+02, 0.994509557799018
1.2737553E+02, 0.993353134721251
1.2740860E+02, 0.992380384238645
1.2744828E+02, 0.991774453219678
1.2748796E+02, 0.991866639711061
1.2751970E+02, 0.992239096819400
1.2754509E+02, 0.993018865424399
1.2757049E+02, 0.993283107337169
1.2759588E+02, 0.993426052861067
1.2762635E+02, 0.993340949240679
1.2766292E+02, 0.992815053331064
1.2769949E+02, 0.991876617889091
1.2772874E+02, 0.990959543977303
1.2775800E+02, 0.990397034994309
1.2778725E+02, 0.989483369851958
1.2781651E+02, 0.988752532960576
1.2785161E+02, 0.988262713259466
1.2789374E+02, 0.988260543289825
1.2792744E+02, 0.988565654760980
1.2795440E+02, 0.989095616836103
1.2798136E+02, 0.989352565666037
1.2800832E+02, 0.989503372097385
1.2804067E+02, 0.989445036061838
1.2807949E+02, 0.988975687439300
1.2811055E+02, 0.988322265424520
1.2813540E+02, 0.987530014887083
1.2816025E+02, 0.986840842622199
1.2819006E+02, 0.986017193304976
1.2822584E+02, 0.985237269571321
1.2826878E+02, 0.984881766187353
1.2830313E+02, 0.985146121094738
1.2833747E+02, 0.986478895795072
1.2837182E+02, 0.987171548729187
1.2841304E+02, 0.987754914142867
1.2846250E+02, 0.987473744659023
1.2850207E+02, 0.986316756655714
1.2853373E+02, 0.984163971490183
1.2856538E+02, 0.982909634856801
1.2860337E+02, 0.981706680765908
1.2864895E+02, 0.981192392412433
1.2868542E+02, 0.981598497443682
1.2871459E+02, 0.982159668954373
1.2874377E+02, 0.983136248992865
1.2877294E+02, 0.983569195762857
1.2880795E+02, 0.983782973279549
1.2884996E+02, 0.983399230759108
1.2888357E+02, 0.982638629326847
1.2891045E+02, 0.981901264395830
1.2893734E+02, 0.981449019635105
1.2896960E+02, 0.980617889800505
1.2900832E+02, 0.979965736447051
1.2905478E+02, 0.980077659766908
1.2909195E+02, 0.980895341136546
1.2912168E+02, 0.981754278470810
1.2915141E+02, 0.982213571210257
1.2918115E+02, 0.982964242249238
1.2921683E+02, 0.983563578615134
1.2925965E+02, 0.983623527569634
1.2929390E+02, 0.983182284706832
1.2932130E+02, 0.982675355023023
1.2934871E+02, 0.982457324517758
1.2938159E+02, 0.981915780869286
1.2942105E+02, 0.981687984379996
1.2946840E+02, 0.982462917410893
1.2950628E+02, 0.983865109546961
1.2953659E+02, 0.985072656417100
1.2956690E+02, 0.986337804018233
1.2959720E+02, 0.987346381971947
1.2963357E+02, 0.987979768204304
1.2967721E+02, 0.987880436274782
1.2971212E+02, 0.987356255112052
1.2974005E+02, 0.986567265349064
1.2976798E+02, 0.986111867630054
1.2980149E+02, 0.985829291701784
1.2984171E+02, 0.986184879994789
1.2988193E+02, 0.987366562257913
1.2991411E+02, 0.988645395781567
1.2993985E+02, 0.989279647552989
1.2996559E+02, 0.990215107810128
1.2999647E+02, 0.991119015939626
1.3003354E+02, 0.991712289976997
1.3007802E+02, 0.991675349855063
1.3011360E+02, 0.991259435284671
1.3014207E+02, 0.990741584519224
1.3017053E+02, 0.990496052020069
1.3020469E+02, 0.990577550554738
1.3024568E+02, 0.991360735165891
1.3027927E+02, 0.992465129033213
1.3030614E+02, 0.993477999652388
1.3033300E+02, 0.994126535880316
1.3035987E+02, 0.995083871668393
1.3038674E+02, 0.995871376379391
1.3041898E+02, 0.996464068627827
1.3045767E+02, 0.996604022849452
1.3048862E+02, 0.996332534428065
1.3051957E+02, 0.995869524382086
1.3055053E+02, 0.995466464647961
1.3058148E+02, 0.995027398610974
1.3061862E+02, 0.994817670118665
1.3066319E+02, 0.995308035428246
1.3069885E+02, 0.996240164401547
1.3072737E+02, 0.997105134480150
1.3075590E+02, 0.997279940277198
1.3079013E+02, 0.998074119268312
1.3083120E+02, 0.998492389133807
1.3088049E+02, 0.997921489319119
1.3091993E+02, 0.996882605098503
1.3095147E+02, 0.996599515090158
1.3098302E+02, 0.995922345498359
1.3102088E+02, 0.995626923909780
1.3106630E+02, 0.996362695500223
1.3110265E+02, 0.997672527164691
1.3113172E+02, 0.998382669925093
1.3116079E+02, 0.999579727430049
1.3118987E+02, 1.00054246378001
1.3122475E+02, 1.00111626527941
1.3126662E+02, 1.00089368066785
1.3130011E+02, 1.00018923271197
1.3132690E+02, 0.999214236521368
1.3134834E+02, 0.998681810639402
1.3136978E+02, 0.998243399082659
1.3139550E+02, 0.997937313216805
1.3142636E+02, 0.997974138618561
1.3146340E+02, 0.998640047573565
1.3149304E+02, 0.999566529418574
1.3151792E+02, 1.00047238811761
1.3154280E+02, 1.00142713636934
1.3156768E+02, 1.00228617121124
1.3159753E+02, 1.00312596754183
1.3163336E+02, 1.00367530676296
1.3167635E+02, 1.00357368953080
1.3171075E+02, 1.00303558515235
1.3173826E+02, 1.00227718470692
1.3176578E+02, 1.00174591558565
1.3179329E+02, 1.00134643117651
1.3182631E+02, 1.00121728929335
1.3186593E+02, 1.00166013641631
1.3189763E+02, 1.00239145471306
1.3192370E+02, 1.00309465908503
1.3194977E+02, 1.00377537004476
1.3197584E+02, 1.00442826174351
1.3200712E+02, 1.00502491047360
1.3204466E+02, 1.00530239343763
1.3208970E+02, 1.00494798328591
1.3212574E+02, 1.00431887806509
1.3215504E+02, 1.00412059321770
1.3218434E+02, 1.00369495391898
1.3221950E+02, 1.00348164275263
1.3226169E+02, 1.00385799549934
1.3229545E+02, 1.00461503012957
1.3232379E+02, 1.00538083194793
1.3235213E+02, 1.00593089467163
1.3238047E+02, 1.00655775400940
1.3241448E+02, 1.00700084518879
1.3245529E+02, 1.00689850902473
1.3248793E+02, 1.00634791934449
1.3251493E+02, 1.00573472717573
1.3254193E+02, 1.00537638972709
1.3256893E+02, 1.00478454254254
1.3260132E+02, 1.00428565912049
1.3264020E+02, 1.00420710299211
1.3268685E+02, 1.00488710192550
1.3272417E+02, 1.00573109805645
1.3275403E+02, 1.00596639250970
1.3278388E+02, 1.00639438585960
1.3281971E+02, 1.00657217014062
1.3286270E+02, 1.00618594118345
1.3289710E+02, 1.00553560155747
1.3292461E+02, 1.00500296184738
1.3295213E+02, 1.00536724593831
1.3297965E+02, 1.00511204266461
1.3301266E+02, 1.00513624574209
1.3305229E+02, 1.00575202407244
1.3309423E+02, 1.00698978250642
1.3312779E+02, 1.00814111619821
1.3316134E+02, 1.00784825630786
1.3319490E+02, 1.00872816183853
1.3323516E+02, 1.00931158682725
1.3328348E+02, 1.00913652595040
1.3332214E+02, 1.00852878086507
1.3335306E+02, 1.00859900235036
1.3338399E+02, 1.00825697329393
1.3342110E+02, 1.00826259460332
1.3346563E+02, 1.00913309655311
1.3350125E+02, 1.01044741508920
1.3352975E+02, 1.01165341003889
1.3355255E+02, 1.01266955094875
1.3357535E+02, 1.01360290325187
1.3360271E+02, 1.01450721929505
1.3363554E+02, 1.01518858880680
1.3367494E+02, 1.01538759864337
1.3370646E+02, 1.01516372275551
1.3373168E+02, 1.01381573523782
1.3375689E+02, 1.01348044793102
1.3378211E+02, 1.01320885421409
1.3381236E+02, 1.01310241648620
1.3384867E+02, 1.01341213090724
1.3389224E+02, 1.01444924237166
1.3392710E+02, 1.01563483608511
1.3395499E+02, 1.01651052491113
1.3398287E+02, 1.01743298991647
1.3401634E+02, 1.01830325108381
1.3405649E+02, 1.01878154390863
1.3410468E+02, 1.01846290335970
1.3414323E+02, 1.01704834042602
1.3417407E+02, 1.01667218977507
1.3421107E+02, 1.01672721493704
1.3425548E+02, 1.01760125808284
1.3429101E+02, 1.01872657030044
1.3431943E+02, 1.01962189920443
1.3434785E+02, 1.01947273366855
1.3437627E+02, 1.02000641597501
1.3441038E+02, 1.02028077332932
1.3445131E+02, 1.02003379185038
1.3448405E+02, 1.01953820252562
1.3451679E+02, 1.01902936907891
1.3454953E+02, 1.01930008496546
1.3458227E+02, 1.01922169559554
1.3462156E+02, 1.01959815263968
1.3466871E+02, 1.02076388599528
1.3470643E+02, 1.02198491721179
1.3473660E+02, 1.02207870798682
1.3476678E+02, 1.02282644422161
1.3480299E+02, 1.02338390496440
1.3484644E+02, 1.02340205584467
1.3488120E+02, 1.02294743649755
1.3490901E+02, 1.02242221323294
1.3493682E+02, 1.02230135137135
1.3496463E+02, 1.02172312930059
1.3499800E+02, 1.02113808640116
1.3503804E+02, 1.02075720930933
1.3507666E+02, 1.02077301129950
1.3510755E+02, 1.02095953043883
1.3513844E+02, 1.02143533427623
1.3516933E+02, 1.02160589328663
1.3520639E+02, 1.02157559728858
1.3525087E+02, 1.02094136823399
1.3528646E+02, 1.01989764053812
1.3531493E+02, 1.01883656977338
1.3534340E+02, 1.01791147058925
1.3537186E+02, 1.01678424935687
1.3540603E+02, 1.01561083332590
1.3544702E+02, 1.01470089236070
1.3548076E+02, 1.01441209015928
1.3550775E+02, 1.01437612995671
1.3553474E+02, 1.01468865399593
1.3556173E+02, 1.01474144865227
1.3558872E+02, 1.01469685089248
1.3562110E+02, 1.01437210177512
1.3565997E+02, 1.01349046584321
1.3569258E+02, 1.01236596496893
1.3571867E+02, 1.01133208655210
1.3574476E+02, 1.01072153970925
1.3577085E+02, 1.00970327340598
1.3580216E+02, 1.00866250969611
1.3583973E+02, 1.00786445031229
1.3588482E+02, 1.00763341963918
1.3592089E+02, 1.00782681751299
1.3594974E+02, 1.00829325801664
1.3597860E+02, 1.00844280502329
1.3601322E+02, 1.00841589942615
1.3605477E+02, 1.00785122295373
1.3609632E+02, 1.00665308676086
1.3612956E+02, 1.00542316093295
1.3615676E+02, 1.00480758265248
1.3618397E+02, 1.00385650473351
1.3621661E+02, 1.00295727333358
1.3625579E+02, 1.00242602582316
1.3629496E+02, 1.00250824278746
1.3632630E+02, 1.00282251995275
1.3635764E+02, 1.00321361109678
1.3638898E+02, 1.00345878023770
1.3642658E+02, 1.00342471757817
1.3647171E+02, 1.00265514343354
1.3650781E+02, 1.00151791247243
1.3653669E+02, 1.00026572740598
1.3656558E+02, 0.999264320008605
1.3659446E+02, 0.998504718911042
1.3662912E+02, 0.998082627255997
1.3667071E+02, 0.998351726929262
1.3670398E+02, 0.999025542661611
1.3673060E+02, 1.00006904230119
1.3675721E+02, 1.00070165536358
1.3678383E+02, 1.00122015985421
1.3681577E+02, 1.00156413492939
1.3685410E+02, 1.00149513054206
1.3688568E+02, 1.00107582820254
1.3691219E+02, 1.00057708302322
1.3693870E+02, 0.999775003395916
1.3696521E+02, 0.999233746562540
1.3699702E+02, 0.998742822646362
1.3703520E+02, 0.998563963972650
1.3708101E+02, 0.999021769297898
1.3711765E+02, 0.999721634826664
1.3714697E+02, 1.00013159764630
1.3717629E+02, 1.00058686039005
1.3720561E+02, 1.00083505425745
1.3724079E+02, 1.00073440423916
1.3728301E+02, 1.00000971685231
1.3731678E+02, 0.999081443973298
1.3735056E+02, 0.998335775882758
1.3738433E+02, 0.997315558630272
1.3742486E+02, 0.996418785961027
1.3747350E+02, 0.996229899290234
1.3751241E+02, 0.996773850487249
1.3754354E+02, 0.997496239184045
1.3756965E+02, 0.997957152819835
1.3759576E+02, 0.998266966663971
1.3762709E+02, 0.998301253257508
1.3766469E+02, 0.997774765828030
1.3769477E+02, 0.996963335301706
1.3772485E+02, 0.995958513949611
1.3775493E+02, 0.994794904567391
1.3778501E+02, 0.993774885554181
1.3782111E+02, 0.992854817189535
1.3786443E+02, 0.992536805721297
1.3789908E+02, 0.992945761403652
1.3792680E+02, 0.993498521828002
1.3795452E+02, 0.994361693441211
1.3798225E+02, 0.994902598740405
1.3800997E+02, 0.995263215011959
1.3804323E+02, 0.995298938919716
1.3808315E+02, 0.994701767181790
1.3811509E+02, 0.993809349133353
1.3814203E+02, 0.992462909414638
1.3816897E+02, 0.991629429580649
1.3820129E+02, 0.990890280304862
1.3824009E+02, 0.990551468391556
1.3827708E+02, 0.990794317828328
1.3830668E+02, 0.991217542227905
1.3833628E+02, 0.991718302140465
1.3836588E+02, 0.992108318164833
1.3839547E+02, 0.992279980634997
1.3843099E+02, 0.992049115092440
1.3847361E+02, 0.991157075054769
1.3850771E+02, 0.990165231751116
1.3854180E+02, 0.989108579686605
1.3857590E+02, 0.988267369515860
1.3861681E+02, 0.987755612022552
1.3866591E+02, 0.988191185477260
1.3870519E+02, 0.989194250602035
1.3873661E+02, 0.989916056123905
1.3876804E+02, 0.990653574098208
1.3880575E+02, 0.991128043585732
1.3885099E+02, 0.990788435554238
1.3888719E+02, 0.989832605804936
1.3891615E+02, 0.988838275535818
1.3894511E+02, 0.988257506424764
1.3897407E+02, 0.987257808766875
1.3900882E+02, 0.986327943006548
1.3905053E+02, 0.985867926776661
1.3908389E+02, 0.986029082529053
1.3911058E+02, 0.986348098247647
1.3913727E+02, 0.987290122152467
1.3916395E+02, 0.987651169969618
1.3919598E+02, 0.987932446579101
1.3923441E+02, 0.987833734705749
1.3928053E+02, 0.986952397208988
1.3931743E+02, 0.985760636516375
1.3934694E+02, 0.984680305886713
1.3937646E+02, 0.983632222142819
1.3941188E+02, 0.982614865951954
1.3945438E+02, 0.982033992065256
1.3948838E+02, 0.982109707706188
1.3951559E+02, 0.982360157576871
1.3954279E+02, 0.982850539775070
1.3956999E+02, 0.983115172940917
1.3960263E+02, 0.983257459151904
1.3964180E+02, 0.982955158056805
1.3968881E+02, 0.981797179242176
1.3972641E+02, 0.980408295856409
1.3975650E+02, 0.979769646391335
1.3978658E+02, 0.978681786118223
1.3981666E+02, 0.977870865364008
1.3985276E+02, 0.977440059076564
1.3989397E+02, 0.977668824856359
1.3992694E+02, 0.978196739306678
1.3995991E+02, 0.978706599998515
1.3999288E+02, 0.979271049941270
1.4002585E+02, 0.979573206265228
1.4006541E+02, 0.979346369262669
1.4009707E+02, 0.978693777475585
1.4012239E+02, 0.977994012697859
1.4014771E+02, 0.977209239660866
1.4017303E+02, 0.976560696112417
1.4020341E+02, 0.976050959619468
1.4023987E+02, 0.975942268993335
1.4028363E+02, 0.976522321481721
1.4031863E+02, 0.977312164557420
1.4035363E+02, 0.977726470592145
1.4038864E+02, 0.978332371332251
1.4043064E+02, 0.978497585753805
1.4048104E+02, 0.977575898027044
1.4052137E+02, 0.976230349229783
1.4055363E+02, 0.975742776906509
1.4058589E+02, 0.974891985447411
1.4062460E+02, 0.974404514528270
1.4067105E+02, 0.974817634830529
1.4070821E+02, 0.975686806325327
1.4073794E+02, 0.975766454828239
1.4076172E+02, 0.976208689735844
1.4078551E+02, 0.976470886839344
1.4081405E+02, 0.976490910215497
1.4084830E+02, 0.976113883068412
1.4088255E+02, 0.975438469711171
1.4090994E+02, 0.974867954097182
1.4093734E+02, 0.974787263202912
1.4096474E+02, 0.974478054369467
1.4099214E+02, 0.974459394073917
1.4102502E+02, 0.974931627515979
1.4106447E+02, 0.976197372417391
1.4109604E+02, 0.977589591026821
1.4112129E+02, 0.978774306439062
1.4114654E+02, 0.978396892937361
1.4117179E+02, 0.979481504324140
1.4120209E+02, 0.980586968232511
1.4123845E+02, 0.981495425110293
1.4128209E+02, 0.981967167007733
1.4131699E+02, 0.982042166768556
1.4134492E+02, 0.982245493583187
1.4137284E+02, 0.982359283687561
1.4140077E+02, 0.982674563646074
1.4143428E+02, 0.983459623113310
1.4147449E+02, 0.985042887899731
1.4150666E+02, 0.986712021818762
1.4153240E+02, 0.987934517429460
1.4155813E+02, 0.989405244770067
1.4158387E+02, 0.990788848220900
1.4161475E+02, 0.992190050186540
1.4165181E+02, 0.993358411855936
1.4169629E+02, 0.993972641436122
1.4173186E+02, 0.994013673308310
1.4176744E+02, 0.993069440486172
1.4180302E+02, 0.992930233383943
1.4183860E+02, 0.993089149731210
1.4188129E+02, 0.994008158508683
1.4191544E+02, 0.995302582086222
1.4194277E+02, 0.996440764739788
1.4197009E+02, 0.997705264939580
1.4199741E+02, 0.998857333596199
1.4203020E+02, 0.999871224496622
1.4206955E+02, 1.00040944864037
1.4210102E+02, 1.00035526882048
1.4212621E+02, 0.998831004767657
1.4215139E+02, 0.998588974555191
1.4218160E+02, 0.998389749186363
1.4221787E+02, 0.998468028357870
1.4226138E+02, 0.999164028387082
1.4229619E+02, 1.00012680771590
1.4232404E+02, 1.00095280426263
1.4235189E+02, 1.00161802594843
1.4238531E+02, 1.00230745849669
1.4242541E+02, 1.00273053900656
1.4247353E+02, 1.00253344045520
1.4251203E+02, 1.00203373052808
1.4255053E+02, 1.00190629398229
1.4258902E+02, 1.00164220355086
1.4263522E+02, 1.00178879670815
1.4267409E+02, 1.00236728306841
1.4270519E+02, 1.00294361482690
1.4273629E+02, 1.00323362517040
1.4276739E+02, 1.00359912566591
1.4280471E+02, 1.00366557650555
1.4284949E+02, 1.00301111921364
1.4288532E+02, 1.00196253826143
1.4291398E+02, 1.00096974001353
1.4294264E+02, 1.00115681085935
1.4297130E+02, 1.00030120935441
1.4300569E+02, 0.999634377107907
1.4304696E+02, 0.999596919189317
1.4307998E+02, 1.00017856812553
1.4310745E+02, 1.00090639172793
1.4313492E+02, 1.00134620813445
1.4316789E+02, 1.00230826402333
1.4320744E+02, 1.00314626591914
1.4325491E+02, 1.00322576628218
1.4329289E+02, 1.00251907844494
1.4332327E+02, 1.00174902444379
1.4335365E+02, 1.00126744341452
1.4338403E+02, 1.00073207366853
1.4342048E+02, 1.00060018928312
1.4346423E+02, 1.00144572868426
1.4349923E+02, 1.00274633402843
1.4353423E+02, 1.00423975221802
1.4356922E+02, 1.00484608603126
1.4360422E+02, 1.00605145615348
1.4364622E+02, 1.00690349841891
1.4367982E+02, 1.00696583236360
1.4370669E+02, 1.00674984065988
1.4373357E+02, 1.00625541714924
1.4376045E+02, 1.00592778388261
1.4379270E+02, 1.00568960703163
1.4383141E+02, 1.00591898846733
1.4387785E+02, 1.00713320342313
1.4391501E+02, 1.00867978482938
1.4395217E+02, 1.01008226263949
1.4398932E+02, 1.01175051669356
1.4402648E+02, 1.01293079862152
1.4407107E+02, 1.01329275297804
1.4410674E+02, 1.01288855978050
1.4413527E+02, 1.01185887173417
1.4416381E+02, 1.01141869434331
1.4419235E+02, 1.01119721456888
1.4422659E+02, 1.01144736456143
1.4426768E+02, 1.01257896411136
1.4430056E+02, 1.01399495343056
1.4432686E+02, 1.01557979644745
1.4435315E+02, 1.01686623226278
1.4437945E+02, 1.01801280419890
1.4441101E+02, 1.01900230698838
1.4444888E+02, 1.01947894840389
1.4447918E+02, 1.01930736989948
1.4450947E+02, 1.01880437713167
1.4453977E+02, 1.01713376756285
1.4457007E+02, 1.01643556794659
1.4460642E+02, 1.01586943690362
1.4465005E+02, 1.01604634829276
1.4468495E+02, 1.01694318763398
1.4471287E+02, 1.01792128987732
1.4474079E+02, 1.01881529579862
1.4476871E+02, 1.01976252426195
1.4480222E+02, 1.02059603496530
1.4484243E+02, 1.02087759951726
1.4487459E+02, 1.02050741695227
1.4490032E+02, 1.01998671965970
1.4492606E+02, 1.01899974568228
1.4495179E+02, 1.01843230429156
1.4498267E+02, 1.01795648277838
1.4501972E+02, 1.01795242098057
1.4506419E+02, 1.01890684745666
1.4509976E+02, 1.02021635128616
1.4513533E+02, 1.02162501619047
1.4517090E+02, 1.02135469240714
1.4520647E+02, 1.02222865632779
1.4524916E+02, 1.02253888271963
1.4529185E+02, 1.02193756155508
1.4532600E+02, 1.02111790403042
1.4536015E+02, 1.02148983439187
1.4539429E+02, 1.02094811840576
1.4543527E+02, 1.02095710587705
1.4548445E+02, 1.02225653952979
1.4552379E+02, 1.02403528085849
1.4555526E+02, 1.02499269755636
1.4558044E+02, 1.02605572381120
1.4560563E+02, 1.02684272431334
1.4563585E+02, 1.02729598361136
1.4567211E+02, 1.02710713559484
1.4570112E+02, 1.02648312172247
1.4572503E+02, 1.02514973660177
1.4574894E+02, 1.02433001433241
1.4577285E+02, 1.02352934250940
1.4580154E+02, 1.02277310562099
1.4583597E+02, 1.02236507467816
1.4587728E+02, 1.02276442398534
1.4591033E+02, 1.02368781861627
1.4594339E+02, 1.02576971778544
1.4596983E+02, 1.02676239191399
1.4599627E+02, 1.02758810807758
1.4602800E+02, 1.02814724969970
1.4606607E+02, 1.02805109265399
1.4609719E+02, 1.02736865409062
1.4612209E+02, 1.02655579776393
1.4614699E+02, 1.02491706393133
1.4617189E+02, 1.02415565568746
1.4620176E+02, 1.02361656095454
1.4623761E+02, 1.02361634506378
1.4628064E+02, 1.02446553312295
1.4631506E+02, 1.02547682140846
1.4634947E+02, 1.02576614925882
1.4638389E+02, 1.02647018116720
1.4642519E+02, 1.02664389677940
1.4647475E+02, 1.02555471685206
1.4651440E+02, 1.02396377206547
1.4654612E+02, 1.02318028958659
1.4657784E+02, 1.02223925387178
1.4661591E+02, 1.02181538893192
1.4666158E+02, 1.02260950821142
1.4669812E+02, 1.02401267825351
1.4672736E+02, 1.02522836741901
1.4675659E+02, 1.02541227061907
1.4678582E+02, 1.02619872513214
1.4682090E+02, 1.02656609445128
1.4686300E+02, 1.02596507849642
1.4689667E+02, 1.02476918425532
1.4692361E+02, 1.02357415736943
1.4695056E+02, 1.02335248822497
1.4697750E+02, 1.02210048018261
1.4700983E+02, 1.02078261475941
1.4704862E+02, 1.01970548653193
1.4708742E+02, 1.01921953604427
1.4711845E+02, 1.01908547625505
1.4714949E+02, 1.01996456450961
1.4718052E+02, 1.01979066325146
1.4721156E+02, 1.01935640904196
1.4724880E+02, 1.01828724773832
1.4728936E+02, 1.01641161321367
1.4732180E+02, 1.01455897833364
1.4735425E+02, 1.01315297796585
1.4738669E+02, 1.01131539905138
1.4741913E+02, 1.00980347729228
1.4745807E+02, 1.00864557665512
1.4749700E+02, 1.00813218910905
1.4752815E+02, 1.00791698575001
1.4755360E+02, 1.00755887802448
1.4757905E+02, 1.00726310314142
1.4760451E+02, 1.00680316617544
1.4763505E+02, 1.00594586419501
1.4767170E+02, 1.00446102166960
1.4770103E+02, 1.00299434855638
1.4772476E+02, 1.00258690853161
1.4774850E+02, 1.00131116389140
1.4777224E+02, 1.00013740043366
1.4780073E+02, 0.999076170948211
1.4783491E+02, 0.998353361203237
1.4787593E+02, 0.998286674876303
1.4790875E+02, 0.998717135065330
1.4793533E+02, 0.999957823271873
1.4796190E+02, 1.00041877663321
1.4798848E+02, 1.00074601994202
1.4802038E+02, 1.00081306519660
1.4805865E+02, 1.00032715229842
1.4810458E+02, 0.998910607844617
1.4814132E+02, 0.996934134569841
1.4817806E+02, 0.995464172258824
1.4822215E+02, 0.994139442537511
1.4826624E+02, 0.993870287372423
1.4830152E+02, 0.994455276272794
1.4832974E+02, 0.995813421142639
1.4835795E+02, 0.996506253865322
1.4839182E+02, 0.997029645100998
1.4843245E+02, 0.996834480176588
1.4846550E+02, 0.995981251808030
1.4849855E+02, 0.994802731417092
1.4853160E+02, 0.993660522227536
1.4857126E+02, 0.992507429369484
1.4861886E+02, 0.991990061651100
1.4866645E+02, 0.992671506707768
1.4870453E+02, 0.993952634182616
1.4873499E+02, 0.993924108198766
1.4876545E+02, 0.994766117110033
1.4880200E+02, 0.995327923558092
1.4884586E+02, 0.995171403912586
1.4888095E+02, 0.994568760937589
1.4890902E+02, 0.994045737865031
1.4893709E+02, 0.993668848752786
1.4896517E+02, 0.993406470412822
1.4899885E+02, 0.993429475641457
1.4903928E+02, 0.994041075809102
1.4907161E+02, 0.994860896545845
1.4909749E+02, 0.995542841785674
1.4912336E+02, 0.996123080065586
1.4914923E+02, 0.995155135076514
1.4918027E+02, 0.995393976199859
1.4921753E+02, 0.995196448344535
1.4926223E+02, 0.994235234860005
1.4929800E+02, 0.993098838767776
1.4932661E+02, 0.992180775686358
1.4935522E+02, 0.993011627823600
1.4938955E+02, 0.992245514984119
1.4943075E+02, 0.991780278451326
1.4948019E+02, 0.991953784791936
1.4951975E+02, 0.992321596938976
1.4955139E+02, 0.991378841025269
1.4958303E+02, 0.991191448947636
1.4962100E+02, 0.990452814376734
1.4966656E+02, 0.988699911113755
1.4970301E+02, 0.986755032611967
1.4973218E+02, 0.986021397293987
1.4976134E+02, 0.984354240067227
1.4979050E+02, 0.982913405457675
1.4982549E+02, 0.981684663116933
1.4986748E+02, 0.981009033625580
1.4990108E+02, 0.980952492320333
1.4992795E+02, 0.982163829114149
1.4995483E+02, 0.982242078938612
1.4998170E+02, 0.982220982732698
1.5001395E+02, 0.981916412207011
1.5005265E+02, 0.981036958035042
1.5008390E+02, 0.979912577625376
1.5011515E+02, 0.978532817773218
1.5014640E+02, 0.977320988042971
1.5017765E+02, 0.976164128556919
1.5020890E+02, 0.975504780877830
1.5024640E+02, 0.975372770967441
1.5028390E+02, 0.975763851701543
1.5031390E+02, 0.976175903787662
1.5034390E+02, 0.976011874810600
1.5037390E+02, 0.976140898584189
1.5040990E+02, 0.975883027449887
1.5045310E+02, 0.974822400760707
1.5048766E+02, 0.973495587609104
1.5051530E+02, 0.972340195453849
1.5054295E+02, 0.972343517016362
1.5057060E+02, 0.971365209373374
1.5060378E+02, 0.970514559014219
1.5064359E+02, 0.970148329922154
1.5067544E+02, 0.970378444723169
1.5070092E+02, 0.970782989903603
1.5072640E+02, 0.971758700715033
1.5075188E+02, 0.972291300733069
1.5078246E+02, 0.972833106101202
1.5081915E+02, 0.973113687512440
1.5086318E+02, 0.972713592313337
1.5089840E+02, 0.971833855604683
1.5092658E+02, 0.970927418734587
1.5095476E+02, 0.970071752639298
1.5098857E+02, 0.968910783743950
1.5102915E+02, 0.967793571941604
1.5106973E+02, 0.967320753156915
1.5110219E+02, 0.967461781691705
1.5112816E+02, 0.969096310073385
1.5115413E+02, 0.969552054268868
1.5118010E+02, 0.970022776206405
1.5121126E+02, 0.970472581302334
1.5124866E+02, 0.970700840109046
1.5128685E+02, 0.970495139266241
1.5131740E+02, 0.970064173228207
1.5134795E+02, 0.968693172274998
1.5137850E+02, 0.968106830865656
1.5141516E+02, 0.967559334734839
1.5145915E+02, 0.967443832229779
1.5149434E+02, 0.967884099463399
1.5152250E+02, 0.968456982837839
1.5155065E+02, 0.968987927729261
1.5157881E+02, 0.969609395118747
1.5161259E+02, 0.970200021695652
1.5165314E+02, 0.970489997931343
1.5169368E+02, 0.970282843607061
1.5172611E+02, 0.969925314965468
1.5175855E+02, 0.969697074569666
1.5179098E+02, 0.969488247123611
1.5182342E+02, 0.969585698687914
1.5186234E+02, 0.970256672916620
1.5189347E+02, 0.971184789914571
1.5191838E+02, 0.972052609209122
1.5194329E+02, 0.972161567517128
1.5196820E+02, 0.973021646341038
1.5199809E+02, 0.973913289737606
1.5203396E+02, 0.974627418815403
1.5207701E+02, 0.974894185388307
1.5211144E+02, 0.974771898489372
1.5213899E+02, 0.974296846305644
1.5216654E+02, 0.974186842141654
1.5219960E+02, 0.974235736313044
1.5223927E+02, 0.974718220814450
1.5227280E+02, 0.975506721765716
1.5229962E+02, 0.976286323387186
1.5232645E+02, 0.977084543348576
1.5235327E+02, 0.977344172083803
1.5238010E+02, 0.977989295733447
1.5241229E+02, 0.978555420312645
1.5245092E+02, 0.978851496857184
1.5248984E+02, 0.978777008186779
1.5252098E+02, 0.978599389075438
1.5255211E+02, 0.978503291894801
1.5258325E+02, 0.978401577303843
1.5262061E+02, 0.978449864984832
1.5266545E+02, 0.978837653055609
1.5270132E+02, 0.979305524406511
1.5273001E+02, 0.978916723796389
1.5275871E+02, 0.979169525600000
1.5279314E+02, 0.979316661118350
1.5283447E+02, 0.979246129161011
1.5288405E+02, 0.979007981667042
1.5292372E+02, 0.979103478530325
1.5296339E+02, 0.980273981044085
1.5300306E+02, 0.981502334745153
1.5305066E+02, 0.983663347083120
1.5308874E+02, 0.985683507470254
1.5311921E+02, 0.987205785698717
1.5314967E+02, 0.985665226901511
1.5318014E+02, 0.986743156360975
1.5321670E+02, 0.987696481356926
1.5326057E+02, 0.988392011823670
1.5329566E+02, 0.988808358802919
1.5332374E+02, 0.989233901755719
1.5335182E+02, 0.990905767321254
1.5337989E+02, 0.991638937566076
1.5341359E+02, 0.992792261233260
1.5345402E+02, 0.994596914749097
1.5348636E+02, 0.996278598357679
1.5351224E+02, 0.997653310370143
1.5353811E+02, 0.997788410534011
1.5356399E+02, 0.998963533545055
1.5359504E+02, 1.00013619109331
1.5363230E+02, 1.00107548986482
1.5367701E+02, 1.00155025339219
1.5371278E+02, 1.00158101114910
1.5374140E+02, 1.00139933078970
1.5377002E+02, 1.00134330940410
1.5379863E+02, 1.00137889031908
1.5383297E+02, 1.00166434511164
1.5387418E+02, 1.00241192303033
1.5390715E+02, 1.00325582251574
1.5394011E+02, 1.00416564613730
1.5396731E+02, 1.00491371149279
1.5399452E+02, 1.00554065219764
1.5402716E+02, 1.00603460167661
1.5406633E+02, 1.00620242902914
1.5409766E+02, 1.00603946223215
1.5412900E+02, 1.00572617653686
1.5416033E+02, 1.00547279741316
1.5419167E+02, 1.00533585279941
1.5422927E+02, 1.00558854470172
1.5427439E+02, 1.00653458736724
1.5431049E+02, 1.00760999491146
1.5433937E+02, 1.00836864914451
1.5436825E+02, 1.00914959473762
1.5440290E+02, 1.00982820653353
1.5444449E+02, 1.01007905649303
1.5448608E+02, 1.00969449165726
1.5451934E+02, 1.00913029037446
1.5455261E+02, 1.00927326306461
1.5458588E+02, 1.00881018103890
1.5462580E+02, 1.00860567671207
1.5467371E+02, 1.00909124072016
1.5471203E+02, 1.00991805559031
1.5474269E+02, 1.01067731321066
1.5477336E+02, 1.01125576253405
1.5480402E+02, 1.01156805077038
1.5484081E+02, 1.01144600866807
1.5487049E+02, 1.01095910588229
1.5489511E+02, 1.01037684954350
1.5491974E+02, 1.00971543634743
1.5494436E+02, 1.00980053404250
1.5496898E+02, 1.00913225349539
1.5499853E+02, 1.00845571717269
1.5503399E+02, 1.00797406544894
1.5506945E+02, 1.00795303247920
1.5509782E+02, 1.00824751574646
1.5512619E+02, 1.00873528340243
1.5515455E+02, 1.00985537134673
1.5518292E+02, 1.01051049135300
1.5521696E+02, 1.01124222124338
1.5525781E+02, 1.01184473900147
1.5529049E+02, 1.01203262048365
1.5531792E+02, 1.01204354314342
1.5534534E+02, 1.01115711044781
1.5537277E+02, 1.01110948652436
1.5540568E+02, 1.01117596059430
1.5544517E+02, 1.01163195642524
1.5548466E+02, 1.01263280882625
1.5551626E+02, 1.01378651750967
1.5554785E+02, 1.01500275088916
1.5557945E+02, 1.01643717292738
1.5561104E+02, 1.01781497801987
1.5564896E+02, 1.01921463120722
1.5568687E+02, 1.02026408410972
1.5571720E+02, 1.02092378112780
1.5574753E+02, 1.02056463577751
1.5577786E+02, 1.02122035972741
1.5580819E+02, 1.02204581259879
1.5584459E+02, 1.02340076958716
1.5588827E+02, 1.02558152517127
1.5592321E+02, 1.02760761162327
1.5595815E+02, 1.02831060504759
1.5599309E+02, 1.03022786345942
1.5602803E+02, 1.03176715526225
1.5606996E+02, 1.03289740609512
1.5610350E+02, 1.03329066368785
1.5613034E+02, 1.03236589811019
1.5615717E+02, 1.03240878430860
1.5618938E+02, 1.03248110240073
1.5622802E+02, 1.03284620792767
1.5627439E+02, 1.03388515202826
1.5631148E+02, 1.03512171991541
1.5634858E+02, 1.03610580852019
1.5638568E+02, 1.03735946219507
1.5643019E+02, 1.03843664069070
1.5647471E+02, 1.03876878024427
1.5651032E+02, 1.03865351100639
1.5654593E+02, 1.03731156626188
1.5658155E+02, 1.03729391457641
1.5662428E+02, 1.03765177068177
1.5665847E+02, 1.03832981533178
1.5668582E+02, 1.03900182342101
1.5670779E+02, 1.03952286463181
1.5672976E+02, 1.03906130452094
1.5675174E+02, 1.03946526910078
1.5677810E+02, 1.03982919606723
1.5680974E+02, 1.04006259438371
1.5684771E+02, 1.04008529147856
1.5687808E+02, 1.04001587667899
1.5690238E+02, 1.04000425337848
1.5692668E+02, 1.04031249331473
1.5695098E+02, 1.04046597989320
1.5698014E+02, 1.04079276598941
1.5701513E+02, 1.04139971233913
1.5705712E+02, 1.04234244854814
1.5709071E+02, 1.04307607618864
1.5711860E+02, 1.04352475651647
1.5714650E+02, 1.04203822341822
1.5717997E+02, 1.04205376726323
1.5722014E+02, 1.04162411769384
1.5726834E+02, 1.04052052042852
1.5730690E+02, 1.03944370370116
1.5733774E+02, 1.04021392586909
1.5736859E+02, 1.03957087073511
1.5740561E+02, 1.03905619660002
1.5745003E+02, 1.03886623485092
1.5748557E+02, 1.03894127437364
1.5751400E+02, 1.03899011589753
1.5754243E+02, 1.03880930565444
1.5757086E+02, 1.03861292493178
1.5760497E+02, 1.03808670069286
1.5764591E+02, 1.03693021375160
1.5767887E+02, 1.03560281860261
1.5770523E+02, 1.03437888172030
1.5773160E+02, 1.03394864446359
1.5775796E+02, 1.03263989788499
1.5778433E+02, 1.03139369585581
1.5781596E+02, 1.03007510610382
1.5785393E+02, 1.02881775345669
1.5788430E+02, 1.02806608699732
1.5790984E+02, 1.02755154264096
1.5793538E+02, 1.02838496623421
1.5796092E+02, 1.02793696662486
1.5799156E+02, 1.02734200548319
1.5802834E+02, 1.02641832436477
1.5807247E+02, 1.02488820876739
1.5810777E+02, 1.02333148191057
1.5813602E+02, 1.02232268673688
1.5816426E+02, 1.02129515620710
1.5819250E+02, 1.02062974875052
1.5822639E+02, 1.02023295842886
1.5826029E+02, 1.02012840829361
1.5828799E+02, 1.02010478752349
1.5831570E+02, 1.02002571703344
1.5834340E+02, 1.01901751802657
1.5837665E+02, 1.01861341433399
1.5841655E+02, 1.01777519983877
1.5846443E+02, 1.01624633337640
1.5850273E+02, 1.01482667221596
1.5853337E+02, 1.01515438499921
1.5855788E+02, 1.01445590575678
1.5858239E+02, 1.01393120796977
1.5861181E+02, 1.01357913798247
1.5864711E+02, 1.01357104483109
1.5867583E+02, 1.01385718070951
1.5870455E+02, 1.01431777586689
1.5873327E+02, 1.01512671022284
1.5876199E+02, 1.01565523232742
1.5879646E+02, 1.01610875412882
1.5883782E+02, 1.01613095946173
1.5887282E+02, 1.01557121875493
1.5890083E+02, 1.01478218358348
1.5892883E+02, 1.01373901494624
1.5895683E+02, 1.01256466245698
1.5898483E+02, 1.01132518314866
1.5901843E+02, 1.00988436656236
1.5905876E+02, 1.00835584794735
1.5909102E+02, 1.00737057700276
1.5912328E+02, 1.00657204745405
1.5915553E+02, 1.00830574962202
1.5918779E+02, 1.00767858345642
1.5922650E+02, 1.00686777798342
1.5927295E+02, 1.00561654807971
1.5931012E+02, 1.00433516237206
1.5934132E+02, 1.00254679725688
1.5937253E+02, 1.00129113511794
1.5940997E+02, 0.999891755682440
1.5945491E+02, 0.998549501601113
1.5949085E+02, 0.997788992690336
1.5951961E+02, 0.997303771602290
1.5954837E+02, 0.996842013236780
1.5958288E+02, 0.996349174998920
1.5961739E+02, 0.995819391972884
1.5965880E+02, 0.995062300723917
1.5970021E+02, 0.994213198053883
1.5973334E+02, 0.993875235504148
1.5976647E+02, 0.993373407718078
1.5979960E+02, 0.993109448455497
1.5983936E+02, 0.993182781320994
1.5987911E+02, 0.993616878533545
1.5991091E+02, 0.994055610471641
1.5994272E+02, 0.993603564657376
1.5997452E+02, 0.993843794426249
1.6001269E+02, 0.993829287153112
1.6005849E+02, 0.993247580840501
1.6009512E+02, 0.992425376154061
1.6012521E+02, 0.991691859244665
1.6015529E+02, 0.991166354312535
1.6019139E+02, 0.990077912673091
1.6023470E+02, 0.988705648069844
1.6027802E+02, 0.987803480200430
1.6031267E+02, 0.987580098406855
1.6034733E+02, 0.988193838923886
1.6038198E+02, 0.988330141577298
1.6042357E+02, 0.988281024960798
1.6047347E+02, 0.987480080892590
1.6051339E+02, 0.986235175620832
1.6054533E+02, 0.983862867139162
1.6057726E+02, 0.982883116088505
1.6061559E+02, 0.982108750744831
1.6066158E+02, 0.982006440621329
1.6069837E+02, 0.982459557354318
1.6072780E+02, 0.982879259356463
1.6075723E+02, 0.982599581880192
1.6078667E+02, 0.982781594391583
1.6082199E+02, 0.982761988957836
1.6086437E+02, 0.982367453889898
1.6089828E+02, 0.981898459484282
1.6092540E+02, 0.981580539307348
1.6095253E+02, 0.981715569398851
1.6097966E+02, 0.981642971192110
1.6101221E+02, 0.981766973735283
1.6105127E+02, 0.982215292996253
1.6108252E+02, 0.982694916677125
1.6110751E+02, 0.983041836998413
1.6113251E+02, 0.982125137287711
1.6115751E+02, 0.982263090759615
1.6118751E+02, 0.982206533722517
1.6122351E+02, 0.981738521991176
1.6126671E+02, 0.980592372603919
1.6130127E+02, 0.979341976558534
1.6133582E+02, 0.978913044213555
1.6137038E+02, 0.977539935947871
1.6140494E+02, 0.976382340389665
1.6144641E+02, 0.975467066184758
1.6148788E+02, 0.975039639557483
1.6152106E+02, 0.974827034897805
1.6155423E+02, 0.974912127079861
1.6158741E+02, 0.974409385144631
1.6162722E+02, 0.973332914079764
1.6167500E+02, 0.971115252079413
1.6171322E+02, 0.968678329863632
1.6174379E+02, 0.967715229940023
1.6177437E+02, 0.965500610167974
1.6180494E+02, 0.963448452554527
1.6184163E+02, 0.961421548429250
1.6187832E+02, 0.959963255958328
1.6190767E+02, 0.959129377356246
1.6193703E+02, 0.960339000642575
1.6196638E+02, 0.959751628552473
1.6199573E+02, 0.959125843061224
1.6203095E+02, 0.958163797273732
1.6207322E+02, 0.956597167358054
1.6210703E+02, 0.955047690685664
1.6213408E+02, 0.954257336665075
1.6216114E+02, 0.953407652010661
1.6219360E+02, 0.953021019838697
1.6223255E+02, 0.953284748306754
1.6227150E+02, 0.953974092761287
1.6230267E+02, 0.954463589939950
1.6232760E+02, 0.953291907191899
1.6235253E+02, 0.953309565736897
1.6238244E+02, 0.953052317469542
1.6241834E+02, 0.952328661135556
1.6246142E+02, 0.951000335116663
1.6249588E+02, 0.949840097724602
1.6253035E+02, 0.948837356874298
1.6256481E+02, 0.951380513079867
1.6259928E+02, 0.950970894357298
1.6264063E+02, 0.950935649588612
1.6268199E+02, 0.951334892120222
1.6271507E+02, 0.951773985169891
1.6274816E+02, 0.951480010767431
1.6278124E+02, 0.951768154895369
1.6282094E+02, 0.951815565687933
1.6286859E+02, 0.951265622503698
1.6290670E+02, 0.950391246261458
1.6293738E+02, 0.949986957270801
1.6296805E+02, 0.949128400530182
1.6300487E+02, 0.948261347182114
1.6304904E+02, 0.947753693132816
1.6308438E+02, 0.947939284244181
1.6311265E+02, 0.948432405143303
1.6314092E+02, 0.950394868468383
1.6316920E+02, 0.951236532064758
1.6320312E+02, 0.952284139179715
1.6324383E+02, 0.953364464620697
1.6327640E+02, 0.953962059964225
1.6330246E+02, 0.954289385755962
1.6332851E+02, 0.953100510662154
1.6335457E+02, 0.953317235227953
1.6338584E+02, 0.953628534878427
1.6342336E+02, 0.954238322224957
1.6346838E+02, 0.955495324227345
1.6350440E+02, 0.956965527849918
1.6353321E+02, 0.957912644832776
1.6356203E+02, 0.959433378942293
1.6359661E+02, 0.961317967484002
1.6363810E+02, 0.963488873837725
1.6367959E+02, 0.965434979107066
1.6371279E+02, 0.966865802967474
1.6374598E+02, 0.966772396568045
1.6377918E+02, 0.968287531462559
1.6381237E+02, 0.970003288943559
1.6384557E+02, 0.972013956763980
1.6387876E+02, 0.974300595950962
1.6390532E+02, 0.976242851014522
1.6393188E+02, 0.976141665870320
1.6395843E+02, 0.978061913639391
1.6398499E+02, 0.979873440199248
1.6401154E+02, 0.981512367762772
1.6404341E+02, 0.983240063563466
1.6407528E+02, 0.984747384721179
1.6410096E+02, 0.985867017542040
1.6412664E+02, 0.985853739073191
1.6415232E+02, 0.986763843277039
1.6417800E+02, 0.987568087228538
1.6420881E+02, 0.988496656142001
1.6423963E+02, 0.989452650497574
1.6427044E+02, 0.990457916542523
1.6430126E+02, 0.991493846470760
1.6432591E+02, 0.992169525258803
1.6435056E+02, 0.992963080635729
1.6437522E+02, 0.993707265276305
1.6440480E+02, 0.994499258432942
1.6444030E+02, 0.995272142422204
1.6447580E+02, 0.995837782140661
1.6451130E+02, 0.996218202261499
1.6454680E+02, 0.995077197648712
1.6458230E+02, 0.995161369049346
1.6461780E+02, 0.995138335319496
1.6465330E+02, 0.995028319991338
1.6468169E+02, 0.994851363790198
1.6470531E+02, 0.994616116440196
1.6472893E+02, 0.993645196544007
1.6475255E+02, 0.993259983278667
1.6477617E+02, 0.992830274042128
1.6480451E+02, 0.992296152213923
1.6483852E+02, 0.991713885768235
1.6487253E+02, 0.991327041515867
1.6490655E+02, 0.991271095213980
1.6494056E+02, 0.992392835905603
1.6497457E+02, 0.993140074714754
1.6500858E+02, 0.994253066346370
1.6504259E+02, 0.995623883388617
1.6507660E+02, 0.997092723490666
1.6511061E+02, 0.998469094073536
1.6514462E+02, 0.996668475377817
1.6517863E+02, 0.997505765557750
1.6521264E+02, 0.998058049124002
1.6524665E+02, 0.998388794246386
1.6528067E+02, 0.998627389326096
1.6531468E+02, 0.998912291712468
1.6534869E+02, 1.00129745813365
1.6538270E+02, 1.00191417506221
1.6541671E+02, 1.00276630632632
1.6545072E+02, 1.00383322573220
1.6548473E+02, 1.00501218874082
1.6551874E+02, 1.00616742803328
1.6555275E+02, 1.00713670255948
1.6558676E+02, 1.00798004975531
1.6562078E+02, 1.00855984308588
1.6565479E+02, 1.00884999575353
1.6568880E+02, 1.00890033084233
1.6572281E+02, 1.00879762120793
1.6575682E+02, 1.00900828038052
1.6579083E+02, 1.00883628649575
1.6582484E+02, 1.00876163805877
1.6585885E+02, 1.00886778635552
1.6589286E+02, 1.00915891051417
1.6592687E+02, 1.00958405558299
1.6596089E+02, 1.01050817215377
1.6599490E+02, 1.01102796274628
1.6602891E+02, 1.01151661219111
1.6606292E+02, 1.01192641943981
1.6609693E+02, 1.01227630612501
1.6613094E+02, 1.01263327557302
1.6617175E+02, 1.01329050678780
1.6621257E+02, 1.01434304531610
1.6625338E+02, 1.01594180051762
1.6629419E+02, 1.01786954494349
1.6632684E+02, 1.01938771256151
1.6635949E+02, 1.01957444498209
1.6639867E+02, 1.02088093274697
1.6644569E+02, 1.02184538393328
1.6649271E+02, 1.02216788499840
1.6653032E+02, 1.02229526636461
1.6656041E+02, 1.02415400677056
1.6659050E+02, 1.02459950319871
1.6662661E+02, 1.02539947873263
1.6666994E+02, 1.02672291523008
1.6670461E+02, 1.02790905555515
1.6673927E+02, 1.02863656900505
1.6677394E+02, 1.02964938591120
1.6680860E+02, 1.03040226560009
1.6685020E+02, 1.03085193770833
1.6688348E+02, 1.03087280891164
1.6691010E+02, 1.03074016240349
1.6693672E+02, 1.03056291334299
1.6696334E+02, 1.03029600088266
1.6699529E+02, 1.02999032693972
1.6703363E+02, 1.02978726583925
1.6706429E+02, 1.02986322829704
1.6709496E+02, 1.03017807390195
1.6711950E+02, 1.03058095516109
1.6714403E+02, 1.03213078648330
1.6716857E+02, 1.03270497775264
1.6719801E+02, 1.03343161864481
1.6723334E+02, 1.03425388031714
1.6727574E+02, 1.03504216574855
1.6731120E+02, 1.03548135277900
1.6734091E+02, 1.03470571576211
1.6737061E+02, 1.03493647522406
1.6740626E+02, 1.03530040272010
1.6744903E+02, 1.03607640806446
1.6749181E+02, 1.03739999103246
1.6752603E+02, 1.03884183376078
1.6756025E+02, 1.03981276280294
1.6759447E+02, 1.04156181524795
1.6763553E+02, 1.04360661294084
1.6768481E+02, 1.04572094034010
1.6772423E+02, 1.04712968005096
1.6775576E+02, 1.04674114479906
1.6778730E+02, 1.04797619500812
1.6781884E+02, 1.04942018199336
1.6785668E+02, 1.05148498603620
1.6789453E+02, 1.05382155343836
1.6792480E+02, 1.05570348471251
1.6795508E+02, 1.05561432451458
1.6798535E+02, 1.05716243617364
1.6802168E+02, 1.05864452762248
1.6806528E+02, 1.05977661452870
1.6810016E+02, 1.06027130273600
1.6812806E+02, 1.05983496028542
1.6815596E+02, 1.05983496120445
1.6818944E+02, 1.05962978917214
1.6822962E+02, 1.05940680019975
1.6826176E+02, 1.05943869994704
1.6828748E+02, 1.05961080960169
1.6831319E+02, 1.05986257169779
1.6833891E+02, 1.06075214614147
1.6836976E+02, 1.06111589691395
1.6840679E+02, 1.06148608655698
1.6845123E+02, 1.06166803279934
1.6848677E+02, 1.06156089744884
1.6851569E+02, 1.06137168175806
1.6854461E+02, 1.05930193909339
1.6857931E+02, 1.05900572479112
1.6862095E+02, 1.05864619696877
1.6865426E+02, 1.05837175796043
1.6868091E+02, 1.05812591586587
1.6870323E+02, 1.05787796943021
1.6872555E+02, 1.05680857761655
1.6874788E+02, 1.05648868868009
1.6877466E+02, 1.05607231851201
1.6880681E+02, 1.05555490219436
1.6884538E+02, 1.05498538681459
1.6888519E+02, 1.05458944968591
1.6891777E+02, 1.05451219379426
1.6895034E+02, 1.05519087397058
1.6898292E+02, 1.05550767713673
1.6902202E+02, 1.05597425566695
1.6906893E+02, 1.05636220273916
1.6910646E+02, 1.05622262930908
1.6914399E+02, 1.05404619894004
1.6918152E+02, 1.05290432916207
1.6921905E+02, 1.05137222131855
1.6925658E+02, 1.04961358174620
1.6929411E+02, 1.04781077489711
1.6933164E+02, 1.04610729510696
1.6936167E+02, 1.04753000869115
1.6939169E+02, 1.04637874413102
1.6942171E+02, 1.04529557157246
1.6945174E+02, 1.04423096150360
1.6948176E+02, 1.04311784968927
1.6951179E+02, 1.04188548439168
1.6954181E+02, 1.04090471262327
1.6957183E+02, 1.03931395061139
1.6960186E+02, 1.03747930201023
1.6963188E+02, 1.03538548454410
1.6966191E+02, 1.03306397846436
1.6969193E+02, 1.03057698613725
1.6972196E+02, 1.02800506682312
1.6975198E+02, 1.02751139007439
1.6978200E+02, 1.02495201097170
1.6981203E+02, 1.02249976488934
1.6984205E+02, 1.02020710936320
1.6987208E+02, 1.01807020901342
1.6990210E+02, 1.01604918089264
1.6993212E+02, 1.01625996543634
1.6996215E+02, 1.01431574276175
1.6999217E+02, 1.01235234957394
1.7002220E+02, 1.01031917592553
1.7005222E+02, 1.00820568595718
1.7008225E+02, 1.00602844942853
1.7011227E+02, 1.00381479381756
1.7014229E+02, 1.00320401837774
1.7017232E+02, 1.00135438152850
1.7020234E+02, 0.999879381241745
1.7023237E+02, 0.998782162909431
1.7026239E+02, 0.997971532108503
1.7029241E+02, 0.997338815545487
1.7032244E+02, 0.996780150744978
1.7035246E+02, 0.996235523779363
1.7038249E+02, 0.995628601880338
1.7041251E+02, 0.994929373803984
1.7044254E+02, 0.994126350765004
1.7047256E+02, 0.993269408767708
1.7050258E+02, 0.992444379669627
1.7053261E+02, 0.993209204038204
1.7056263E+02, 0.992716878380010
1.7059266E+02, 0.992512573463016
1.7062268E+02, 0.992686160243277
1.7065270E+02, 0.993256077351596
1.7068273E+02, 0.994185942360275
1.7071275E+02, 0.995394450995696
1.7074278E+02, 0.996639837774176
1.7077280E+02, 0.998021998916455
1.7080283E+02, 0.999314875103930
1.7083285E+02, 1.00033459237197
1.7086287E+02, 1.00098731277680
1.7089290E+02, 1.00128565036135
1.7092292E+02, 1.00123819005336
1.7095295E+02, 0.999707054738243
1.7098297E+02, 0.999069478820230
1.7101299E+02, 0.998281352845742
1.7104302E+02, 0.997448191283629
1.7107304E+02, 0.996647394058497
1.7110307E+02, 0.995933945911227
1.7113309E+02, 0.997829710578786
1.7116312E+02, 0.997361270804569
1.7119314E+02, 0.996993200914621
1.7122316E+02, 0.996679709211262
1.7125319E+02, 0.996365335625359
1.7128321E+02, 0.996002470571793
1.7131324E+02, 0.995561459736494
1.7134326E+02, 0.993465700667633
1.7137328E+02, 0.992878923417050
1.7140931E+02, 0.992079403442191
1.7144534E+02, 0.991212658352549
1.7148137E+02, 0.990330388445739
1.7151740E+02, 0.989472900982726
1.7155343E+02, 0.987934168335391
1.7158946E+02, 0.987184575637378
1.7162549E+02, 0.986510835122292
1.7166152E+02, 0.985920083009420
1.7169755E+02, 0.985422010207117
1.7173357E+02, 0.985032055844785
1.7176960E+02, 0.984830847346436
1.7180563E+02, 0.984655017877279
1.7184166E+02, 0.984543354249579
1.7187769E+02, 0.984436844413634
1.7191372E+02, 0.984260016435708
1.7194975E+02, 0.983130764545015
1.7198578E+02, 0.982646908988913
1.7202181E+02, 0.981942425860489
1.7205784E+02, 0.981007440113605
1.7209387E+02, 0.979886854457142
1.7212989E+02, 0.978658910409944
1.7216592E+02, 0.977721160592280
1.7220195E+02, 0.975656024543796
1.7223078E+02, 0.973612184097468
1.7225960E+02, 0.971504743671884
1.7228842E+02, 0.969504943846567
1.7231724E+02, 0.967705545353625
1.7234607E+02, 0.968457844173439
1.7237489E+02, 0.967100085355773
1.7240948E+02, 0.965759001634109
1.7244407E+02, 0.964642092880722
1.7247865E+02, 0.963631139871150
1.7251324E+02, 0.962634985578783
1.7254783E+02, 0.960241040614771
1.7258242E+02, 0.959171925323455
1.7261701E+02, 0.958010228456202
1.7265159E+02, 0.956736970330808
1.7268618E+02, 0.955359576935009
1.7272769E+02, 0.953597892726482
1.7276919E+02, 0.952050493388910
1.7281070E+02, 0.950262652894779
1.7285220E+02, 0.948689455558995
1.7289371E+02, 0.947541940650070
1.7294352E+02, 0.946900770762647
1.7299332E+02, 0.948327125275448
1.7303317E+02, 0.948947345029486
1.7306504E+02, 0.949511341542226
1.7309692E+02, 0.949947456393877
1.7313517E+02, 0.950155950228077
1.7317342E+02, 0.947694124935284
1.7321932E+02, 0.946896835958026
1.7327441E+02, 0.945271475307434
1.7331847E+02, 0.943923473568652
1.7335372E+02, 0.945474274718116
1.7338898E+02, 0.944994155187261
1.7342423E+02, 0.944769296308544
1.7346653E+02, 0.944683836145950
1.7350884E+02, 0.944475980252787
1.7355114E+02, 0.943301430470199
1.7358498E+02, 0.942435293880090
1.7362559E+02, 0.940947266045687
1.7367432E+02, 0.938578841738732
1.7371331E+02, 0.936392094869962
1.7374450E+02, 0.935911062450307
1.7376945E+02, 0.934487058383369
1.7379440E+02, 0.933160816347544
1.7382434E+02, 0.931772218242046
1.7386027E+02, 0.930467875775588
1.7389620E+02, 0.929591447365492
1.7392495E+02, 0.929142638130496
1.7395369E+02, 0.930316477796698
1.7398244E+02, 0.930093397321302
1.7401693E+02, 0.929819989909865
1.7405832E+02, 0.929311332192115
1.7409143E+02, 0.928706099040239
1.7411792E+02, 0.928163116027781
1.7414441E+02, 0.928107755907280
1.7417090E+02, 0.928160972853389
1.7419739E+02, 0.928760187822646
1.7422918E+02, 0.930073829263588
1.7426733E+02, 0.932245669850402
1.7429785E+02, 0.934125406526142
1.7432241E+02, 0.935519963131076
1.7434697E+02, 0.934417117823769
1.7437644E+02, 0.935640008390601
1.7441181E+02, 0.936619280810010
1.7445426E+02, 0.937074922331569
1.7449670E+02, 0.937020063997497
1.7453065E+02, 0.937006137371383
1.7456461E+02, 0.940261208819088
1.7459856E+02, 0.940831837221674
1.7463252E+02, 0.941794944013132
1.7467326E+02, 0.943472737159264
1.7470586E+02, 0.945067926317781
1.7473193E+02, 0.946033857300367
1.7475801E+02, 0.947285693216609
1.7478930E+02, 0.948608789163736
1.7482685E+02, 0.949749195161528
1.7486440E+02, 0.950266828671201
1.7490195E+02, 0.950189080087210
1.7493951E+02, 0.948683107584229
1.7497706E+02, 0.947954224062003
1.7501461E+02, 0.947350308301877
1.7505216E+02, 0.947268442901294
1.7508220E+02, 0.947718848316736
1.7510623E+02, 0.948378613315167
1.7513026E+02, 0.950990348982267
1.7515430E+02, 0.952024588219048
1.7517833E+02, 0.953159825824397
1.7520236E+02, 0.954327962183772
1.7522639E+02, 0.955483242160459
1.7525043E+02, 0.956600571415967
1.7527446E+02, 0.957671677524170
1.7529849E+02, 0.958702263304469
1.7532252E+02, 0.959708351904264
1.7534655E+02, 0.958334701670355
1.7537059E+02, 0.959346984736465
1.7539462E+02, 0.960401689959218
1.7542346E+02, 0.961758049051303
1.7545230E+02, 0.963235906628082
1.7548114E+02, 0.964840793605290
1.7550492E+02, 0.966253793329143
1.7552871E+02, 0.966381146372067
1.7555249E+02, 0.967925084739278
1.7557628E+02, 0.969530614045718
1.7560007E+02, 0.971190610739665
1.7562385E+02, 0.972904527539778
1.7564764E+02, 0.974676511559155
1.7567142E+02, 0.976512413116810
1.7569521E+02, 0.978417655060490
1.7571900E+02, 0.980394911201390
1.7574278E+02, 0.980943822900525
1.7576657E+02, 0.983047098906581
1.7579035E+02, 0.985197097511547
1.7581414E+02, 0.987374452460569
1.7583792E+02, 0.989559445535867
1.7586171E+02, 0.991735857001064
1.7588550E+02, 0.993890546712081
1.7590928E+02, 0.996012336534968
1.7593307E+02, 0.994901337085825
1.7595685E+02, 0.996816815740784
1.7598064E+02, 0.998656328667004
1.7600443E+02, 1.00041219068182
1.7602821E+02, 1.00207198832974
1.7605200E+02, 1.00368607964976
1.7607578E+02, 1.00527116283349
1.7609957E+02, 1.00684177741218
1.7612336E+02, 1.00841163385823
1.7614714E+02, 1.00869923722415
1.7617093E+02, 1.00997622710661
1.7619471E+02, 1.01099403885167
1.7621850E+02, 1.01182209084517
1.7624228E+02, 1.01251645367379
1.7626607E+02, 1.01312566849583
1.7628986E+02, 1.01369079237909
1.7631840E+02, 1.01434992260112
1.7634694E+02, 1.01555696756307
1.7637549E+02, 1.01623659137263
1.7640403E+02, 1.01693763646300
1.7643257E+02, 1.01763516000901
1.7646111E+02, 1.01829114245697
1.7648966E+02, 1.01886289264060
1.7651820E+02, 1.01930897287500
1.7654674E+02, 1.01795102254837
1.7657529E+02, 1.01800618305619
1.7660383E+02, 1.01782654416625
1.7663237E+02, 1.01738394772371
1.7666092E+02, 1.01667980631006
1.7668946E+02, 1.01574004263069
1.7671328E+02, 1.01481690935499
1.7673709E+02, 1.01411605731216
1.7676091E+02, 1.01305578640339
1.7678473E+02, 1.01200795791204
1.7680854E+02, 1.01103472823439
1.7683236E+02, 1.01018483069560
1.7685618E+02, 1.00949679259345
1.7688000E+02, 1.00899667549230
1.7690381E+02, 1.00869734970609
1.7693239E+02, 1.00995035521312
1.7696097E+02, 1.01013420520103
1.7698955E+02, 1.01057123413719
1.7701814E+02, 1.01119310160434
1.7704672E+02, 1.01192519977545
1.7707530E+02, 1.01269488342788
1.7710388E+02, 1.01343715065797
1.7713246E+02, 1.01170026852582
1.7716104E+02, 1.01229074832636
1.7718962E+02, 1.01277632230887
1.7721820E+02, 1.01316033372411
1.7724678E+02, 1.01347362145952
1.7727536E+02, 1.01375916372028
1.7730394E+02, 1.01406168615235
1.7733252E+02, 1.01556064868881
1.7736110E+02, 1.01597126400888
1.7738968E+02, 1.01648139326410
1.7741826E+02, 1.01710562156729
1.7744684E+02, 1.01783178053459
1.7747542E+02, 1.01863365839130
1.7750401E+02, 1.01947848904376
1.7753830E+02, 1.02173345346935
1.7757260E+02, 1.02274006310165
1.7760690E+02, 1.02366671391701
1.7764119E+02, 1.02446967611494
1.7767549E+02, 1.02514820959646
1.7770979E+02, 1.02572567317043
1.7774408E+02, 1.02627338382801
1.7777838E+02, 1.02674586527184
1.7781268E+02, 1.02721952409119
1.7784697E+02, 1.02774776475459
1.7788127E+02, 1.02836604060820
1.7791557E+02, 1.02909933579544
1.7794986E+02, 1.03068035309931
1.7798416E+02, 1.03168241739066
1.7801846E+02, 1.03281693113993
1.7805275E+02, 1.03406951625875
1.7808705E+02, 1.03542459916470
1.7812135E+02, 1.03686914051508
1.7815564E+02, 1.03781680281144
1.7818994E+02, 1.03981628477414
1.7822424E+02, 1.04219115483111
1.7825853E+02, 1.04476844366685
1.7828597E+02, 1.04685479001203
1.7831341E+02, 1.04888832900151
1.7834084E+02, 1.04894744927450
1.7836828E+02, 1.05077894471939
1.7839572E+02, 1.05245534918273
1.7842316E+02, 1.05397410694086
1.7845059E+02, 1.05536310564210
1.7848352E+02, 1.05691706433201
1.7851644E+02, 1.05843893871824
1.7854937E+02, 1.06050070883426
1.7858229E+02, 1.06217429997794
1.7861522E+02, 1.06402509460108
1.7864814E+02, 1.06608572965319
1.7868107E+02, 1.06831970190894
1.7871399E+02, 1.07064691610183
1.7874692E+02, 1.07229508386510
1.7877984E+02, 1.07453842139245
1.7881277E+02, 1.07657121665635
1.7884569E+02, 1.07825641727930
1.7888520E+02, 1.07972716557564
1.7893261E+02, 1.08064314552352
1.7898002E+02, 1.07921039208714
1.7902744E+02, 1.07854540841242
1.7906701E+02, 1.07776010509215
1.7910658E+02, 1.07710851152837
1.7914615E+02, 1.07945294813746
1.7919364E+02, 1.07935869884633
1.7924112E+02, 1.07960486595025
1.7928861E+02, 1.07984587363081
1.7933610E+02, 1.07963751780590
1.7938358E+02, 1.07670029512146
1.7943107E+02, 1.07555326364573
1.7947855E+02, 1.07465138442704
1.7952604E+02, 1.07468847537464
1.7957353E+02, 1.07666549703577
1.7962101E+02, 1.07836926473369
1.7966850E+02, 1.07986788305952
1.7970649E+02, 1.08029106091051
1.7973721E+02, 1.07796664990063
1.7976794E+02, 1.07779910094213
1.7979866E+02, 1.07789516654079
1.7983553E+02, 1.07859440690907
1.7987240E+02, 1.07986896848223
1.7990927E+02, 1.08132398247316
1.7994614E+02, 1.08275600896359
1.7998301E+02, 1.08338217522574
1.8001988E+02, 1.08319237976057
1.8005675E+02, 1.08216247960079
1.8009362E+02, 1.08072291204990
1.8013049E+02, 1.07941113213136
1.8016736E+02, 1.08042441292305
1.8020422E+02, 1.07808704334353
1.8023372E+02, 1.07538678730635
1.8025796E+02, 1.07299117195511
1.8028220E+02, 1.07064607097828
1.8030645E+02, 1.06847432106218
1.8033069E+02, 1.07047919911199
1.8035493E+02, 1.06874119271996
1.8037917E+02, 1.06727781797449
1.8040342E+02, 1.06605234325837
1.8043251E+02, 1.06480525438707
1.8046160E+02, 1.06367409915582
1.8049069E+02, 1.06252756919770
1.8051978E+02, 1.06127392138870
1.8054887E+02, 1.05722986487418
1.8057796E+02, 1.05575653178044
1.8060705E+02, 1.05415630293114
1.8063614E+02, 1.05246588209292
1.8066523E+02, 1.05072627520551
1.8069432E+02, 1.04896117853032
1.8072342E+02, 1.04718293844865
1.8075251E+02, 1.04590705693805
1.8078160E+02, 1.04414216642255
1.8081069E+02, 1.04243468842726
1.8083978E+02, 1.04084072338703
1.8086887E+02, 1.03942886141830
1.8089796E+02, 1.03827582155024
1.8092705E+02, 1.03744406818643
1.8095614E+02, 1.03895180221314
1.8098523E+02, 1.03878612964546
1.8101432E+02, 1.03887218741295
1.8104341E+02, 1.03909208800139
1.8107250E+02, 1.03929742663083
1.8110160E+02, 1.03934059709378
1.8112534E+02, 1.03706520302434
1.8114908E+02, 1.03671436356120
1.8117283E+02, 1.03614232872820
1.8119657E+02, 1.03534463551094
1.8122032E+02, 1.03434517335943
1.8124406E+02, 1.03318460329758
1.8126781E+02, 1.03191281092481
1.8129155E+02, 1.03058280124605
1.8131530E+02, 1.02924550905733
1.8133904E+02, 1.03020377228979
1.8136279E+02, 1.02894998077237
1.8138653E+02, 1.02777881229345
1.8141028E+02, 1.02670629741774
1.8143402E+02, 1.02572346319520
1.8145776E+02, 1.02480571208630
1.8148151E+02, 1.02391808921548
1.8150525E+02, 1.02301993054067
1.8153375E+02, 1.02265898767257
1.8156224E+02, 1.02142038929223
1.8159073E+02, 1.01999770581293
1.8161923E+02, 1.01833167484708
1.8164772E+02, 1.01641328170166
1.8167621E+02, 1.01426857047648
1.8170471E+02, 1.01194882238520
1.8173320E+02, 1.01042544734299
1.8175600E+02, 1.00842174995892
1.8177879E+02, 1.00640635885412
1.8180159E+02, 1.00440678587036
1.8182438E+02, 1.00243805313739
1.8184718E+02, 1.00050994682946
1.8186997E+02, 0.998668655242668
1.8189277E+02, 0.996897296588879
1.8191556E+02, 0.995182837133843
1.8193836E+02, 0.996529697479341
1.8196115E+02, 0.994923287981305
1.8198394E+02, 0.993357145684276
1.8200674E+02, 0.991816086060240
1.8202953E+02, 0.990287979347067
1.8205233E+02, 0.988766902177455
1.8207512E+02, 0.987248239799579
1.8209792E+02, 0.985732966226182
1.8212071E+02, 0.984221100121198
1.8214351E+02, 0.984235456030906
1.8216630E+02, 0.982943422756194
1.8218910E+02, 0.981839460555986
1.8221189E+02, 0.980879047204128
1.8223469E+02, 0.980029690716996
1.8225748E+02, 0.979263208344569
1.8228028E+02, 0.978551850831258
1.8230307E+02, 0.977867442919283
1.8232587E+02, 0.977311291159507
1.8234866E+02, 0.976622749999907
1.8237146E+02, 0.975902756468082
1.8239881E+02, 0.974983284278877
1.8242616E+02, 0.974008652863159
1.8245352E+02, 0.973008619684606
1.8248087E+02, 0.972035345504223
1.8250823E+02, 0.971155662836571
1.8253558E+02, 0.972111727144225
1.8256293E+02, 0.971635980156219
1.8259029E+02, 0.971437217290709
1.8261764E+02, 0.971578458270671
1.8264499E+02, 0.972081734561043
1.8267235E+02, 0.972932688635278
1.8269970E+02, 0.974078537126817
1.8272706E+02, 0.975427064134596
1.8275441E+02, 0.975253062814438
1.8278176E+02, 0.976667302800119
1.8280912E+02, 0.977958001158194
1.8283647E+02, 0.978999737726468
1.8286382E+02, 0.979727258140928
1.8289118E+02, 0.980119559183514
1.8291853E+02, 0.980186071534142
1.8294589E+02, 0.978810876389658
1.8297324E+02, 0.978342340363345
1.8300059E+02, 0.977671280136655
1.8302795E+02, 0.976882749649682
1.8305530E+02, 0.976044720844968
1.8308265E+02, 0.975214018010418
1.8311001E+02, 0.974436716488661
1.8313736E+02, 0.976582610549673
1.8316472E+02, 0.975970390301020
1.8319207E+02, 0.975454453881709
1.8321942E+02, 0.975016427518616
1.8324678E+02, 0.974620802174649
1.8327413E+02, 0.974224772607654
1.8330149E+02, 0.973785061655175
1.8332884E+02, 0.971684049686041
1.8335619E+02, 0.971095080150324
1.8338355E+02, 0.970399898768947
1.8341090E+02, 0.969594039655239
1.8343825E+02, 0.968695381075111
1.8346561E+02, 0.967732745749649
1.8349296E+02, 0.966740414725850
1.8352579E+02, 0.965554690978423
1.8355861E+02, 0.963066936140580
1.8359144E+02, 0.962024247648550
1.8362426E+02, 0.961099304971650
1.8365708E+02, 0.960294651299290
1.8368991E+02, 0.959582330275270
1.8372273E+02, 0.958922672799760
1.8375556E+02, 0.958017730687034
1.8378838E+02, 0.957360901662546
1.8382121E+02, 0.956642563337815
1.8385403E+02, 0.955818346838974
1.8388686E+02, 0.954863071197100
1.8391968E+02, 0.953764376473421
1.8395250E+02, 0.952154242579410
1.8398533E+02, 0.950758598861468
1.8401815E+02, 0.949239302825443
1.8405098E+02, 0.947627579972750
1.8408380E+02, 0.945950018171345
1.8411663E+02, 0.944226224183537
1.8414945E+02, 0.943585958460942
1.8418228E+02, 0.940998941860156
1.8420854E+02, 0.938469617024105
1.8422977E+02, 0.936271645252869
1.8425100E+02, 0.934019109781222
1.8427223E+02, 0.931772402718096
1.8429346E+02, 0.929586495314525
1.8431469E+02, 0.927508231674957
1.8433592E+02, 0.928774469021121
1.8435715E+02, 0.926950079951978
1.8437838E+02, 0.925289827464296
1.8439961E+02, 0.923791630520523
1.8442509E+02, 0.922181553914687
1.8445057E+02, 0.920727790845282
1.8447604E+02, 0.919362630007414
1.8450152E+02, 0.918015426380256
1.8452700E+02, 0.915924846674396
1.8455247E+02, 0.914490061730744
1.8457795E+02, 0.912938356218046
1.8460343E+02, 0.911238289380840
1.8462890E+02, 0.909391953612196
1.8465438E+02, 0.907412387379776
1.8467986E+02, 0.905313495422225
1.8470533E+02, 0.903105528876948
1.8473081E+02, 0.902120179697758
1.8475629E+02, 0.900052834963690
1.8478176E+02, 0.898136891673720
1.8480724E+02, 0.896404973860865
1.8483272E+02, 0.894890804109169
1.8486329E+02, 0.893395334736133
1.8489997E+02, 0.892117307107624
1.8493666E+02, 0.891433899729942
1.8497335E+02, 0.894256212071389
1.8501003E+02, 0.894726542886686
1.8504672E+02, 0.895575654105679
1.8508341E+02, 0.896643363680639
1.8512009E+02, 0.897783833963506
1.8516412E+02, 0.895964350100672
1.8520814E+02, 0.897226532506427
1.8525217E+02, 0.898269072217132
1.8529619E+02, 0.899119604856785
1.8534021E+02, 0.899955567485371
1.8538424E+02, 0.901768960995126
1.8542826E+02, 0.902950881883722
1.8547228E+02, 0.904403513900308
1.8551631E+02, 0.906033524899515
1.8555246E+02, 0.907617856312319
1.8558861E+02, 0.908649211079949
1.8562476E+02, 0.909374700619715
1.8566091E+02, 0.909767616627251
1.8569706E+02, 0.909909952688142
1.8573321E+02, 0.909922790210267
1.8576324E+02, 0.909826372326626
1.8579327E+02, 0.909837544395800
1.8582330E+02, 0.909889633549393
1.8585333E+02, 0.910016556111273
1.8588336E+02, 0.910233596608057
1.8590748E+02, 0.910482813113802
1.8593160E+02, 0.910416702684493
1.8595572E+02, 0.910823708779880
1.8597984E+02, 0.911323460045345
1.8600396E+02, 0.911928828336686
1.8602808E+02, 0.912650133128820
1.8605220E+02, 0.913498965637553
1.8607632E+02, 0.914486066596840
1.8610044E+02, 0.915619737572692
1.8612456E+02, 0.914755232430851
1.8614868E+02, 0.916629964035124
1.8617281E+02, 0.919008907679767
1.8619693E+02, 0.921740466063401
1.8621713E+02, 0.924188160066192
1.8623733E+02, 0.926697557367115
1.8625754E+02, 0.929197031560071
1.8627774E+02, 0.931620074737557
1.8629794E+02, 0.933914936850525
1.8631814E+02, 0.936047119519874
1.8633835E+02, 0.933706323799528
1.8635855E+02, 0.935570686292974
1.8637875E+02, 0.937271478305460
1.8639896E+02, 0.938841077838880
1.8641916E+02, 0.940316049104342
1.8643936E+02, 0.941735069461355
1.8645957E+02, 0.943136583047064
1.8647977E+02, 0.944556187766651
1.8650401E+02, 0.946320506630354
1.8652826E+02, 0.950039026020420
1.8655250E+02, 0.951958673557410
1.8657675E+02, 0.954008936078210
1.8660099E+02, 0.956182542953841
1.8662523E+02, 0.958449879075110
1.8664948E+02, 0.960770388682192
1.8667372E+02, 0.963098760353895
1.8669796E+02, 0.965386733248228
1.8672221E+02, 0.967586103989058
1.8674645E+02, 0.967835748445851
1.8677070E+02, 0.969737664199172
1.8679494E+02, 0.971437087700293
1.8681918E+02, 0.972898841033653
1.8684343E+02, 0.974110151552051
1.8686767E+02, 0.975072307812839
1.8689191E+02, 0.975800636461756
1.8691616E+02, 0.976322816255855
1.8694040E+02, 0.976013672992935
1.8696465E+02, 0.976238015475719
1.8698889E+02, 0.976380825080474
1.8701313E+02, 0.976505710787584
1.8703738E+02, 0.976663097765417
1.8706162E+02, 0.976894246016308
1.8708174E+02, 0.977167335172044
1.8710185E+02, 0.977524740874297
1.8712197E+02, 0.979401298606883
1.8714209E+02, 0.979925114352767
1.8716220E+02, 0.980527323667995
1.8718232E+02, 0.981194877994947
1.8720244E+02, 0.981911479897355
1.8722255E+02, 0.982659249353968
1.8724267E+02, 0.983419329425350
1.8726279E+02, 0.984173044884616
1.8728290E+02, 0.984904689219744
1.8730302E+02, 0.985602546701408
1.8732314E+02, 0.984529112118938
1.8734325E+02, 0.985149605249100
1.8736337E+02, 0.985728485281117
1.8738349E+02, 0.986270613010825
1.8740360E+02, 0.986785364920643
1.8742372E+02, 0.987286333589454
1.8744786E+02, 0.987888429728556
1.8747200E+02, 0.988520701043494
1.8749614E+02, 0.989215281298701
1.8752028E+02, 0.990000795958576
1.8754442E+02, 0.990994317990271
1.8756856E+02, 0.992005138084911
1.8759270E+02, 0.993148244103973
1.8761684E+02, 0.994424901245941
1.8764098E+02, 0.995825013472296
1.8766512E+02, 0.997336345080308
1.8768926E+02, 0.998941783927992
1.8771340E+02, 1.00064401569188
1.8773754E+02, 1.00168119242893
1.8776168E+02, 1.00344176910572
1.8778582E+02, 1.00519056840014
1.8780996E+02, 1.00690065082448
1.8783410E+02, 1.00855437699891
1.8785824E+02, 1.01013888215149
1.8788238E+02, 1.01164816729055
1.8790652E+02, 1.01308382653463
1.8793066E+02, 1.01278378336425
1.8795480E+02, 1.01410631287652
1.8797894E+02, 1.01539575126315
1.8800308E+02, 1.01667803522275
1.8802722E+02, 1.01797623281086
1.8805136E+02, 1.01930990229253
1.8807550E+02, 1.02069351336302
1.8809964E+02, 1.02213579320091
1.8812378E+02, 1.02363788629551
1.8814792E+02, 1.02520763724956
1.8817206E+02, 1.02637394102517
1.8819620E+02, 1.02721468692813
1.8822034E+02, 1.02784190671608
1.8824447E+02, 1.02835052073828
1.8826861E+02, 1.02881943128117
1.8829275E+02, 1.02931201470238
1.8831689E+02, 1.02987247055074
1.8834103E+02, 1.03183429292431
1.8836517E+02, 1.03256316932922
1.8838931E+02, 1.03338058183676
1.8841345E+02, 1.03426516684525
1.8843759E+02, 1.03518630237834
1.8846173E+02, 1.03611080349115
1.8848587E+02, 1.03700437784036
1.8851001E+02, 1.03783328007837
1.8853415E+02, 1.03738894604231
1.8855829E+02, 1.03800960664497
1.8858243E+02, 1.03848944878047
1.8860657E+02, 1.03880629905267
1.8863071E+02, 1.03895140627191
1.8865485E+02, 1.03892642851170
1.8867899E+02, 1.03874408892606
1.8870313E+02, 1.03842795168787
1.8872727E+02, 1.03872854557153
1.8875624E+02, 1.03812501883853
1.8878521E+02, 1.03750067650731
1.8881418E+02, 1.03696407174298
1.8884314E+02, 1.03660062023317
1.8887211E+02, 1.03647099156168
1.8890108E+02, 1.03660787851703
1.8893005E+02, 1.03809404987516
1.8895901E+02, 1.03874310090211
1.8898798E+02, 1.03960982890058
1.8901695E+02, 1.04063035051524
1.8904592E+02, 1.04174032431031
1.8907489E+02, 1.04288086418189
1.8910385E+02, 1.04400220354754
1.8913282E+02, 1.04273074500577
1.8916179E+02, 1.04374480688803
1.8919076E+02, 1.04468597917774
1.8921973E+02, 1.04556225784143
1.8924869E+02, 1.04640002115096
1.8927766E+02, 1.04723304226919
1.8930663E+02, 1.04809564811667
1.8933560E+02, 1.04995409167086
1.8936456E+02, 1.05091732978433
1.8939353E+02, 1.05197093366617
1.8942250E+02, 1.05312505317473
1.8945147E+02, 1.05437180366062
1.8948044E+02, 1.05569342444083
1.8950940E+02, 1.05706493477053
1.8953837E+02, 1.05919960724586
1.8956734E+02, 1.06059757108823
1.8959631E+02, 1.06197600046805
1.8962527E+02, 1.06331046502375
1.8965424E+02, 1.06459196055942
1.8968321E+02, 1.06582265015869
1.8971218E+02, 1.06701342156708
1.8974115E+02, 1.06805531512990
1.8977011E+02, 1.06921365458628
1.8979908E+02, 1.07038853969173
1.8982805E+02, 1.07160896870893
1.8985702E+02, 1.07289362848905
1.8988599E+02, 1.07425203956634
1.8991495E+02, 1.07568475273666
1.8994392E+02, 1.07740694482016
1.8997289E+02, 1.07897066807669
1.9000186E+02, 1.08057042204327
1.9003082E+02, 1.08217806916261
1.9005979E+02, 1.08377048851758
1.9008876E+02, 1.08533195371497
1.9011773E+02, 1.08685244290306
1.9014670E+02, 1.08699695262293
1.9017566E+02, 1.08884682070697
1.9020463E+02, 1.09098139855031
1.9023360E+02, 1.09324531423579
1.9026257E+02, 1.09550559611755
1.9029154E+02, 1.09766595931705
1.9032050E+02, 1.09966334535847
1.9034947E+02, 1.09940108418763
1.9037844E+02, 1.10105549879784
1.9040741E+02, 1.10259398549924
1.9043637E+02, 1.10407564385491
1.9046534E+02, 1.10556670819358
1.9049431E+02, 1.10711680663418
1.9052328E+02, 1.10875490154111
1.9055225E+02, 1.11107349048400
1.9058121E+02, 1.11288179228533
1.9061018E+02, 1.11475797006728
1.9063915E+02, 1.11666485174454
1.9066812E+02, 1.11856795083020
1.9069708E+02, 1.12043613961453
1.9072605E+02, 1.12223469002340
1.9075502E+02, 1.12282832921005
1.9078399E+02, 1.12440079320014
1.9081296E+02, 1.12577249783898
1.9084772E+02, 1.12707568206423
1.9088248E+02, 1.12792238819684
1.9091724E+02, 1.12825106967026
1.9095895E+02, 1.12706584510921
1.9100067E+02, 1.12602847854589
1.9104238E+02, 1.12442877330424
1.9108410E+02, 1.12255656478042
1.9112581E+02, 1.12071980546578
1.9116752E+02, 1.12249567555691
1.9120924E+02, 1.12106442228330
1.9125095E+02, 1.11979481801019
1.9129266E+02, 1.11850906018523
1.9132603E+02, 1.11730580479814
1.9135941E+02, 1.11492111040058
1.9139278E+02, 1.11336492795279
1.9142014E+02, 1.11198116715071
1.9144751E+02, 1.11053863826903
1.9147488E+02, 1.10908617336603
1.9150224E+02, 1.10766798921524
1.9152961E+02, 1.10650762797829
1.9155698E+02, 1.10524285839861
1.9158434E+02, 1.10409203115319
1.9161171E+02, 1.10306496334249
1.9163908E+02, 1.10214685887647
1.9166644E+02, 1.10130830520184
1.9169381E+02, 1.10051128458863
1.9172118E+02, 1.09975405586436
1.9174307E+02, 1.09944400750404
1.9176496E+02, 1.09879092781977
1.9178686E+02, 1.09809738357900
1.9180875E+02, 1.09734783944913
1.9183064E+02, 1.09653274489410
1.9185254E+02, 1.09564560656589
1.9187443E+02, 1.09468188970309
1.9189632E+02, 1.09363902560128
1.9191822E+02, 1.09251604431852
1.9194011E+02, 1.09292777679309
1.9196200E+02, 1.09166093828997
1.9198017E+02, 1.09054400256557
1.9199833E+02, 1.08936750777008
1.9201650E+02, 1.08813218791999
1.9203466E+02, 1.08683827537688
1.9205283E+02, 1.08548584787192
1.9207099E+02, 1.08407567972212
1.9208916E+02, 1.08260781794012
1.9210732E+02, 1.08108286846123
1.9212549E+02, 1.08301889478228
1.9214365E+02, 1.08108436835081
1.9216182E+02, 1.07888619093687
1.9217998E+02, 1.07648682642743
1.9219815E+02, 1.07393886982242
1.9221631E+02, 1.07129078778287
1.9223448E+02, 1.06859221569571
1.9225264E+02, 1.06589045021442
1.9227081E+02, 1.06322978948910
1.9228897E+02, 1.06065013037278
1.9230714E+02, 1.05818101141575
1.9232530E+02, 1.06010398008115
1.9234347E+02, 1.05785962545359
1.9236163E+02, 1.05575118869568
1.9237980E+02, 1.05377149634038
1.9239796E+02, 1.05190575436866
1.9241613E+02, 1.05013535072293
1.9243429E+02, 1.04843921285168
1.9245246E+02, 1.04679508099142
1.9247062E+02, 1.04518069942718
1.9248879E+02, 1.04357569881981
1.9250695E+02, 1.04196198050069
1.9252512E+02, 1.03939289149403
1.9254328E+02, 1.03775458904165
1.9256145E+02, 1.03607783021321
1.9257961E+02, 1.03435705232839
1.9259778E+02, 1.03259361359419
1.9261958E+02, 1.03042509987330
1.9264137E+02, 1.02821232778316
1.9266317E+02, 1.02597572659922
1.9268497E+02, 1.02374181983740
1.9270677E+02, 1.02154374951149
1.9272857E+02, 1.02086496858190
1.9275036E+02, 1.01883812694272
1.9277216E+02, 1.01694097560167
1.9279396E+02, 1.01521200734168
1.9281576E+02, 1.01367511958764
1.9283756E+02, 1.01234299283580
1.9285935E+02, 1.01122449555750
1.9288115E+02, 1.01032138575939
1.9290295E+02, 1.00962969646425
1.9292475E+02, 1.01069824127410
1.9294655E+02, 1.01040068574224
1.9296834E+02, 1.01023960758513
1.9299014E+02, 1.01016647984091
1.9301194E+02, 1.01013282715472
1.9303374E+02, 1.01009120173174
1.9305554E+02, 1.00999855363393
1.9307733E+02, 1.00981996921754
1.9309913E+02, 1.00953129555522
1.9312093E+02, 1.00911894622039
1.9314273E+02, 1.00626138954557
1.9316453E+02, 1.00563348080421
1.9318632E+02, 1.00489338052629
1.9320812E+02, 1.00405987739025
1.9322992E+02, 1.00315221670246
1.9325172E+02, 1.00218929426777
1.9327352E+02, 1.00119040573347
1.9329531E+02, 1.00019080671731
1.9331711E+02, 0.999304585946402
1.9333891E+02, 0.999897518200132
1.9336071E+02, 0.999095323513074
1.9338251E+02, 0.998364997968609
1.9340430E+02, 0.997698837149988
1.9342610E+02, 0.997082683758152
1.9344790E+02, 0.996499592650099
1.9346970E+02, 0.995929660159696
1.9349150E+02, 0.995349184900984
1.9351329E+02, 0.994737084973373
1.9353509E+02, 0.993234013817006
1.9355689E+02, 0.992527061899652
1.9357869E+02, 0.991740934704916
1.9360049E+02, 0.990860209434748
1.9362228E+02, 0.989878554539879
1.9364408E+02, 0.988795058855147
1.9366588E+02, 0.987613106504135
1.9368768E+02, 0.986340107721525
1.9370948E+02, 0.984985484176714
1.9373127E+02, 0.983097139042183
1.9375307E+02, 0.981634617812488
1.9377487E+02, 0.980141314609881
1.9379667E+02, 0.978638933013653
1.9381847E+02, 0.977144284110953
1.9384026E+02, 0.975670417037920
1.9386206E+02, 0.974226556837812
1.9388386E+02, 0.972818664230579
1.9390566E+02, 0.971448794751255
1.9392746E+02, 0.971493779022746
1.9394925E+02, 0.970178265841849
1.9397105E+02, 0.968893237413878
1.9399285E+02, 0.967629938385658
1.9401465E+02, 0.966378499451081
1.9403645E+02, 0.965128795151192
1.9405824E+02, 0.963870579448073
1.9408004E+02, 0.962594327272336
1.9410184E+02, 0.961291949238721
1.9412364E+02, 0.960098731541348
1.9414544E+02, 0.958891368195697
1.9416723E+02, 0.957777276778079
1.9418903E+02, 0.956709540948940
1.9421083E+02, 0.955653791582664
1.9423263E+02, 0.954585229478223
1.9425443E+02, 0.953486658479984
1.9427622E+02, 0.952348460317961
1.9429802E+02, 0.951168870058973
1.9431982E+02, 0.949952605038113
1.9434162E+02, 0.948974599796581
1.9436342E+02, 0.947710221911588
1.9438521E+02, 0.946449431698909
1.9440701E+02, 0.945216977136377
1.9442881E+02, 0.944033070917664
1.9445061E+02, 0.942914436192226
1.9447241E+02, 0.941875775717350
1.9449420E+02, 0.940929326644149
1.9451600E+02, 0.940084650955857
1.9453780E+02, 0.940948525512315
1.9455960E+02, 0.940340738435132
1.9458140E+02, 0.939847903067291
1.9460319E+02, 0.939469559376934
1.9462499E+02, 0.939200717488573
1.9464679E+02, 0.939032417067335
1.9466859E+02, 0.938951551521966
1.9469039E+02, 0.938940280894077
1.9471218E+02, 0.938976464118299
1.9473398E+02, 0.938167579686962
1.9475578E+02, 0.938230689839309
1.9478194E+02, 0.938274531313343
1.9480810E+02, 0.938229369498645
1.9483425E+02, 0.938050239922025
1.9486041E+02, 0.937706861122467
1.9488657E+02, 0.937183146527336
1.9491273E+02, 0.936476412933676
1.9493888E+02, 0.935720437594693
1.9496504E+02, 0.934679289840386
1.9499120E+02, 0.933509140646202
1.9501736E+02, 0.932255041932635
1.9504351E+02, 0.930959276552064
1.9506967E+02, 0.929659806289017
1.9509583E+02, 0.928389277334195
1.9512199E+02, 0.927172012980908
1.9514814E+02, 0.928151584392911
1.9517430E+02, 0.927049314758926
1.9520046E+02, 0.925994623552580
1.9523185E+02, 0.924760411361809
1.9526324E+02, 0.923508159027624
1.9529463E+02, 0.922176391091181
1.9532602E+02, 0.920713883377010
1.9535225E+02, 0.917998524562985
1.9537848E+02, 0.916579339520853
1.9540471E+02, 0.915060697851398
1.9543093E+02, 0.913462469006878
1.9545716E+02, 0.911813601686243
1.9548339E+02, 0.910143671165514
1.9550962E+02, 0.908480868301318
1.9553585E+02, 0.906781150991047
1.9556208E+02, 0.905194262073865
1.9558831E+02, 0.903675533465426
1.9561454E+02, 0.902250436321178
1.9564077E+02, 0.900934179423441
1.9566700E+02, 0.899782828591949
1.9569323E+02, 0.898811595923859
1.9571946E+02, 0.897951775131315
1.9574569E+02, 0.897498101072871
1.9577192E+02, 0.896769800948733
1.9579815E+02, 0.896088873127152
1.9582438E+02, 0.895429865226217
1.9585061E+02, 0.894776971475305
1.9587684E+02, 0.894121617995615
1.9590307E+02, 0.893460178622653
1.9592930E+02, 0.892245843751399
1.9595553E+02, 0.891587881772498
1.9598176E+02, 0.890936340823307
1.9600798E+02, 0.890304290380304
1.9603421E+02, 0.889700976160306
1.9606044E+02, 0.889135258787732
1.9608667E+02, 0.888610925703033
1.9611290E+02, 0.888130103540753
1.9614438E+02, 0.887668382917879
1.9617585E+02, 0.887125987513583
1.9620733E+02, 0.886505855172340
1.9623881E+02, 0.885754595415680
1.9627028E+02, 0.884877584493048
1.9630176E+02, 0.883929943546200
1.9633953E+02, 0.881935386543028
1.9637730E+02, 0.880862323375387
1.9641507E+02, 0.879909261845088
1.9646039E+02, 0.878908177399707
1.9650572E+02, 0.877866726658015
1.9655104E+02, 0.875149573249989
1.9659637E+02, 0.873544253612120
1.9664169E+02, 0.871678203369166
1.9667840E+02, 0.870118200545628
1.9671512E+02, 0.868643390093413
1.9675183E+02, 0.867324251488600
1.9678855E+02, 0.866113046346659
1.9682526E+02, 0.865122551657321
1.9686197E+02, 0.864508902520637
1.9689869E+02, 0.864481039779602
1.9693540E+02, 0.865231301921709
1.9697211E+02, 0.867076777984950
1.9700883E+02, 0.869395857481041
1.9704554E+02, 0.872137596282398
1.9708226E+02, 0.874828029415056
1.9711897E+02, 0.877031570693427
1.9715568E+02, 0.874770563703123
1.9719240E+02, 0.875930697295388
1.9722309E+02, 0.876702955361430
1.9725378E+02, 0.877520729738893
1.9728448E+02, 0.878532073481441
1.9731517E+02, 0.879805006169043
1.9734586E+02, 0.883259879891112
1.9737123E+02, 0.884668122270869
1.9739659E+02, 0.886180188906997
1.9742196E+02, 0.887738667210056
1.9744733E+02, 0.889299721610104
1.9747269E+02, 0.890832150560538
1.9749806E+02, 0.892318477606374
1.9752342E+02, 0.893748701955792
1.9754879E+02, 0.894743690020363
1.9757415E+02, 0.896060508854554
1.9759952E+02, 0.897321127448209
1.9762489E+02, 0.898533128870445
1.9765025E+02, 0.899691608239106
1.9767562E+02, 0.900760953875047
1.9770098E+02, 0.901738220400908
1.9772635E+02, 0.902143236887064
1.9774717E+02, 0.902884079201512
1.9776799E+02, 0.903613330325191
1.9778882E+02, 0.904353498515750
1.9780964E+02, 0.905129152387296
1.9783046E+02, 0.905964075049527
1.9785129E+02, 0.906881340114751
1.9787211E+02, 0.907901495330404
1.9789293E+02, 0.909040721773547
1.9791375E+02, 0.910309719639044
1.9793458E+02, 0.911075390177306
1.9795540E+02, 0.912619238704863
1.9797622E+02, 0.914296343137269
1.9799704E+02, 0.916093606312052
1.9801787E+02, 0.917995926135578
1.9803869E+02, 0.919988554415104
1.9805951E+02, 0.922057991205142
1.9808033E+02, 0.924192650871203
1.9810116E+02, 0.926382844708156
1.9812198E+02, 0.925317763121990
1.9814280E+02, 0.927905747721671
1.9815998E+02, 0.930242293198868
1.9817715E+02, 0.932712410141975
1.9819432E+02, 0.935280362366119
1.9821150E+02, 0.937909870392523
1.9822867E+02, 0.940565773772686
1.9824585E+02, 0.943212194020239
1.9826302E+02, 0.945814878966080
1.9828019E+02, 0.948345245727475
1.9829737E+02, 0.950777185311167
1.9831454E+02, 0.953094636525160
1.9833171E+02, 0.952430393228547
1.9834889E+02, 0.954517751815249
1.9836606E+02, 0.956477333988503
1.9838324E+02, 0.958315938635450
1.9840041E+02, 0.960044628942871
1.9841758E+02, 0.961678768662683
1.9843476E+02, 0.963235573938151
1.9845193E+02, 0.964733292827477
1.9846910E+02, 0.966191218437233
1.9848628E+02, 0.967626988608477
1.9850345E+02, 0.969056984088699
1.9852063E+02, 0.971770144731032
1.9853780E+02, 0.973207211672044
1.9855497E+02, 0.974665359343979
1.9857215E+02, 0.976150159510254
1.9858932E+02, 0.977659921498475
1.9860649E+02, 0.979189354342348
1.9862710E+02, 0.981037964971938
1.9864771E+02, 0.982881888464547
1.9866832E+02, 0.984696970739518
1.9868893E+02, 0.986460032272039
1.9870954E+02, 0.988149977212075
1.9873015E+02, 0.988808964231309
1.9875075E+02, 0.990285442205353
1.9877136E+02, 0.991624647257189
1.9879197E+02, 0.992808327736416
1.9881258E+02, 0.993827126622628
1.9883319E+02, 0.994680396401086
1.9885380E+02, 0.995376981537935
1.9887441E+02, 0.995935570020925
1.9889501E+02, 0.996380937365807
1.9891562E+02, 0.996743206840135
1.9893623E+02, 0.997978560433817
1.9895684E+02, 0.998242215754960
1.9897745E+02, 0.998504456811148
1.9899447E+02, 0.998749038751581
1.9901149E+02, 0.999033338468324
1.9902851E+02, 0.999369505834835
1.9904554E+02, 0.999773459648055
1.9906256E+02, 1.00024473170939
1.9907958E+02, 1.00079591090535
1.9909660E+02, 1.00140650811303
1.9911362E+02, 1.00207977973656
1.9913065E+02, 1.00423165627686
1.9914767E+02, 1.00503037277259
1.9916469E+02, 1.00588650430007
1.9918171E+02, 1.00679452786553
1.9919873E+02, 1.00774860907421
1.9921575E+02, 1.00874159822813
1.9923278E+02, 1.00976480043640
1.9924980E+02, 1.01080832063697
1.9926682E+02, 1.01186170979341
1.9928384E+02, 1.01291474065178
1.9930086E+02, 1.01395816441672
1.9931789E+02, 1.01362787020207
1.9933491E+02, 1.01463720755139
1.9935193E+02, 1.01562374723977
1.9936895E+02, 1.01658508566153
1.9938597E+02, 1.01752179071021
1.9940300E+02, 1.01843646988540
1.9942002E+02, 1.01933344949443
1.9943704E+02, 1.02021864640811
1.9945406E+02, 1.02109886086573
1.9947108E+02, 1.02198171877948
1.9948811E+02, 1.02287516671948
1.9950513E+02, 1.02378706390359
1.9952555E+02, 1.02498350284073
1.9954598E+02, 1.02614114408506
1.9956641E+02, 1.02735644950392
1.9958683E+02, 1.02863989188564
1.9960726E+02, 1.02999498794685
1.9962768E+02, 1.03142218932707
1.9964811E+02, 1.03291962436938
1.9966854E+02, 1.03448213652546
1.9968896E+02, 1.03610355950728
1.9970939E+02, 1.03777561863464
1.9972982E+02, 1.03895450982952
1.9975024E+02, 1.04070237446169
1.9977067E+02, 1.04247093880275
1.9979109E+02, 1.04424669916914
1.9981152E+02, 1.04601986767108
1.9983195E+02, 1.04778291316542
1.9985237E+02, 1.04953000671392
1.9987280E+02, 1.05125705787850
1.9989323E+02, 1.05296193658547
1.9991365E+02, 1.05464515048374
1.9993408E+02, 1.05454491976958
1.9995450E+02, 1.05619584811256
1.9997493E+02, 1.05783368915250
1.9999536E+02, 1.05946482403078
2.0001578E+02, 1.06109483254343
2.0003621E+02, 1.06272938564657
2.0005664E+02, 1.06437339272187
2.0007706E+02, 1.06603003616824
2.0009749E+02, 1.06770231707609
2.0011791E+02, 1.06939134440345
2.0013834E+02, 1.07050494368971
2.0015877E+02, 1.07203607354709
2.0017919E+02, 1.07342140609879
2.0019962E+02, 1.07470879522434
2.0022005E+02, 1.07593859542669
2.0024047E+02, 1.07714457788703
2.0026090E+02, 1.07835513858357
2.0028133E+02, 1.07959096692653
2.0030175E+02, 1.08086600050592
2.0032218E+02, 1.08230617782476
2.0034260E+02, 1.08366454364766
2.0036303E+02, 1.08505692543894
2.0038346E+02, 1.08646716464562
2.0040388E+02, 1.08787647024353
2.0042431E+02, 1.08926997079239
2.0044474E+02, 1.09063078996877
2.0046516E+02, 1.09194687011744
2.0048559E+02, 1.09320701056152
2.0050601E+02, 1.09440033688051
2.0052644E+02, 1.09311143732161
2.0054687E+02, 1.09411403847068
2.0056729E+02, 1.09502571950681
2.0058772E+02, 1.09584643705513
2.0060815E+02, 1.09657935148471
2.0062857E+02, 1.09723024008939
2.0064900E+02, 1.09780794180658
2.0066942E+02, 1.09832380468950
2.0068985E+02, 1.09879169301216
2.0071028E+02, 1.09922698576921
2.0073070E+02, 1.09968521815095
2.0075113E+02, 1.10011361392133
2.0077156E+02, 1.10056221253537
2.0079198E+02, 1.10105257352361
2.0081241E+02, 1.10159981364051
2.0083283E+02, 1.10221724409037
2.0085326E+02, 1.10291580725383
2.0087369E+02, 1.10370250917422
2.0089411E+02, 1.10458233964720
2.0091454E+02, 1.10555697635022
2.0093497E+02, 1.10568964045014
2.0095539E+02, 1.10684950605466
2.0097582E+02, 1.10808910582030
2.0099624E+02, 1.10939238473094
2.0102076E+02, 1.11101697170640
2.0104527E+02, 1.11267544159923
2.0106978E+02, 1.11433126161691
2.0109429E+02, 1.11595088693428
2.0111880E+02, 1.11751094365418
2.0114331E+02, 1.11638641547176
2.0116783E+02, 1.11780119915257
2.0119234E+02, 1.11913055795834
2.0121685E+02, 1.12037731774809
2.0124626E+02, 1.12177803356239
2.0127568E+02, 1.12309925776511
2.0130509E+02, 1.12437511592977
2.0133450E+02, 1.12639326156013
2.0136392E+02, 1.12762188576214
2.0139333E+02, 1.12888210265726
2.0142274E+02, 1.13019136719974
2.0145216E+02, 1.13154274285196
2.0148157E+02, 1.13291266620532
2.0150594E+02, 1.13403461105575
2.0153031E+02, 1.13582198716515
2.0155468E+02, 1.13687128176430
2.0157904E+02, 1.13785296420557
2.0160341E+02, 1.13874433426543
2.0162778E+02, 1.13953293914657
2.0165215E+02, 1.14021276923602
2.0167652E+02, 1.14078356841881
2.0170088E+02, 1.14125037537878
2.0173013E+02, 1.14142122086625
2.0175937E+02, 1.14173393842184
2.0178861E+02, 1.14195547555811
2.0181785E+02, 1.14212350413279
2.0184709E+02, 1.14226718561193
2.0187633E+02, 1.14240785935792
2.0191142E+02, 1.14258934776940
2.0194651E+02, 1.14417040722488
2.0198160E+02, 1.14437611373177
2.0201669E+02, 1.14459132764790
2.0205178E+02, 1.14477977369236
2.0208687E+02, 1.14490813608227
2.0212196E+02, 1.14495072153804
2.0215705E+02, 1.14588067171992
2.0219214E+02, 1.14612998115072
2.0222723E+02, 1.14661733789688
2.0226232E+02, 1.14714183847433
2.0229741E+02, 1.14750337014673
2.0233952E+02, 1.14753363074810
2.0238163E+02, 1.14684626379202
2.0241531E+02, 1.14610338532086
2.0244900E+02, 1.14518511637917
2.0248269E+02, 1.14426435130746
2.0251637E+02, 1.14347575139377
2.0255006E+02, 1.14500742542607
2.0258374E+02, 1.14457688857117
2.0261743E+02, 1.14429316548743
2.0265112E+02, 1.14408977953513
2.0268480E+02, 1.14391092354250
2.0271849E+02, 1.14373387894615
2.0275218E+02, 1.14410223733253
2.0278586E+02, 1.14387829560709
2.0281955E+02, 1.14351922420578
2.0285323E+02, 1.14289002289398
2.0288692E+02, 1.14184384848468
2.0292061E+02, 1.14026638916615
2.0295429E+02, 1.13886656118544
2.0298798E+02, 1.13625512871135
2.0302167E+02, 1.13331402011940
2.0305535E+02, 1.13027163967813
2.0308301E+02, 1.12789955371929
2.0311067E+02, 1.12575804242995
2.0313833E+02, 1.12742220576006
2.0316599E+02, 1.12583956819974
2.0319364E+02, 1.12447374283088
2.0322130E+02, 1.12324092387175
2.0324896E+02, 1.12203111450878
2.0327662E+02, 1.12074314646270
2.0330428E+02, 1.11930260005609
2.0332689E+02, 1.11612159487877
2.0334950E+02, 1.11470899090655
2.0337211E+02, 1.11319167118744
2.0339472E+02, 1.11159165533448
2.0341733E+02, 1.10993941986109
2.0343994E+02, 1.10826457875781
2.0346255E+02, 1.10659402983521
2.0348517E+02, 1.10494535681432
2.0350778E+02, 1.10332661411804
2.0353039E+02, 1.10192188811804
2.0355300E+02, 1.10031629847366
2.0357561E+02, 1.09876744243652
2.0359822E+02, 1.09728045010916
2.0362083E+02, 1.09583516322726
2.0363966E+02, 1.09465230022040
2.0365849E+02, 1.09347862523488
2.0367733E+02, 1.09230553136134
2.0369616E+02, 1.09112517271539
2.0371499E+02, 1.08993224641802
2.0373382E+02, 1.08913488034510
2.0375265E+02, 1.08790794545275
2.0377148E+02, 1.08666300221756
2.0379032E+02, 1.08539765258019
2.0380915E+02, 1.08410929059856
2.0382798E+02, 1.08279548909301
2.0384681E+02, 1.08145291916572
2.0386564E+02, 1.08007727882086
2.0388447E+02, 1.07866454779603
2.0390331E+02, 1.07721015632095
2.0392214E+02, 1.07627514363006
2.0394097E+02, 1.07471595188474
2.0395980E+02, 1.07310452149166
2.0397863E+02, 1.07143813625594
2.0399746E+02, 1.06971529277346
2.0401630E+02, 1.06793614712510
2.0403513E+02, 1.06610159594706
2.0405396E+02, 1.06421355227307
2.0407279E+02, 1.06227499219278
2.0409162E+02, 1.06029000702240
2.0411045E+02, 1.05826381568846
2.0412929E+02, 1.05695850171770
2.0414812E+02, 1.05477312524265
2.0416695E+02, 1.05248861011931
2.0418578E+02, 1.05013729670416
2.0420152E+02, 1.04814373388021
2.0421725E+02, 1.04614000372962
2.0423299E+02, 1.04413992778751
2.0424873E+02, 1.04215693478518
2.0426446E+02, 1.04020327446364
2.0428020E+02, 1.03828942255753
2.0429594E+02, 1.03642401013810
2.0431167E+02, 1.03461330267937
2.0432741E+02, 1.03454857868930
2.0434314E+02, 1.03285523599115
2.0435888E+02, 1.03122215290337
2.0437462E+02, 1.02964830556207
2.0439035E+02, 1.02812974283814
2.0440609E+02, 1.02666178501689
2.0442183E+02, 1.02523812696203
2.0443756E+02, 1.02385233012036
2.0445330E+02, 1.02249653124055
2.0446903E+02, 1.02116357764116
2.0448477E+02, 1.01984617296547
2.0450051E+02, 1.01853722606095
2.0451624E+02, 1.01683965362428
2.0453198E+02, 1.01553423629712
2.0454772E+02, 1.01422427983046
2.0456345E+02, 1.01290621852201
2.0457919E+02, 1.01157745115035
2.0459493E+02, 1.01023709284906
2.0461066E+02, 1.00888512224379
2.0462640E+02, 1.00752074912260
2.0464213E+02, 1.00614532453071
2.0465787E+02, 1.00476079055791
2.0467361E+02, 1.00337064227718
2.0468934E+02, 1.00198213069248
2.0470508E+02, 1.00060534024545
2.0472082E+02, 1.00014470845344
2.0473655E+02, 0.998868086304734
2.0475229E+02, 0.997614092950321
2.0476802E+02, 0.996390234723120
2.0478376E+02, 0.995202992538325
2.0479950E+02, 0.994058045181253
2.0481523E+02, 0.992960340327922
2.0483097E+02, 0.991913674443755
2.0484671E+02, 0.990920047420293
2.0486244E+02, 0.989979471338916
2.0487818E+02, 0.989089995063472
2.0489392E+02, 0.988247865001512
2.0490965E+02, 0.987447632415067
2.0492539E+02, 0.986938138851134
2.0494112E+02, 0.986197876832853
2.0495686E+02, 0.985475752747871
2.0497260E+02, 0.984761050044246
2.0498833E+02, 0.984044854073622
2.0500407E+02, 0.983318286921288
2.0501981E+02, 0.982571443452803
2.0503554E+02, 0.981798011507559
2.0505128E+02, 0.980991563911504
2.0506702E+02, 0.980146947797161
2.0508275E+02, 0.979260533032911
2.0509849E+02, 0.978330282500752
2.0511422E+02, 0.977355680577901
2.0512996E+02, 0.975121296971789
2.0514570E+02, 0.974076387227470
2.0516143E+02, 0.972993739787819
2.0517717E+02, 0.971877325298035
2.0519291E+02, 0.970731361445799
2.0520864E+02, 0.969560369784384
2.0522438E+02, 0.968369147416935
2.0524011E+02, 0.967162583869108
2.0525585E+02, 0.965945878964486
2.0527159E+02, 0.964724032643439
2.0528732E+02, 0.963501788383607
2.0530306E+02, 0.962283551269630
2.0531880E+02, 0.961611898379971
2.0533453E+02, 0.960413090615639
2.0535027E+02, 0.959228690081453
2.0536601E+02, 0.958061100383143
2.0538174E+02, 0.956911321057089
2.0539748E+02, 0.955779477107430
2.0541321E+02, 0.954664900186332
2.0542895E+02, 0.953566185504194
2.0544469E+02, 0.952481262181833
2.0546042E+02, 0.951407478013526
2.0547616E+02, 0.950341699010952
2.0549190E+02, 0.949280414777633
2.0550763E+02, 0.948219875232914
2.0552337E+02, 0.947451552210124
2.0553910E+02, 0.946388031439221
2.0555484E+02, 0.945314400811666
2.0557058E+02, 0.944226138626631
2.0558631E+02, 0.943119958380709
2.0560520E+02, 0.941765743579482
2.0562408E+02, 0.940378661910159
2.0564296E+02, 0.938955794663153
2.0566185E+02, 0.937496423772491
2.0568073E+02, 0.936000773623160
2.0569962E+02, 0.934470593151151
2.0571850E+02, 0.932908328264246
2.0573738E+02, 0.931503555026410
2.0575627E+02, 0.929879696077826
2.0577515E+02, 0.928232631186010
2.0579403E+02, 0.926568118126720
2.0581292E+02, 0.924890786919866
2.0583180E+02, 0.923205311249108
2.0585068E+02, 0.921517077703005
2.0586957E+02, 0.919830633620547
2.0588845E+02, 0.918150146028030
2.0590733E+02, 0.916480168402522
2.0592622E+02, 0.915931318031656
2.0594510E+02, 0.914276658506189
2.0596399E+02, 0.912640991022732
2.0598287E+02, 0.911025462627292
2.0600175E+02, 0.909431047419578
2.0602064E+02, 0.907857937632125
2.0603952E+02, 0.906303136600928
2.0605840E+02, 0.904766368952145
2.0607729E+02, 0.903241996988609
2.0609617E+02, 0.901728475100366
2.0611505E+02, 0.900223267341176
2.0613394E+02, 0.900015871258246
2.0615282E+02, 0.898578409545600
2.0617171E+02, 0.897179325447160
2.0619059E+02, 0.895818138139683
2.0620947E+02, 0.894488238451333
2.0622836E+02, 0.893180853604894
2.0624724E+02, 0.891888436197053
2.0626612E+02, 0.890604746935816
2.0628501E+02, 0.889325300750642
2.0630389E+02, 0.888048290224111
2.0632277E+02, 0.887740625324815
2.0634166E+02, 0.886457989278117
2.0636054E+02, 0.885174187399853
2.0637942E+02, 0.883890169334340
2.0639831E+02, 0.882607827005643
2.0641719E+02, 0.881329810699531
2.0643608E+02, 0.880059711727289
2.0645496E+02, 0.878801073737738
2.0647384E+02, 0.877557704708392
2.0649273E+02, 0.876333410181557
2.0651161E+02, 0.875131931023409
2.0653049E+02, 0.875492741193091
2.0654938E+02, 0.874329825349477
2.0656826E+02, 0.873195671476215
2.0658714E+02, 0.872091391461578
2.0660603E+02, 0.871016373053286
2.0662491E+02, 0.869968828107609
2.0664379E+02, 0.868945979765108
2.0666268E+02, 0.867944231973473
2.0668156E+02, 0.866959375344366
2.0670045E+02, 0.865986811811890
2.0671933E+02, 0.865515162399294
2.0673821E+02, 0.864555460335343
2.0675710E+02, 0.863595068198843
2.0677598E+02, 0.862629040475784
2.0679486E+02, 0.861653751889857
2.0681375E+02, 0.860666470112376
2.0683263E+02, 0.859665320884635
2.0685529E+02, 0.858444459651388
2.0687795E+02, 0.857202195419268
2.0690061E+02, 0.855940676858969
2.0692327E+02, 0.854859958101941
2.0694593E+02, 0.853576308976151
2.0696859E+02, 0.852290144471145
2.0699125E+02, 0.851013180652277
2.0701391E+02, 0.849755857649566
2.0703657E+02, 0.848528739036336
2.0705923E+02, 0.847342172900013
2.0708189E+02, 0.846205801002742
2.0710455E+02, 0.845127411675538
2.0712721E+02, 0.845120692115788
2.0715441E+02, 0.843989747612057
2.0718160E+02, 0.842953073941328
2.0720879E+02, 0.842006041423548
2.0723598E+02, 0.841135051294204
2.0726318E+02, 0.840321017355918
2.0729037E+02, 0.839541688150015
2.0731756E+02, 0.838775147217020
2.0734475E+02, 0.837490281730865
2.0737195E+02, 0.836714435114344
2.0739914E+02, 0.835910353966068
2.0743177E+02, 0.834901182702981
2.0746440E+02, 0.833849524910012
2.0749703E+02, 0.832777881647455
2.0752966E+02, 0.831720481147576
2.0756229E+02, 0.830633628286683
2.0758934E+02, 0.829848773637586
2.0761639E+02, 0.829143315550401
2.0764344E+02, 0.828542877390074
2.0767049E+02, 0.828060691710802
2.0769753E+02, 0.827703170259661
2.0772458E+02, 0.827470338270495
2.0775163E+02, 0.827449107857256
2.0777868E+02, 0.827446614481455
2.0780573E+02, 0.827538132960603
2.0783277E+02, 0.827705163810804
2.0785982E+02, 0.827930425753219
2.0788687E+02, 0.828199362167343
2.0791392E+02, 0.828500493741017
2.0794097E+02, 0.827493639548635
2.0797342E+02, 0.827926480732787
2.0800588E+02, 0.828394080926892
2.0803834E+02, 0.828908675531752
2.0807729E+02, 0.829608452719955
2.0811624E+02, 0.830426173044618
2.0815519E+02, 0.830600753137112
2.0818676E+02, 0.831420359551777
2.0821834E+02, 0.832269114598846
2.0824991E+02, 0.833174049854697
2.0828148E+02, 0.834170271421883
2.0831306E+02, 0.835288231184656
2.0834463E+02, 0.835669854004648
2.0837621E+02, 0.837057308131540
2.0840778E+02, 0.838557502801282
2.0843935E+02, 0.840135987610938
2.0847093E+02, 0.841748647102730
2.0850250E+02, 0.843356070461295
2.0853408E+02, 0.843668909172628
2.0856565E+02, 0.845195801211643
2.0859722E+02, 0.846665043528176
2.0862880E+02, 0.848079798701644
2.0866037E+02, 0.849456903526263
2.0869195E+02, 0.850822375651665
2.0871805E+02, 0.851970250961163
2.0874416E+02, 0.852237318912075
2.0877026E+02, 0.853472646305083
2.0879637E+02, 0.854795857935394
2.0882248E+02, 0.856239498122993
2.0884858E+02, 0.857824762716390
2.0887469E+02, 0.859563139502970
2.0890079E+02, 0.861455062236145
2.0892690E+02, 0.862164481659580
2.0894850E+02, 0.863944733847040
2.0897011E+02, 0.865795207075353
2.0899171E+02, 0.867695336369858
2.0901331E+02, 0.869624782720496
2.0903491E+02, 0.871563859160002
2.0905651E+02, 0.873494187869564
2.0907812E+02, 0.875399863152523
2.0909972E+02, 0.877268928653068
2.0912132E+02, 0.879094615798228
2.0914292E+02, 0.878693691990284
2.0916081E+02, 0.880159191536737
2.0917870E+02, 0.881606407805731
2.0919658E+02, 0.883042340388888
2.0921447E+02, 0.884473307239000
2.0923236E+02, 0.885905440885923
2.0925024E+02, 0.887344739877965
2.0926813E+02, 0.888795421017045
2.0928602E+02, 0.890260843021395
2.0930390E+02, 0.891741709714824
2.0932179E+02, 0.893313926810480
2.0933967E+02, 0.894839706363095
2.0935756E+02, 0.896387241921486
2.0937545E+02, 0.897956261095272
2.0939333E+02, 0.899549797602964
2.0941122E+02, 0.901193561508970
2.0942911E+02, 0.902867312653702
2.0944699E+02, 0.904551231324216
2.0946488E+02, 0.906241734647473
2.0948277E+02, 0.907936060172841
2.0950065E+02, 0.909631122451195
2.0951854E+02, 0.911197911873436
2.0953643E+02, 0.912887148766291
2.0955431E+02, 0.914566744993967
2.0957220E+02, 0.916232553482343
2.0959008E+02, 0.917881321617936
2.0960797E+02, 0.919510211379757
2.0962586E+02, 0.921117042139087
2.0964374E+02, 0.922700495207620
2.0966163E+02, 0.924260106772005
2.0967952E+02, 0.925796497750462
2.0969740E+02, 0.927311286419133
2.0971529E+02, 0.928807182008821
2.0973318E+02, 0.929532268819969
2.0975106E+02, 0.931004468025500
2.0976895E+02, 0.932468041793679
2.0978683E+02, 0.933928924872698
2.0980472E+02, 0.935392800815142
2.0982261E+02, 0.936865652342823
2.0984049E+02, 0.938353016185185
2.0985838E+02, 0.939861004629129
2.0987627E+02, 0.941394693276052
2.0989415E+02, 0.942959775665964
2.0991204E+02, 0.944560732029364
2.0992993E+02, 0.945791402376818
2.0994781E+02, 0.947468237629167
2.0996570E+02, 0.949188971134717
2.0998359E+02, 0.950955891635146
2.1000147E+02, 0.952769519747544
2.1001936E+02, 0.954628985694549
2.1003724E+02, 0.956532089094029
2.1005513E+02, 0.958475430389546
2.1007302E+02, 0.960454627473970
2.1009090E+02, 0.962464570206818
2.1010879E+02, 0.964499669385915
2.1012668E+02, 0.965741383405749
2.1014456E+02, 0.967889571847137
2.1016245E+02, 0.970102486567212
2.1018034E+02, 0.972352902409731
2.1019822E+02, 0.974618075734580
2.1021611E+02, 0.976877486769346
2.1023399E+02, 0.979110223314731
2.1025188E+02, 0.981296130210957
2.1026977E+02, 0.983417158724071
2.1028765E+02, 0.985461668102986
2.1030554E+02, 0.987424490615371
2.1032343E+02, 0.987455164988085
2.1034131E+02, 0.989245500670460
2.1035920E+02, 0.990949570547322
2.1037709E+02, 0.992575532981877
2.1039497E+02, 0.994133071770898
2.1041286E+02, 0.995632976249393
2.1043075E+02, 0.997085227689445
2.1044863E+02, 0.998497824811233
2.1046652E+02, 0.999869232498194
2.1048440E+02, 1.00118943571631
2.1050229E+02, 1.00250071845483
2.1052018E+02, 1.00420597629162
2.1053806E+02, 1.00551414303796
2.1055595E+02, 1.00683275421783
2.1057384E+02, 1.00816618323282
2.1059172E+02, 1.00951551168478
2.1060961E+02, 1.01088039387458
2.1062750E+02, 1.01225961431612
2.1064538E+02, 1.01365227874127
2.1066327E+02, 1.01505617460530
2.1068115E+02, 1.01646918381640
2.1069904E+02, 1.01788906669563
2.1071693E+02, 1.01931186488823
2.1073481E+02, 1.02050536535339
2.1075270E+02, 1.02192725475196
2.1077059E+02, 1.02334206164874
2.1078847E+02, 1.02474693862202
2.1080636E+02, 1.02613893410432
2.1082425E+02, 1.02751747526224
2.1084213E+02, 1.02888283061660
2.1086002E+02, 1.03023591832308
2.1087791E+02, 1.03157981179650
2.1089579E+02, 1.03291741731351
2.1091368E+02, 1.03425235973285
2.1093156E+02, 1.03541030512794
2.1094945E+02, 1.03675529315742
2.1096734E+02, 1.03810997103940
2.1098522E+02, 1.03947908203539
2.1100311E+02, 1.04086650699883
2.1102100E+02, 1.04227523897948
2.1103888E+02, 1.04370835121130
2.1105677E+02, 1.04516747190001
2.1107466E+02, 1.04665417773484
2.1109254E+02, 1.04816879254710
2.1111043E+02, 1.04971132660176
2.1112831E+02, 1.05135066429536
2.1114620E+02, 1.05293536059423
2.1116409E+02, 1.05454360155883
2.1118197E+02, 1.05617299828159
2.1119986E+02, 1.05782119715095
2.1121775E+02, 1.05948577043012
2.1123563E+02, 1.06116419938348
2.1125352E+02, 1.06285411808841
2.1127141E+02, 1.06455331142403
2.1128929E+02, 1.06625961828792
2.1130718E+02, 1.06797110753598
2.1132507E+02, 1.06898642530366
2.1134295E+02, 1.07070753953940
2.1136084E+02, 1.07243320802866
2.1137872E+02, 1.07416319330384
2.1139661E+02, 1.07589763509745
2.1141450E+02, 1.07763677650643
2.1143238E+02, 1.07938089048544
2.1145027E+02, 1.08112975757552
2.1146816E+02, 1.08288429961052
2.1148604E+02, 1.08464521395949
2.1150393E+02, 1.08641345310980
2.1152182E+02, 1.08726348462903
2.1153970E+02, 1.08905131360730
2.1155759E+02, 1.09084623147242
2.1157547E+02, 1.09264891215278
2.1159336E+02, 1.09446094626511
2.1161125E+02, 1.09628465231232
2.1162913E+02, 1.09812363620745
2.1164702E+02, 1.09997403141263
2.1166491E+02, 1.10178625353690
2.1168279E+02, 1.10359526757660
2.1170068E+02, 1.10541208800676
2.1171857E+02, 1.10572672559350
2.1173645E+02, 1.10756072572676
2.1175434E+02, 1.10939468451494
2.1177223E+02, 1.11122691706927
2.1179011E+02, 1.11305566614809
2.1180800E+02, 1.11487917242829
2.1182588E+02, 1.11669583863416
2.1184377E+02, 1.11850438119439
2.1186166E+02, 1.12030378160081
2.1187954E+02, 1.12209342713889
2.1189743E+02, 1.12387339020273
2.1191532E+02, 1.12564375739615
2.1193320E+02, 1.12596273449195
2.1195109E+02, 1.12773391552900
2.1196898E+02, 1.12949376312797
2.1198686E+02, 1.13124156665838
2.1200475E+02, 1.13297662284941
2.1202263E+02, 1.13469829421212
2.1204052E+02, 1.13640577240128
2.1205841E+02, 1.13809781720244
2.1207629E+02, 1.13977351620212
2.1209418E+02, 1.14143146032763
2.1211207E+02, 1.14306961704973
2.1212995E+02, 1.14369350754096
2.1214784E+02, 1.14520673653126
2.1216573E+02, 1.14663395323232
2.1218361E+02, 1.14798785696367
2.1219844E+02, 1.14906257617352
2.1221327E+02, 1.15010008924386
2.1222810E+02, 1.15110602994854
2.1224292E+02, 1.15208628917027
2.1225775E+02, 1.15304679101869
2.1227258E+02, 1.15399327850652
2.1228741E+02, 1.15493112998903
2.1230224E+02, 1.15586519651168
2.1231706E+02, 1.15726798100234
2.1233189E+02, 1.15819850127664
2.1234672E+02, 1.15913494648044
2.1236155E+02, 1.16007970595706
2.1237638E+02, 1.16103376352972
2.1239120E+02, 1.16199711825459
2.1240603E+02, 1.16296890856431
2.1242382E+02, 1.16414414725081
2.1244162E+02, 1.16532562762067
2.1245941E+02, 1.16650795753852
2.1247721E+02, 1.16768521443391
2.1249500E+02, 1.16885123876151
2.1251279E+02, 1.16999984440121
2.1253059E+02, 1.17009966617298
2.1254838E+02, 1.17120853345100
2.1256617E+02, 1.17228612259099
2.1258397E+02, 1.17332775683830
2.1260176E+02, 1.17433122422670
2.1261955E+02, 1.17529585504322
2.1263735E+02, 1.17622230871154
2.1265514E+02, 1.17711249030640
2.1267293E+02, 1.17796942617710
2.1269073E+02, 1.17879708601584
2.1270852E+02, 1.17960017664570
2.1272631E+02, 1.17978675307331
2.1274411E+02, 1.18055622042316
2.1276190E+02, 1.18131698222104
2.1277969E+02, 1.18207546326143
2.1279749E+02, 1.18283724823416
2.1281528E+02, 1.18360711048276
2.1283663E+02, 1.18454675672099
2.1285799E+02, 1.18550960081706
2.1287934E+02, 1.18649990881658
2.1290069E+02, 1.18751970592181
2.1292204E+02, 1.18902562484596
2.1294339E+02, 1.19010184099388
2.1296475E+02, 1.19120273030620
2.1298610E+02, 1.19232123719261
2.1300745E+02, 1.19345026589897
2.1302880E+02, 1.19458177322249
2.1305016E+02, 1.19570657621954
2.1307151E+02, 1.19681414658897
2.1309286E+02, 1.19789321434693
2.1311848E+02, 1.19913577407249
2.1314410E+02, 1.19913831828878
2.1316973E+02, 1.20020897983854
2.1319535E+02, 1.20121553733099
2.1322097E+02, 1.20215968300146
2.1324660E+02, 1.20304780707946
2.1327222E+02, 1.20389006946688
2.1329784E+02, 1.20469808980263
2.1332346E+02, 1.20548360610327
2.1334909E+02, 1.20649174394776
2.1337471E+02, 1.20724879851367
2.1340033E+02, 1.20800725470902
2.1342595E+02, 1.20876888692930
2.1345158E+02, 1.20952991519725
2.1347720E+02, 1.21028224340947
2.1350282E+02, 1.21101359663498
2.1352844E+02, 1.21146318387570
2.1355407E+02, 1.21211687986661
2.1357969E+02, 1.21270504046091
2.1360531E+02, 1.21320541978104
2.1363093E+02, 1.21360377308567
2.1365656E+02, 1.21389022611145
2.1368218E+02, 1.21405900046738
2.1370780E+02, 1.21410774222070
2.1373343E+02, 1.21332132472201
2.1375905E+02, 1.21313255654820
2.1378467E+02, 1.21283808093729
2.1381029E+02, 1.21244740370604
2.1383592E+02, 1.21197157550407
2.1386154E+02, 1.21141993686310
2.1388716E+02, 1.21080159639863
2.1391278E+02, 1.21012229666064
2.1393841E+02, 1.21033230186428
2.1396403E+02, 1.20953854941041
2.1398965E+02, 1.20868891259034
2.1401527E+02, 1.20777795515048
2.1404090E+02, 1.20680000848893
2.1406652E+02, 1.20574808929439
2.1409214E+02, 1.20461377916411
2.1411776E+02, 1.20338756104969
2.1414339E+02, 1.20319844657812
2.1416901E+02, 1.20180133993685
2.1419463E+02, 1.20031582257598
2.1422026E+02, 1.19877010342561
2.1424588E+02, 1.19715294212180
2.1426638E+02, 1.19579954150158
2.1428687E+02, 1.19439288089058
2.1430737E+02, 1.19293420608861
2.1432787E+02, 1.19270711903099
2.1434837E+02, 1.19114194702601
2.1436887E+02, 1.18953433427982
2.1438936E+02, 1.18788785553637
2.1440986E+02, 1.18620682402466
2.1443036E+02, 1.18449524597347
2.1445086E+02, 1.18275685211440
2.1447136E+02, 1.18099490423866
2.1449185E+02, 1.17921196243547
2.1451235E+02, 1.17740974699405
2.1453285E+02, 1.17687148103470
2.1455335E+02, 1.17502168152240
2.1457385E+02, 1.17315265639146
2.1459435E+02, 1.17126331862101
2.1461484E+02, 1.16935238904897
2.1463534E+02, 1.16741834639571
2.1465584E+02, 1.16545948419442
2.1467634E+02, 1.16347412872009
2.1469684E+02, 1.16146089851009
2.1471733E+02, 1.15941878151404
2.1473783E+02, 1.15867742175313
2.1475833E+02, 1.15659147284367
2.1477544E+02, 1.15482917051131
2.1479255E+02, 1.15304696505537
2.1480967E+02, 1.15124411479431
2.1482678E+02, 1.14942002793349
2.1484389E+02, 1.14757427689194
2.1486100E+02, 1.14570619108237
2.1487812E+02, 1.14381549858515
2.1489523E+02, 1.14190219372514
2.1491234E+02, 1.13996663429263
2.1492945E+02, 1.13974480364810
2.1494656E+02, 1.13776949906193
2.1496368E+02, 1.13577295623247
2.1498079E+02, 1.13375651748447
2.1499790E+02, 1.13172219274853
2.1501501E+02, 1.12967249393550
2.1503212E+02, 1.12761036057617
2.1504924E+02, 1.12553902583443
2.1506635E+02, 1.12346177955932
2.1508346E+02, 1.12138162570679
2.1510057E+02, 1.11930103648852
2.1511769E+02, 1.11864018509199
2.1513480E+02, 1.11654341380799
2.1515191E+02, 1.11445045390139
2.1516902E+02, 1.11236339463667
2.1518613E+02, 1.11028264097033
2.1520325E+02, 1.10820702595833
2.1522036E+02, 1.10613575540728
2.1523747E+02, 1.10407003681488
2.1525458E+02, 1.10201518859230
2.1527169E+02, 1.09997973058285
2.1528881E+02, 1.09793467589233
2.1530592E+02, 1.09588012404454
2.1532303E+02, 1.09485270576636
2.1533730E+02, 1.09318117810453
2.1535157E+02, 1.09151179166576
2.1536584E+02, 1.08984546077894
2.1538011E+02, 1.08818255536112
2.1539438E+02, 1.08652267327221
2.1540865E+02, 1.08486471443805
2.1542292E+02, 1.08320742483762
2.1543719E+02, 1.08154944047900
2.1545146E+02, 1.07988972558073
2.1546573E+02, 1.07822784375790
2.1547999E+02, 1.07656364914278
2.1549426E+02, 1.07489755300952
2.1550853E+02, 1.07323036963358
2.1552280E+02, 1.07182211794680
2.1553707E+02, 1.07015502642192
2.1555134E+02, 1.06849004908010
2.1556561E+02, 1.06682764642571
2.1557988E+02, 1.06516825722642
2.1559415E+02, 1.06351222127728
2.1560842E+02, 1.06185973960142
2.1562269E+02, 1.06021111476384
2.1563696E+02, 1.05856663413718
2.1565123E+02, 1.05692664948334
2.1566550E+02, 1.05529170278595
2.1567977E+02, 1.05366231085537
2.1569404E+02, 1.05203911824916
2.1570831E+02, 1.05042281557027
2.1572258E+02, 1.04947842209519
2.1573684E+02, 1.04789303537977
2.1575111E+02, 1.04631545963849
2.1576538E+02, 1.04474542082998
2.1577965E+02, 1.04318209816759
2.1579392E+02, 1.04162457271801
2.1580819E+02, 1.04007167201108
2.1582246E+02, 1.03852222234587
2.1583673E+02, 1.03697483884127
2.1585100E+02, 1.03542837771194
2.1586527E+02, 1.03388130892340
2.1587954E+02, 1.03233261335339
2.1589381E+02, 1.03078049013119
2.1590808E+02, 1.02922377984076
2.1592235E+02, 1.02804954860125
2.1593662E+02, 1.02646539164150
2.1595089E+02, 1.02486996360846
2.1596516E+02, 1.02326128808309
2.1597942E+02, 1.02163837195818
2.1599369E+02, 1.02000022030631
2.1600796E+02, 1.01834637391174
2.1602223E+02, 1.01667717447786
2.1603650E+02, 1.01499258465550
2.1605077E+02, 1.01329309530941
2.1606504E+02, 1.01157964813220
2.1607931E+02, 1.00985206696451
2.1609358E+02, 1.00810990171856
2.1610785E+02, 1.00635204435262
2.1612212E+02, 1.00501626573571
2.1613639E+02, 1.00322667692459
2.1615066E+02, 1.00141815798304
2.1616493E+02, 0.999596569550841
2.1617920E+02, 0.997792770595962
2.1619347E+02, 0.995995103820734
2.1620774E+02, 0.994199597479040
2.1622201E+02, 0.992404649857492
2.1623627E+02, 0.990610179343049
2.1625054E+02, 0.988818278458613
2.1626481E+02, 0.987032255449211
2.1627908E+02, 0.985256539475735
2.1629335E+02, 0.983495970041065
2.1630762E+02, 0.981755022908430
2.1632189E+02, 0.981245982739179
2.1633616E+02, 0.979541622259183
2.1635043E+02, 0.977860078617247
2.1636470E+02, 0.976202730279477
2.1637897E+02, 0.974569675755945
2.1639324E+02, 0.972960151354760
2.1640751E+02, 0.971372829035389
2.1642178E+02, 0.969806157714400
2.1643605E+02, 0.968258055741954
2.1645032E+02, 0.966727040758695
2.1646459E+02, 0.965211131799099
2.1647885E+02, 0.963709346590066
2.1649312E+02, 0.962220242331757
2.1650739E+02, 0.960743544561472
2.1652166E+02, 0.959668281776661
2.1653593E+02, 0.958226728733492
2.1655020E+02, 0.956797382910799
2.1656447E+02, 0.955379430387592
2.1657874E+02, 0.953972559577166
2.1659301E+02, 0.952576151626365
2.1660728E+02, 0.951189666691795
2.1662155E+02, 0.949812580549136
2.1663582E+02, 0.948444170629958
2.1665009E+02, 0.947083781105348
2.1666436E+02, 0.945730749103427
2.1667863E+02, 0.944384444005582
2.1669290E+02, 0.943044172188707
2.1670717E+02, 0.941709529801291
2.1672144E+02, 0.940663793270849
2.1673570E+02, 0.939341980960597
2.1674997E+02, 0.938024502598467
2.1676424E+02, 0.936710583871977
2.1677851E+02, 0.935399704802561
2.1679278E+02, 0.934091329970078
2.1680705E+02, 0.932785208658462
2.1682132E+02, 0.931481083875225
2.1683559E+02, 0.930178477154970
2.1684986E+02, 0.928876964113758
2.1686413E+02, 0.927576265202856
2.1687840E+02, 0.926275776706290
2.1689267E+02, 0.924974522018457
2.1690694E+02, 0.923672197230821
2.1692121E+02, 0.922518574140031
2.1693548E+02, 0.921198871543505
2.1694975E+02, 0.919876569517936
2.1696402E+02, 0.918551474144611
2.1697828E+02, 0.917223800047852
2.1699255E+02, 0.915894035697205
2.1700682E+02, 0.914562190297964
2.1702109E+02, 0.913228638020934
2.1703536E+02, 0.911893968567998
2.1704963E+02, 0.910558010241188
2.1706390E+02, 0.909220951065953
2.1707817E+02, 0.907883102051441
2.1709244E+02, 0.906543853682762
2.1710671E+02, 0.905203072161777
2.1712098E+02, 0.904368469606086
2.1713525E+02, 0.903025247168303
2.1714952E+02, 0.901680572471997
2.1716379E+02, 0.900333261594775
2.1717806E+02, 0.898975393923393
2.1719233E+02, 0.897612426468121
2.1720660E+02, 0.896246269043392
2.1722086E+02, 0.894875852309911
2.1723513E+02, 0.893500719438874
2.1724940E+02, 0.892119381767239
2.1726367E+02, 0.890730549960715
2.1727794E+02, 0.889333267074178
2.1729221E+02, 0.887925801414008
2.1730648E+02, 0.886507941114661
2.1732075E+02, 0.885314258782680
2.1733502E+02, 0.883875822549580
2.1734929E+02, 0.882427301343453
2.1736356E+02, 0.880968819713828
2.1737783E+02, 0.879501765520912
2.1739210E+02, 0.878027453944336
2.1740637E+02, 0.876547584543806
2.1742064E+02, 0.875063618068376
2.1743491E+02, 0.873577049505208
2.1744918E+02, 0.872089062068401
2.1746345E+02, 0.870600839087477
2.1747771E+02, 0.869113324187984
2.1749198E+02, 0.867627664298798
2.1750625E+02, 0.866144890979353
2.1752052E+02, 0.865195313760723
2.1753479E+02, 0.863721362308449
2.1754906E+02, 0.862257695339697
2.1756333E+02, 0.860806844424441
2.1757760E+02, 0.859370350699986
2.1759187E+02, 0.857950370526013
2.1760614E+02, 0.856548444009300
2.1762041E+02, 0.855166246672945
2.1763468E+02, 0.853805640770904
2.1764895E+02, 0.852467639483084
2.1766322E+02, 0.851153705514779
2.1767749E+02, 0.849865034304767
2.1769176E+02, 0.848602090627130
2.1770603E+02, 0.847365434045996
2.1772029E+02, 0.847051718747776
2.1773456E+02, 0.845875404715916
2.1774883E+02, 0.844725296344131
2.1776310E+02, 0.843600979866159
2.1777737E+02, 0.842501786910515
2.1779164E+02, 0.841426894025853
2.1780591E+02, 0.840375331222526
2.1782018E+02, 0.839346018267788
2.1783445E+02, 0.838337810607599
2.1784872E+02, 0.837349539647502
2.1786299E+02, 0.836380048469481
2.1787726E+02, 0.835428223554168
2.1789153E+02, 0.834493022108814
2.1790580E+02, 0.833573496456237
2.1792007E+02, 0.832514913856096
2.1793434E+02, 0.831626347856719
2.1794861E+02, 0.830750636941046
2.1796288E+02, 0.829887119747859
2.1797714E+02, 0.829035559146673
2.1799141E+02, 0.828195914238666
2.1800568E+02, 0.827368227207826
2.1801995E+02, 0.826552661732670
2.1803422E+02, 0.825749596563728
2.1804849E+02, 0.824959454038481
2.1806276E+02, 0.824182700817958
2.1807703E+02, 0.823419519635504
2.1809130E+02, 0.822670266736748
2.1810557E+02, 0.821935442908386
2.1811984E+02, 0.820897942137978
2.1813411E+02, 0.820215761207137
2.1814838E+02, 0.819570916296213
2.1816265E+02, 0.818958731729548
2.1817692E+02, 0.818375445210353
2.1819119E+02, 0.817816991928856
2.1820546E+02, 0.817279238078711
2.1821972E+02, 0.816757479515838
2.1823399E+02, 0.816247501779451
2.1824826E+02, 0.815744263953046
2.1826253E+02, 0.815243877463817
2.1827680E+02, 0.814741441397087
2.1829107E+02, 0.814233830676422
2.1830534E+02, 0.813716783438767
2.1832246E+02, 0.811618329115424
2.1833959E+02, 0.810972654584416
2.1835671E+02, 0.810303553998463
2.1837383E+02, 0.809609231244629
2.1839096E+02, 0.808888765235083
2.1840808E+02, 0.808142844314594
2.1842520E+02, 0.807373276596632
2.1844233E+02, 0.806582416862450
2.1845945E+02, 0.805772894951343
2.1847657E+02, 0.804947870040619
2.1849370E+02, 0.804110615285191
2.1851082E+02, 0.803264352798165
2.1852794E+02, 0.802095740860584
2.1854507E+02, 0.801241945066641
2.1856219E+02, 0.800389236421991
2.1857931E+02, 0.799543276342296
2.1859644E+02, 0.798706776328105
2.1861356E+02, 0.797879966140311
2.1863068E+02, 0.797062059968070
2.1864781E+02, 0.796252300047263
2.1866493E+02, 0.795448460383846
2.1868205E+02, 0.794649670429637
2.1869918E+02, 0.793853987427190
2.1871630E+02, 0.793059125299950
2.1873342E+02, 0.791802119676363
2.1875055E+02, 0.790999640852981
2.1876767E+02, 0.790190878634834
2.1878479E+02, 0.789373415944518
2.1880192E+02, 0.788545676331679
2.1881904E+02, 0.787706754282810
2.1883616E+02, 0.786856261016299
2.1885329E+02, 0.785994515893231
2.1887041E+02, 0.785122564209739
2.1888753E+02, 0.784242161112039
2.1890466E+02, 0.783355641699661
2.1892178E+02, 0.782046163831473
2.1893890E+02, 0.781153761304474
2.1895603E+02, 0.780264498455327
2.1897315E+02, 0.779383457480575
2.1899027E+02, 0.778514826821574
2.1900740E+02, 0.777662506878443
2.1902452E+02, 0.776830248694406
2.1904164E+02, 0.776021535390058
2.1905877E+02, 0.775239472959078
2.1907589E+02, 0.774487025469044
2.1909301E+02, 0.773766070590273
2.1911014E+02, 0.773078094567701
2.1912726E+02, 0.773053440644205
2.1914438E+02, 0.772432929068776
2.1916151E+02, 0.771846129516076
2.1917863E+02, 0.771292672906675
2.1919918E+02, 0.770670686255838
2.1921973E+02, 0.770091627454789
2.1924027E+02, 0.769551623976832
2.1926082E+02, 0.769046368138586
2.1928137E+02, 0.768571690744159
2.1930192E+02, 0.768123725546990
2.1932247E+02, 0.767554671089750
2.1934301E+02, 0.767153564088941
2.1936356E+02, 0.766772158428956
2.1938411E+02, 0.766410245818480
2.1940466E+02, 0.766068342203452
2.1942521E+02, 0.765748099030880
2.1944575E+02, 0.765452116548023
2.1946630E+02, 0.765183767989650
2.1948685E+02, 0.764947074516980
2.1950740E+02, 0.764746326098036
2.1952795E+02, 0.764953186232558
2.1954849E+02, 0.764834963958432
2.1956904E+02, 0.764763574643763
2.1958959E+02, 0.764744327090238
2.1961014E+02, 0.764780173676266
2.1963069E+02, 0.764873063921960
2.1965123E+02, 0.765024073426189
2.1967178E+02, 0.765233431903657
2.1969233E+02, 0.765500888264606
2.1971288E+02, 0.765825033224450
2.1973343E+02, 0.766497129277644
2.1975397E+02, 0.766932529434909
2.1977452E+02, 0.767418273887424
2.1979507E+02, 0.767952985164875
2.1981562E+02, 0.768535306326924
2.1983617E+02, 0.769164338091053
2.1985671E+02, 0.769840064455055
2.1987726E+02, 0.770563132816803
2.1989781E+02, 0.771335061639339
2.1991836E+02, 0.772158153168402
2.1993891E+02, 0.772276716583327
2.1995945E+02, 0.773213862240440
2.1998000E+02, 0.774212324436944
2.2000055E+02, 0.775277585123119
2.2002110E+02, 0.776413429408718
2.2004165E+02, 0.777622965472017
2.2006219E+02, 0.778908570019575
2.2008274E+02, 0.780271784966156
2.2010329E+02, 0.781711890975353
2.2012384E+02, 0.782124575646314
2.2014028E+02, 0.783443705524252
2.2015671E+02, 0.784834150323060
2.2017315E+02, 0.786283937184788
2.2018959E+02, 0.787782380865328
2.2020603E+02, 0.789323784195976
2.2022247E+02, 0.790900197431290
2.2023891E+02, 0.792508817475581
2.2025534E+02, 0.794146748791763
2.2027178E+02, 0.795812723332764
2.2028822E+02, 0.797508906053650
2.2030184E+02, 0.798937030051907
2.2031546E+02, 0.797998132064333
2.2032908E+02, 0.799372557244071
2.2034270E+02, 0.800742459543171
2.2035632E+02, 0.802100070282529
2.2036994E+02, 0.803450258133000
2.2038356E+02, 0.804793437148428
2.2039718E+02, 0.806130408215419
2.2041080E+02, 0.807461253182944
2.2042442E+02, 0.808786366575810
2.2043804E+02, 0.810106616904790
2.2045166E+02, 0.811422310599816
2.2046528E+02, 0.812734290060597
2.2047890E+02, 0.814044354313478
2.2049252E+02, 0.815353947925994
2.2050614E+02, 0.816664550196447
2.2051976E+02, 0.817328062635114
2.2053338E+02, 0.818645739715830
2.2054700E+02, 0.819971787107183
2.2056062E+02, 0.821308792081114
2.2057424E+02, 0.822658576605639
2.2058785E+02, 0.824022622813670
2.2060147E+02, 0.825402038286008
2.2061509E+02, 0.826797394265621
2.2062871E+02, 0.828209107882212
2.2064233E+02, 0.829636825335240
2.2065595E+02, 0.831080189710126
2.2066957E+02, 0.832538265388466
2.2068319E+02, 0.834009975355868
2.2069681E+02, 0.835494125617479
2.2071043E+02, 0.836989313538170
2.2072405E+02, 0.837813402115551
2.2073767E+02, 0.839323794924941
2.2075129E+02, 0.840840808942126
2.2076491E+02, 0.842363811023891
2.2077853E+02, 0.843892114632735
2.2079215E+02, 0.845425843396458
2.2080577E+02, 0.846965046907720
2.2081939E+02, 0.848510348708853
2.2083301E+02, 0.850062373963720
2.2084663E+02, 0.851622039731391
2.2086025E+02, 0.853190274288245
2.2087387E+02, 0.854768013636180
2.2088519E+02, 0.856086893654480
2.2089650E+02, 0.857413501012655
2.2090782E+02, 0.858748132370119
2.2091913E+02, 0.858733828466956
2.2093045E+02, 0.860082797721043
2.2094177E+02, 0.861442386737865
2.2095308E+02, 0.862813197977822
2.2096440E+02, 0.864195739209731
2.2097571E+02, 0.865590315548851
2.2098703E+02, 0.866997188777146
2.2099835E+02, 0.868416592053673
2.2100966E+02, 0.869848607610544
2.2102098E+02, 0.871293395022640
2.2103230E+02, 0.872750952408906
2.2104361E+02, 0.874221397365533
2.2105493E+02, 0.875704721082438
2.2106624E+02, 0.877201032802252
2.2107756E+02, 0.878710343682036
2.2108888E+02, 0.880232821832990
2.2110019E+02, 0.881768490718254
2.2111151E+02, 0.882041417425409
2.2112282E+02, 0.883608905129415
2.2113414E+02, 0.885189245028066
2.2114546E+02, 0.886781588343920
2.2115677E+02, 0.888386397415501
2.2116809E+02, 0.890003119837602
2.2117940E+02, 0.891632914594902
2.2119072E+02, 0.893277102712096
2.2120204E+02, 0.894936558548839
2.2121335E+02, 0.896614443807320
2.2122467E+02, 0.898313326552856
2.2123599E+02, 0.900027061666131
2.2124730E+02, 0.901711620619504
2.2125862E+02, 0.903403876146945
2.2126993E+02, 0.905111934391859
2.2128125E+02, 0.906835662509160
2.2129257E+02, 0.908574196476727
2.2130388E+02, 0.910326011273200
2.2131520E+02, 0.910600638143598
2.2132651E+02, 0.912369299416784
2.2133783E+02, 0.914148032247364
2.2134915E+02, 0.915935642616189
2.2136046E+02, 0.917730843461378
2.2137178E+02, 0.919532345103733
2.2138310E+02, 0.921338962646284
2.2139441E+02, 0.923149637805791
2.2140573E+02, 0.924963742990230
2.2141704E+02, 0.926780877817092
2.2142836E+02, 0.928600879385935
2.2143968E+02, 0.930423788450652
2.2145099E+02, 0.932249729450200
2.2146231E+02, 0.934078895696138
2.2147362E+02, 0.935911579606016
2.2148494E+02, 0.937747884881644
2.2149626E+02, 0.939587772904703
2.2150757E+02, 0.941431033107034
2.2151889E+02, 0.942173835652383
2.2153021E+02, 0.944004276483242
2.2154152E+02, 0.945835214811275
2.2155284E+02, 0.947666915573162
2.2156415E+02, 0.949499627248999
2.2157547E+02, 0.951333509830130
2.2158679E+02, 0.953168464384318
2.2159810E+02, 0.955004557726055
2.2160942E+02, 0.956841599016708
2.2162073E+02, 0.958679274708378
2.2163205E+02, 0.960517185472898
2.2164337E+02, 0.962354871997468
2.2165468E+02, 0.964191687894675
2.2166600E+02, 0.966027253707254
2.2167732E+02, 0.967861143221463
2.2168863E+02, 0.969692949300230
2.2169995E+02, 0.971522354742896
2.2171126E+02, 0.973349160409857
2.2172258E+02, 0.974087111691039
2.2173390E+02, 0.975922678403302
2.2174521E+02, 0.977756438019062
2.2175653E+02, 0.979587528219215
2.2176784E+02, 0.981415237029791
2.2177916E+02, 0.983238916687734
2.2179048E+02, 0.985058625300301
2.2180179E+02, 0.986875337644642
2.2181311E+02, 0.988690552151644
2.2182443E+02, 0.990506568747163
2.2183574E+02, 0.992326435155662
2.2184706E+02, 0.994153558216699
2.2185837E+02, 0.995992447025759
2.2186969E+02, 0.997846952326760
2.2188101E+02, 0.999709673543487
2.2189232E+02, 1.00148980942938
2.2190364E+02, 1.00325548138255
2.2191495E+02, 1.00349624525867
2.2192627E+02, 1.00530568809572
2.2193759E+02, 1.00711795988094
2.2194890E+02, 1.00893400966545
2.2196022E+02, 1.01075406732971
2.2197153E+02, 1.01257780752350
2.2198285E+02, 1.01440460240335
2.2199417E+02, 1.01623369030165
2.2200548E+02, 1.01806444665708
2.2201680E+02, 1.01989641502845
2.2202812E+02, 1.02172931424127
2.2203943E+02, 1.02356307696916
2.2205075E+02, 1.02539784044372
2.2206206E+02, 1.02723387383188
2.2207338E+02, 1.02907169558251
2.2208470E+02, 1.03091190051000
2.2209601E+02, 1.03275508535501
2.2210733E+02, 1.03460179634829
2.2211864E+02, 1.03490852674397
2.2212996E+02, 1.03678247479045
2.2214128E+02, 1.03866726645659
2.2215259E+02, 1.04056138094314
2.2216391E+02, 1.04246384958952
2.2217523E+02, 1.04437362071139
2.2218654E+02, 1.04628928089911
2.2219786E+02, 1.04820922129119
2.2220917E+02, 1.05013154989740
2.2222049E+02, 1.05205414531335
2.2223181E+02, 1.05397479066486
2.2224312E+02, 1.05589127237842
2.2225444E+02, 1.05780146627169
2.2226575E+02, 1.05970340173049
2.2227707E+02, 1.06159530127560
2.2228839E+02, 1.06347559049403
2.2229970E+02, 1.06534283015037
2.2231102E+02, 1.06719524767476
2.2232234E+02, 1.06677862261789
2.2233365E+02, 1.06860245623374
2.2234497E+02, 1.07040969466822
2.2235628E+02, 1.07219853175056
2.2236760E+02, 1.07396768630708
2.2237892E+02, 1.07571581487366
2.2239023E+02, 1.07744151334887
2.2240155E+02, 1.07914287796092
2.2241286E+02, 1.08081952550330
2.2242418E+02, 1.08247173440867
2.2243550E+02, 1.08409945098549
2.2244681E+02, 1.08570509224638
2.2245813E+02, 1.08729162601093
2.2246945E+02, 1.08886201034790
2.2248076E+02, 1.09042136640506
2.2249208E+02, 1.09197344398226
2.2250339E+02, 1.09352256291514
2.2251471E+02, 1.09383817740297
2.2252603E+02, 1.09531196667167
2.2253734E+02, 1.09677183941886
2.2254866E+02, 1.09821931992636
2.2255997E+02, 1.09965364376752
2.2257129E+02, 1.10108165317698
2.2258261E+02, 1.10250656559992
2.2259392E+02, 1.10392542548455
2.2260524E+02, 1.10533895074066
2.2261656E+02, 1.10674508115013
2.2262787E+02, 1.10814392677335
2.2263919E+02, 1.10953414806622
2.2265050E+02, 1.11091480995112
2.2266182E+02, 1.11228615259612
2.2267314E+02, 1.11364742251613
2.2268445E+02, 1.11499926284689
2.2269577E+02, 1.11634221176782
2.2270708E+02, 1.11767628037777
2.2271840E+02, 1.11848590389064
2.2272972E+02, 1.11981236626669
2.2274103E+02, 1.12113068492326
2.2275235E+02, 1.12244060436433
2.2276366E+02, 1.12374172069561
2.2277498E+02, 1.12503336821127
2.2278630E+02, 1.12631501883016
2.2279761E+02, 1.12758623791593
2.2280893E+02, 1.12884639307548
2.2282025E+02, 1.13009500494284
2.2283156E+02, 1.13133172089704
2.2284288E+02, 1.13255644435740
2.2285419E+02, 1.13376896508955
2.2286551E+02, 1.13496929593053
2.2287683E+02, 1.13615762240854
2.2288814E+02, 1.13733425842414
2.2289946E+02, 1.13849979946142
2.2291077E+02, 1.13965466860429
2.2292209E+02, 1.14015737388509
2.2293341E+02, 1.14129243088424
2.2294472E+02, 1.14241761168403
2.2295604E+02, 1.14353374363713
2.2296736E+02, 1.14464156185818
2.2297867E+02, 1.14574182192865
2.2298999E+02, 1.14683529712093
2.2300130E+02, 1.14792276064520
2.2301262E+02, 1.14900497072378
2.2302394E+02, 1.15008265918776
2.2303525E+02, 1.15115652134811
2.2304657E+02, 1.15222720785982
2.2305788E+02, 1.15329531788845
2.2306920E+02, 1.15436139419367
2.2308052E+02, 1.15542599459638
2.2309183E+02, 1.15648951272484
2.2310315E+02, 1.15755226932111
2.2311447E+02, 1.15861881840561
2.2312578E+02, 1.15967670099870
2.2313710E+02, 1.16073544448992
2.2314841E+02, 1.16179547806870
2.2315973E+02, 1.16285708464832
2.2317105E+02, 1.16392045861569
2.2318236E+02, 1.16498572565934
2.2319368E+02, 1.16605295594358
2.2320499E+02, 1.16712217599915
2.2321631E+02, 1.16819337947539
2.2322763E+02, 1.16926653545091
2.2323894E+02, 1.17034159506267
2.2325026E+02, 1.17141851386196
2.2326158E+02, 1.17249722535724
2.2327289E+02, 1.17357760619659
2.2328421E+02, 1.17465954998816
2.2329552E+02, 1.17574292935835
2.2330684E+02, 1.17682759186525
2.2331816E+02, 1.17801096501156
2.2332947E+02, 1.17909940057350
2.2334079E+02, 1.18018863911046
2.2335210E+02, 1.18127826281516
2.2336342E+02, 1.18236788038437
2.2337474E+02, 1.18345700756959
2.2338605E+02, 1.18454534316293
2.2339737E+02, 1.18563266074628
2.2340869E+02, 1.18671879634599
2.2342000E+02, 1.18780371575185
2.2343132E+02, 1.18888753785332
2.2344263E+02, 1.18997055071149
2.2345395E+02, 1.19105322124705
2.2346527E+02, 1.19213619501864
2.2347658E+02, 1.19322028783315
2.2348790E+02, 1.19430646640736
2.2349921E+02, 1.19539582044830
2.2351053E+02, 1.19648944248624
2.2352185E+02, 1.19758917532680
2.2353316E+02, 1.19865461871211
2.2354448E+02, 1.19971857389582
2.2355579E+02, 1.20077953807700
2.2356711E+02, 1.20183565634521
2.2357843E+02, 1.20288771757974
2.2358974E+02, 1.20393586489437
2.2360106E+02, 1.20498004418220
2.2361238E+02, 1.20602003450842
2.2362369E+02, 1.20705548155239
2.2363501E+02, 1.20808593431733
2.2364632E+02, 1.20911088099899
2.2365764E+02, 1.21012978324308
2.2366896E+02, 1.21114210426756
2.2368027E+02, 1.21214733154433
2.2369159E+02, 1.21314499279585
2.2370290E+02, 1.21413466666638
2.2371422E+02, 1.21521577634861
2.2372554E+02, 1.21618959405982
2.2373685E+02, 1.21715510782034
2.2374817E+02, 1.21811197097716
2.2375949E+02, 1.21905995251812
2.2377080E+02, 1.21999886223526
2.2378212E+02, 1.22092853983990
2.2379343E+02, 1.22184886297577
2.2380475E+02, 1.22275975223641
2.2381607E+02, 1.22366117193287
2.2382738E+02, 1.22455312839662
2.2383870E+02, 1.22543566919554
2.2385001E+02, 1.22630904158179
2.2386133E+02, 1.22717329811078
2.2387265E+02, 1.22802856505988
2.2388396E+02, 1.22887504172126
2.2389528E+02, 1.22971295523325
2.2390660E+02, 1.23054255643627
2.2391791E+02, 1.23164319086535
2.2392923E+02, 1.23245535360032
2.2394054E+02, 1.23325987196843
2.2395186E+02, 1.23405698322182
2.2396318E+02, 1.23484696155749
2.2397449E+02, 1.23563009096890
2.2398581E+02, 1.23640663654946
2.2399712E+02, 1.23717712043290
2.2400844E+02, 1.23794158775990
2.2401976E+02, 1.23870024730196
2.2403107E+02, 1.23945328131064
2.2404239E+02, 1.24020118193490
2.2405371E+02, 1.24094390048578
2.2406502E+02, 1.24168146814553
2.2407634E+02, 1.24241393581702
2.2408765E+02, 1.24314183368278
2.2409897E+02, 1.24386474213575
2.2411029E+02, 1.24458260326642
2.2412160E+02, 1.24563007377390
2.2413292E+02, 1.24631546753058
2.2414650E+02, 1.24711546295266
2.2416008E+02, 1.24789372297814
2.2417366E+02, 1.24865267235213
2.2418724E+02, 1.24939469878128
2.2420082E+02, 1.25012242672946
2.2421439E+02, 1.25083811376214
2.2422797E+02, 1.25154405753435
2.2424155E+02, 1.25224264461469
2.2425513E+02, 1.25293591459255
2.2426871E+02, 1.25362545960739
2.2428229E+02, 1.25431288359938
2.2429587E+02, 1.25499958967234
2.2430945E+02, 1.25568613785417
2.2432303E+02, 1.25719084449030
2.2433661E+02, 1.25787232035547
2.2435019E+02, 1.25855467578738
2.2436377E+02, 1.25923758034458
2.2437735E+02, 1.25992063301029
2.2439093E+02, 1.26060316976992
2.2440451E+02, 1.26128448271029
2.2441809E+02, 1.26196381317856
2.2443166E+02, 1.26264018809659
2.2444524E+02, 1.26331275930182
2.2445882E+02, 1.26398081559352
2.2447240E+02, 1.26464349758114
2.2448598E+02, 1.26530020972914
2.2449956E+02, 1.26595058330320
2.2451314E+02, 1.26659414405012
2.2452672E+02, 1.26729771618927
2.2454030E+02, 1.26792791044481
2.2455388E+02, 1.26855185829062
2.2456746E+02, 1.26916949661475
2.2458104E+02, 1.26978125373043
2.2459462E+02, 1.27038760101726
2.2460820E+02, 1.27098925079834
2.2462178E+02, 1.27158679673953
2.2463535E+02, 1.27218096696963
2.2464893E+02, 1.27277249122185
2.2466251E+02, 1.27336191454675
2.2467609E+02, 1.27395000613869
2.2468967E+02, 1.27453702657159
2.2470325E+02, 1.27512346677541
2.2471683E+02, 1.27642034942114
2.2473041E+02, 1.27700589130195
2.2474399E+02, 1.27759134099007
2.2475757E+02, 1.27817561438635
2.2477115E+02, 1.27875802163155
2.2478473E+02, 1.27933757984612
2.2479831E+02, 1.27991291300449
2.2481189E+02, 1.28048273960300
2.2482547E+02, 1.28104510800493
2.2484176E+02, 1.28170802842660
2.2485806E+02, 1.28235441203126
2.2487435E+02, 1.28298014856295
2.2489065E+02, 1.28358143713514
2.2490694E+02, 1.28415417837452
2.2492324E+02, 1.28518186805869
2.2493953E+02, 1.28568733750969
2.2495583E+02, 1.28615443962442
2.2497212E+02, 1.28657961357804
2.2498842E+02, 1.28696051173549
2.2500471E+02, 1.28729601670414
2.2502101E+02, 1.28758512689344
2.2503730E+02, 1.28782775027603
2.2505360E+02, 1.28802451289984
2.2506989E+02, 1.28817660602846
2.2508619E+02, 1.28828585149308
2.2510249E+02, 1.28835462581577
2.2511878E+02, 1.28928139546716
2.2513508E+02, 1.28927829944356
2.2515137E+02, 1.28924369262836
2.2516767E+02, 1.28918140128852
2.2518396E+02, 1.28909511070623
2.2520026E+02, 1.28898823319565
2.2521655E+02, 1.28886379618342
2.2523285E+02, 1.28872436661446
2.2524914E+02, 1.28857196500398
2.2526544E+02, 1.28840802528585
2.2528173E+02, 1.28823355914223
2.2529803E+02, 1.28804827491409
2.2531432E+02, 1.28785137581995
2.2533062E+02, 1.28878825956366
2.2534691E+02, 1.28857137390445
2.2536321E+02, 1.28833673099158
2.2537950E+02, 1.28807998471119
2.2539580E+02, 1.28779757378176
2.2541210E+02, 1.28748567054790
2.2542839E+02, 1.28713974301706
2.2544469E+02, 1.28675622832637
2.2546098E+02, 1.28633125620121
2.2547728E+02, 1.28586073238242
2.2549357E+02, 1.28534218770068
2.2550987E+02, 1.28477215732916
2.2552616E+02, 1.28385648335916
2.2554246E+02, 1.28318046884144
2.2555875E+02, 1.28245099970270
2.2557505E+02, 1.28166713116693
2.2559134E+02, 1.28082962262697
2.2560764E+02, 1.27993972106964
2.2562393E+02, 1.27899928492175
2.2564023E+02, 1.27801070387207
2.2565652E+02, 1.27697679515917
2.2567282E+02, 1.27590067777566
2.2568911E+02, 1.27478564061241
2.2570541E+02, 1.27363500998567
2.2572170E+02, 1.27334757844741
2.2573800E+02, 1.27213424060454
2.2575430E+02, 1.27089453320863
2.2577059E+02, 1.26963101885611
2.2578689E+02, 1.26834566415030
2.2580318E+02, 1.26703998470786
2.2581948E+02, 1.26571450607012
2.2583577E+02, 1.26436933382144
2.2584926E+02, 1.26324053300207
2.2586275E+02, 1.26209733611184
2.2587625E+02, 1.26093897507440
2.2588974E+02, 1.25976448215129
2.2590323E+02, 1.25857271784029
2.2591672E+02, 1.25878230042866
2.2593021E+02, 1.25755539511636
2.2594370E+02, 1.25630748778875
2.2595720E+02, 1.25503661064370
2.2597069E+02, 1.25374108257214
2.2598418E+02, 1.25241942358557
2.2599767E+02, 1.25107058257122
2.2601116E+02, 1.24969301164871
2.2602465E+02, 1.24828565490683
2.2603815E+02, 1.24684781058224
2.2605164E+02, 1.24537843344341
2.2606513E+02, 1.24387754767834
2.2607862E+02, 1.24234436790211
2.2609211E+02, 1.24077941403512
2.2610338E+02, 1.23944794041911
2.2611464E+02, 1.23958647062531
2.2612591E+02, 1.23817821340870
2.2613717E+02, 1.23672555358061
2.2614844E+02, 1.23523274446848
2.2615970E+02, 1.23370326401486
2.2617097E+02, 1.23213998690122
2.2618223E+02, 1.23054606436285
2.2619350E+02, 1.22892500625844
2.2620476E+02, 1.22727965035070
2.2621603E+02, 1.22561401911471
2.2622730E+02, 1.22393139868104
2.2623856E+02, 1.22223483693333
2.2624983E+02, 1.22052802826897
2.2626109E+02, 1.21881407790055
2.2627236E+02, 1.21709459309202
2.2628362E+02, 1.21537104980539
2.2629489E+02, 1.21364509908396
2.2630615E+02, 1.21191511372388
2.2631742E+02, 1.21248537361992
2.2632868E+02, 1.21075089936100
2.2633995E+02, 1.20901819482373
2.2635121E+02, 1.20728739672628
2.2636248E+02, 1.20555801578765
2.2637374E+02, 1.20382731229618
2.2638501E+02, 1.20209077110582
2.2639627E+02, 1.20034447539813
2.2640754E+02, 1.19863325886588
2.2641880E+02, 1.19693474647419
2.2643007E+02, 1.19523423783773
2.2644134E+02, 1.19353072960558
2.2645260E+02, 1.19182435429811
2.2646387E+02, 1.19011564884734
2.2647513E+02, 1.18840659748502
2.2648640E+02, 1.18670087330583
2.2649766E+02, 1.18499926510350
2.2650893E+02, 1.18330347106393
2.2652019E+02, 1.18279171507117
2.2653146E+02, 1.18110693020786
2.2654272E+02, 1.17942671552168
2.2655399E+02, 1.17775161676549
2.2656525E+02, 1.17608095866645
2.2657652E+02, 1.17441385719880
2.2658778E+02, 1.17274959373841
2.2659905E+02, 1.17108656972068
2.2661031E+02, 1.16942378351041
2.2662158E+02, 1.16776086656399
2.2663285E+02, 1.16609664009424
2.2664411E+02, 1.16443080553725
2.2665538E+02, 1.16276365683253
2.2666664E+02, 1.16109441322800
2.2667791E+02, 1.15942302587800
2.2668917E+02, 1.15774982366025
2.2669855E+02, 1.15635408720948
2.2670793E+02, 1.15495664486663
2.2671731E+02, 1.15451077064672
2.2672669E+02, 1.15311637954661
2.2673608E+02, 1.15171905921560
2.2674546E+02, 1.15031813737888
2.2675484E+02, 1.14891326367230
2.2676422E+02, 1.14750359213188
2.2677360E+02, 1.14608874792449
2.2678298E+02, 1.14466820640054
2.2679236E+02, 1.14324159026900
2.2680174E+02, 1.14180877618189
2.2681112E+02, 1.14036962781346
2.2682050E+02, 1.13892436085855
2.2682988E+02, 1.13747318952818
2.2683926E+02, 1.13601652607411
2.2684864E+02, 1.13455481326089
2.2685803E+02, 1.13308844073498
2.2686741E+02, 1.13161774147127
2.2687679E+02, 1.13014277457101
2.2688617E+02, 1.12866342271088
2.2689555E+02, 1.12717916540372
2.2690493E+02, 1.12568925115007
2.2691431E+02, 1.12587632622623
2.2692369E+02, 1.12434712374069
2.2693307E+02, 1.12280974739130
2.2694245E+02, 1.12126369642139
2.2695183E+02, 1.11970961731008
2.2696121E+02, 1.11814726799428
2.2697060E+02, 1.11657707197382
2.2697998E+02, 1.11499931075048
2.2698936E+02, 1.11341392382046
2.2699874E+02, 1.11182201857210
2.2700812E+02, 1.11022300396276
2.2701750E+02, 1.10861782220763
2.2702688E+02, 1.10700626848419
2.2703626E+02, 1.10538780509360
2.2704564E+02, 1.10376313069964
2.2705502E+02, 1.10213013651535
2.2706440E+02, 1.10048798641035
2.2707378E+02, 1.09884544053750
2.2708316E+02, 1.09720087664011
2.2709255E+02, 1.09554986340342
2.2710193E+02, 1.09389199844817
2.2711131E+02, 1.09423066294741
2.2712069E+02, 1.09255694427470
2.2713007E+02, 1.09087691770361
2.2713945E+02, 1.08919089128597
2.2714883E+02, 1.08749905322210
2.2715821E+02, 1.08580176412886
2.2716759E+02, 1.08409962967876
2.2717697E+02, 1.08239331482126
2.2718635E+02, 1.08068352717701
2.2719573E+02, 1.07897103443703
2.2720512E+02, 1.07725656821632
2.2721450E+02, 1.07554077475131
2.2722388E+02, 1.07382409410665
2.2723326E+02, 1.07210682971326
2.2724264E+02, 1.07038910210633
2.2725202E+02, 1.06867079095226
2.2726140E+02, 1.06695158139924
2.2727078E+02, 1.06523106867054
2.2728016E+02, 1.06350875310602
2.2728954E+02, 1.06178407137271
2.2729892E+02, 1.06005654745958
2.2730830E+02, 1.05832581260485
2.2731768E+02, 1.05785960728115
2.2732707E+02, 1.05614276088106
2.2733645E+02, 1.05442421964379
2.2734583E+02, 1.05270337066725
2.2735521E+02, 1.05097946361215
2.2736459E+02, 1.04925208800980
2.2737397E+02, 1.04752104715104
2.2738335E+02, 1.04578608901213
2.2739273E+02, 1.04404715572176
2.2740211E+02, 1.04230438068775
2.2741149E+02, 1.04055810287647
2.2742087E+02, 1.03880848739915
2.2743025E+02, 1.03705581730797
2.2743964E+02, 1.03530036125347
2.2744902E+02, 1.03354245664836
2.2745840E+02, 1.03178205445991
2.2746778E+02, 1.03001910884238
2.2747716E+02, 1.02825353656173
2.2748654E+02, 1.02648538628934
2.2749592E+02, 1.02471452494719
2.2750530E+02, 1.02294091792943
2.2751468E+02, 1.02180763382320
2.2752406E+02, 1.02002751003624
2.2753344E+02, 1.01824738270349
2.2754282E+02, 1.01646896245242
2.2755220E+02, 1.01469300653592
2.2756159E+02, 1.01291940420367
2.2757097E+02, 1.01114742965683
2.2758035E+02, 1.00937546231132
2.2758973E+02, 1.00760109881423
2.2759911E+02, 1.00581988713934
2.2760849E+02, 1.00402743463094
2.2761787E+02, 1.00221926016130
2.2762725E+02, 1.00039147315160
2.2763663E+02, 0.998667802284432
2.2764601E+02, 0.996964884666329
2.2765539E+02, 0.995250459821914
2.2766477E+02, 0.993527745553594
2.2767415E+02, 0.991800203413104
2.2768354E+02, 0.990071673472627
2.2769292E+02, 0.988346089161026
2.2770230E+02, 0.986627522066358
2.2771168E+02, 0.986698285622672
2.2772106E+02, 0.984982787161568
2.2773044E+02, 0.983272088791275
2.2773982E+02, 0.981566990542167
2.2774920E+02, 0.979868081120629
2.2775858E+02, 0.978175702067441
2.2776796E+02, 0.976489963878742
2.2777734E+02, 0.974810683806049
2.2778672E+02, 0.973137544439107
2.2779611E+02, 0.971470120078325
2.2780549E+02, 0.969807787367781
2.2781487E+02, 0.968149914414342
2.2782425E+02, 0.966495827392223
2.2783363E+02, 0.964844733255323
2.2784301E+02, 0.963195918327791
2.2785239E+02, 0.961548608529424
2.2786177E+02, 0.959902009095975
2.2787115E+02, 0.958255443207021
2.2788053E+02, 0.956608176712526
2.2788991E+02, 0.954959586551398
2.2789929E+02, 0.953309177000286
2.2790867E+02, 0.951656461631757
2.2791806E+02, 0.951276405375762
2.2792744E+02, 0.949626537203777
2.2793682E+02, 0.947972839034462
2.2794620E+02, 0.946314484082764
2.2795558E+02, 0.944650994019077
2.2796496E+02, 0.942981798143323
2.2797434E+02, 0.941306715638315
2.2798372E+02, 0.939625748228948
2.2799310E+02, 0.937938788989838
2.2800248E+02, 0.936245939505194
2.2801186E+02, 0.934547405535315
2.2802124E+02, 0.932843165911599
2.2803063E+02, 0.931133237592497
2.2804001E+02, 0.929417705126349
2.2804939E+02, 0.927696574789229
2.2805877E+02, 0.925969650479223
2.2806815E+02, 0.924236925622013
2.2807753E+02, 0.922498767931352
2.2808691E+02, 0.920755231826593
2.2809629E+02, 0.919006602778554
2.2810567E+02, 0.917253422735001
2.2811505E+02, 0.916576802537865
2.2812443E+02, 0.914799219012784
2.2813381E+02, 0.913017111839512
2.2814319E+02, 0.911232411259630
2.2815258E+02, 0.909446472725575
2.2816196E+02, 0.907658311841264
2.2817134E+02, 0.905865053877203
2.2818072E+02, 0.904062148425386
2.2819010E+02, 0.902243083042582
2.2819948E+02, 0.900400136662886
2.2820886E+02, 0.898659492250953
2.2821824E+02, 0.896950700564393
2.2822762E+02, 0.895237054924998
2.2823700E+02, 0.893518113354514
2.2824638E+02, 0.891795481375340
2.2825576E+02, 0.890072301360864
2.2826515E+02, 0.888353036107025
2.2827453E+02, 0.886642888728233
2.2828391E+02, 0.884945073681413
2.2829329E+02, 0.883262791130029
2.2830267E+02, 0.881599398322047
2.2831205E+02, 0.882519520981398
2.2832143E+02, 0.880864154691489
2.2833081E+02, 0.879224240740918
2.2834019E+02, 0.877600739111551
2.2834957E+02, 0.875994064266137
2.2835895E+02, 0.874404351524362
2.2836833E+02, 0.872831425309831
2.2837771E+02, 0.871274681771562
2.2838710E+02, 0.869733788085555
2.2839648E+02, 0.868207708067083
2.2840586E+02, 0.866696056301248
2.2841524E+02, 0.865197780549686
2.2842462E+02, 0.863712593907931
2.2843400E+02, 0.862239491144902
2.2844338E+02, 0.860778446633241
2.2845276E+02, 0.859328474994905
2.2846214E+02, 0.857889755923961
2.2847152E+02, 0.856461475513088
2.2848090E+02, 0.855043609788967
2.2849028E+02, 0.853635849148619
2.2849966E+02, 0.852237649378936
2.2850905E+02, 0.850849361365440
2.2851843E+02, 0.850264594411042
2.2852781E+02, 0.848908291170459
2.2853719E+02, 0.847560176685264
2.2854657E+02, 0.846219829531586
2.2855595E+02, 0.844887114084564
2.2856533E+02, 0.843561553090667
2.2857471E+02, 0.842242969106674
2.2858409E+02, 0.840931482575446
2.2859347E+02, 0.839626877596353
2.2860285E+02, 0.838329214516621
2.2861223E+02, 0.837038879332269
2.2862162E+02, 0.835756018744270
2.2863100E+02, 0.834480941560924
2.2864038E+02, 0.833214157657865
2.2864976E+02, 0.831956384834969
2.2865914E+02, 0.830708094786052
2.2866852E+02, 0.829470017680931
2.2867790E+02, 0.828242999977874
2.2868728E+02, 0.827028084497297
2.2869666E+02, 0.825825976633201
2.2870604E+02, 0.824637552679994
2.2871542E+02, 0.824030000408673
2.2872480E+02, 0.822858024761544
2.2873418E+02, 0.821699947623288
2.2874357E+02, 0.820556884864322
2.2875295E+02, 0.819429711775822
2.2876233E+02, 0.818319090720262
2.2877171E+02, 0.817225493135187
2.2878109E+02, 0.816149007469564
2.2879047E+02, 0.815089443950407
2.2879985E+02, 0.814046477209463
2.2880923E+02, 0.813019660690422
2.2881861E+02, 0.812008534819354
2.2882799E+02, 0.811012753030783
2.2883737E+02, 0.810032212737987
2.2884675E+02, 0.809067178565086
2.2885614E+02, 0.808118381678239
2.2886552E+02, 0.807187080517685
2.2887490E+02, 0.806275033999696
2.2888428E+02, 0.805383965516985
2.2889366E+02, 0.804516820685128
2.2890304E+02, 0.803676329349666
2.2891242E+02, 0.802913200847008
2.2892180E+02, 0.802100955405042
2.2893118E+02, 0.801313443780729
2.2894056E+02, 0.800551289381921
2.2894994E+02, 0.799783493345345
2.2895932E+02, 0.799003024444545
2.2896870E+02, 0.798216181405884
2.2897809E+02, 0.797437318269458
2.2898747E+02, 0.796668069535916
2.2899685E+02, 0.795909875062000
2.2900623E+02, 0.795163681655787
2.2901561E+02, 0.794428777032510
2.2902499E+02, 0.793705055342667
2.2903437E+02, 0.792992820982800
2.2904375E+02, 0.792291133396231
2.2905313E+02, 0.791595929423704
2.2906251E+02, 0.790908839477675
2.2907189E+02, 0.790228606548625
2.2908127E+02, 0.789549586761009
2.2909065E+02, 0.788873661935703
2.2910004E+02, 0.788199899685394
2.2910942E+02, 0.785919019319596
2.2911880E+02, 0.785253332010494
2.2912818E+02, 0.784585328621173
2.2913756E+02, 0.783915037743726
2.2914694E+02, 0.783241882784055
2.2915632E+02, 0.782563849322705
2.2916570E+02, 0.781881863442307
2.2917508E+02, 0.781195841120949
2.2918446E+02, 0.780504297133865
2.2919384E+02, 0.779808118684063
2.2920322E+02, 0.779107694472019
2.2921261E+02, 0.778402236957431
2.2922199E+02, 0.777691700932155
2.2923137E+02, 0.776977027268013
2.2924075E+02, 0.776258269526328
2.2925013E+02, 0.775533714456323
2.2925951E+02, 0.774804992194355
2.2926889E+02, 0.774072065268273
2.2927827E+02, 0.773334374082428
2.2928765E+02, 0.772591078418320
2.2929703E+02, 0.771843195568883
2.2930641E+02, 0.771090596007893
2.2931579E+02, 0.769069834018584
2.2932517E+02, 0.768307181663786
2.2933456E+02, 0.767538193253422
2.2934394E+02, 0.766763400497417
2.2935332E+02, 0.765982974758185
2.2936270E+02, 0.765197125012941
2.2937208E+02, 0.764405904401111
2.2938146E+02, 0.763609719839062
2.2939084E+02, 0.762808991591486
2.2940022E+02, 0.762004102538014
2.2940960E+02, 0.761195469442582
2.2941898E+02, 0.760383404812288
2.2942836E+02, 0.759568458909874
2.2943774E+02, 0.758751203066719
2.2944713E+02, 0.757932176440607
2.2945651E+02, 0.757111944207754
2.2946589E+02, 0.756291074006756
2.2947527E+02, 0.755470119883153
2.2948465E+02, 0.754649787396836
2.2949403E+02, 0.753830721525548
2.2950341E+02, 0.753013577445174
2.2951279E+02, 0.751951818206678
2.2952217E+02, 0.751147158869545
2.2953155E+02, 0.750345876631494
2.2954093E+02, 0.749548705172799
2.2955031E+02, 0.748756242079335
2.2955969E+02, 0.747969019465255
2.2956908E+02, 0.747187534693157
2.2957846E+02, 0.746412194291991
2.2958784E+02, 0.745643379699807
2.2959722E+02, 0.744881444522075
2.2960660E+02, 0.744126676204484
2.2961598E+02, 0.743379252543542
2.2962536E+02, 0.742639283974799
2.2963474E+02, 0.741906914758990
2.2964412E+02, 0.741182211944268
2.2965350E+02, 0.740465047667267
2.2966288E+02, 0.739755406325482
2.2967226E+02, 0.739053266647742
2.2968165E+02, 0.738358450273540
2.2969103E+02, 0.737670688494849
2.2970041E+02, 0.736989991968702
2.2970979E+02, 0.735901917945374
2.2972104E+02, 0.735106010599829
2.2973230E+02, 0.734319045379066
2.2974356E+02, 0.733540459302422
2.2975482E+02, 0.732769793379414
2.2976607E+02, 0.732006637660265
2.2977733E+02, 0.731250614057427
2.2978859E+02, 0.730501201134462
2.2979984E+02, 0.729758150003818
2.2981110E+02, 0.729021156060569
2.2982236E+02, 0.728289902582833
2.2983361E+02, 0.727563930570567
2.2984487E+02, 0.726843154597854
2.2985613E+02, 0.726127380435587
2.2986738E+02, 0.725416243419751
2.2987864E+02, 0.724709578094619
2.2988990E+02, 0.724007394845199
2.2990116E+02, 0.723309539251810
2.2991241E+02, 0.721590077058854
2.2992367E+02, 0.720898388853497
2.2993493E+02, 0.720210917553012
2.2994618E+02, 0.719528110805564
2.2995744E+02, 0.718849747408230
2.2996870E+02, 0.718175956682028
2.2997995E+02, 0.717507167709189
2.2999121E+02, 0.716843439383805
2.3000247E+02, 0.716185061693729
2.3001373E+02, 0.715532608497613
2.3002498E+02, 0.714886235307612
2.3003624E+02, 0.714246350310866
2.3004750E+02, 0.713613677745514
2.3005875E+02, 0.712988353509519
2.3007001E+02, 0.712371011934910
2.3008127E+02, 0.711762229973021
2.3009252E+02, 0.711162197228481
2.3010378E+02, 0.710571833076146
2.3011504E+02, 0.709455829837121
2.3012629E+02, 0.708879092973762
2.3013755E+02, 0.708305750326549
2.3014881E+02, 0.707737437152888
2.3016007E+02, 0.707173748970043
2.3017132E+02, 0.706616035680991
2.3018258E+02, 0.706063720309159
2.3019384E+02, 0.705517855066644
2.3020509E+02, 0.704978409700025
2.3021635E+02, 0.704445932705399
2.3022761E+02, 0.703920971429050
2.3023886E+02, 0.703403644651259
2.3025012E+02, 0.702894957872615
2.3026138E+02, 0.702394794959683
2.3027264E+02, 0.701904351309756
2.3028389E+02, 0.701423547093619
2.3029515E+02, 0.700953401740277
2.3030641E+02, 0.700494140458717
2.3031766E+02, 0.700110876682701
2.3032892E+02, 0.699686074814688
2.3034018E+02, 0.699277055429295
2.3035143E+02, 0.698884538020496
2.3036269E+02, 0.698508778345393
2.3037395E+02, 0.698149068715156
2.3038520E+02, 0.697804124672310
2.3039646E+02, 0.697474478178534
2.3040772E+02, 0.697159077569771
2.3041898E+02, 0.696856276935332
2.3043023E+02, 0.696566462517420
2.3044149E+02, 0.696288741273260
2.3045275E+02, 0.696020830640705
2.3046400E+02, 0.695762730455098
2.3047526E+02, 0.695513819799863
2.3048652E+02, 0.695273128747800
2.3049777E+02, 0.695038291141695
2.3050903E+02, 0.694809502797414
2.3052029E+02, 0.694008766137792
2.3053155E+02, 0.693789755026808
2.3054280E+02, 0.693574143839209
2.3055406E+02, 0.693361368213442
2.3056532E+02, 0.693150615644951
2.3057657E+02, 0.692941241868171
2.3058783E+02, 0.692733317128765
2.3059909E+02, 0.692526581364140
2.3061034E+02, 0.692320878569019
2.3062160E+02, 0.692115714330106
2.3063286E+02, 0.691911265386764
2.3064411E+02, 0.691708075409063
2.3065537E+02, 0.691506450501038
2.3066663E+02, 0.691306813932911
2.3067789E+02, 0.691109207170973
2.3068914E+02, 0.690914499073814
2.3070040E+02, 0.690723781074950
2.3071166E+02, 0.689562398916066
2.3072291E+02, 0.689380300898212
2.3073417E+02, 0.689204523517667
2.3074543E+02, 0.689036288304566
2.3075668E+02, 0.688877272082113
2.3076794E+02, 0.688728821651533
2.3077920E+02, 0.688592332845121
2.3079046E+02, 0.688469232062100
2.3080171E+02, 0.688360954866908
2.3081297E+02, 0.688268926112942
2.3082423E+02, 0.688194413336280
2.3083548E+02, 0.688138783883320
2.3084674E+02, 0.688103443818851
2.3085800E+02, 0.688089570588943
2.3086925E+02, 0.688098216872865
2.3088051E+02, 0.688130284025024
2.3089177E+02, 0.688186531023952
2.3090302E+02, 0.688267336624530
2.3091428E+02, 0.687163502470748
2.3092554E+02, 0.687288910691982
2.3093680E+02, 0.687439147545439
2.3094805E+02, 0.687614330162413
2.3095931E+02, 0.687814087653760
2.3097057E+02, 0.688037866106958
2.3098182E+02, 0.688284721141689
2.3099308E+02, 0.688552970205210
2.3100434E+02, 0.688842448286417
2.3101559E+02, 0.689152101279115
2.3102685E+02, 0.689479293399030
2.3103811E+02, 0.689823578707464
2.3104936E+02, 0.690184172732320
2.3106062E+02, 0.690557638981576
2.3107413E+02, 0.691023565222310
2.3108764E+02, 0.691505097444298
2.3110115E+02, 0.692000347333585
2.3111466E+02, 0.689804646386974
2.3112816E+02, 0.690296257841376
2.3114167E+02, 0.690794281255976
2.3115518E+02, 0.691298071091792
2.3116869E+02, 0.691805288368655
2.3118220E+02, 0.692315825858751
2.3119571E+02, 0.692828242896598
2.3120921E+02, 0.693343034017410
2.3122272E+02, 0.693859645890273
2.3123623E+02, 0.694379017072168
2.3124974E+02, 0.694901386388849
2.3126325E+02, 0.695428027226093
2.3127676E+02, 0.695959809800879
2.3129026E+02, 0.696498174778043
2.3130377E+02, 0.697044447671363
2.3131728E+02, 0.696876274436526
2.3133079E+02, 0.697465613739456
2.3134430E+02, 0.698072111127767
2.3135781E+02, 0.698698439048301
2.3137131E+02, 0.699348469839019
2.3138482E+02, 0.700030982290546
2.3139833E+02, 0.700773254293833
2.3141184E+02, 0.701565746414094
2.3142535E+02, 0.702396188306839
2.3143886E+02, 0.703263607434921
2.3145236E+02, 0.704166947327083
2.3146587E+02, 0.705105254763758
2.3147938E+02, 0.706077466291031
2.3149289E+02, 0.707082456457449
2.3150640E+02, 0.708119013858469
2.3151991E+02, 0.708699801684444
2.3153341E+02, 0.709785255917430
2.3154692E+02, 0.710899919167746
2.3156043E+02, 0.712041037452490
2.3157394E+02, 0.713205885356950
2.3158745E+02, 0.714391593805798
2.3160096E+02, 0.715595579787475
2.3161446E+02, 0.716815487136510
2.3162569E+02, 0.717839320089074
2.3163691E+02, 0.718871375934650
2.3164813E+02, 0.719910896458733
2.3165936E+02, 0.720957185310438
2.3167058E+02, 0.722009629674010
2.3168180E+02, 0.723067701486886
2.3169303E+02, 0.724130947135850
2.3170425E+02, 0.725198979604077
2.3171547E+02, 0.724940289208417
2.3172670E+02, 0.726012883782757
2.3173792E+02, 0.727089092253483
2.3174914E+02, 0.728168970976193
2.3176036E+02, 0.729252564982589
2.3177159E+02, 0.730340043141480
2.3178281E+02, 0.731431840094052
2.3179403E+02, 0.732528524017651
2.3180526E+02, 0.733630842436958
2.3181648E+02, 0.734739718130704
2.3182770E+02, 0.735856236231614
2.3183893E+02, 0.736981624393940
2.3184823E+02, 0.737922408995219
2.3185753E+02, 0.738871111309634
2.3186684E+02, 0.739828503190201
2.3187614E+02, 0.740795419354585
2.3188544E+02, 0.741772703379172
2.3189475E+02, 0.742761176117637
2.3190405E+02, 0.743761614871707
2.3191336E+02, 0.744101504969811
2.3192266E+02, 0.745122458963694
2.3193196E+02, 0.746156163079028
2.3194127E+02, 0.747203343581591
2.3195057E+02, 0.748264483490286
2.3195987E+02, 0.749339968417550
2.3196918E+02, 0.750430124674078
2.3197848E+02, 0.751535164553737
2.3198778E+02, 0.752655203966622
2.3199709E+02, 0.753790267195828
2.3200639E+02, 0.754940295023482
2.3201570E+02, 0.756105156462708
2.3202500E+02, 0.757284648856131
2.3203430E+02, 0.758478445621256
2.3204361E+02, 0.759686315422019
2.3205291E+02, 0.760907981895698
2.3206221E+02, 0.762143185551472
2.3207152E+02, 0.763391561361017
2.3208082E+02, 0.764652833969729
2.3209012E+02, 0.765926935281863
2.3209943E+02, 0.767213770762083
2.3210873E+02, 0.768512863213277
2.3211804E+02, 0.768315877383402
2.3212734E+02, 0.769657890195388
2.3213664E+02, 0.771018420422642
2.3214595E+02, 0.772395777201221
2.3215525E+02, 0.773788584275940
2.3216455E+02, 0.775196203411388
2.3217386E+02, 0.776616467187932
2.3218316E+02, 0.778048541319233
2.3219246E+02, 0.779490362836344
2.3220177E+02, 0.780940187461396
2.3221107E+02, 0.782396681407173
2.3222038E+02, 0.783857570134935
2.3222968E+02, 0.785322888217216
2.3223898E+02, 0.786790510351065
2.3224829E+02, 0.788262570563521
2.3225759E+02, 0.789737922170983
2.3226689E+02, 0.791220974800223
2.3227620E+02, 0.792712911612650
2.3228550E+02, 0.794219611625132
2.3229480E+02, 0.795744647491821
2.3230411E+02, 0.797294740729756
2.3231341E+02, 0.796720685235128
2.3232272E+02, 0.798201921850717
2.3233044E+02, 0.799433566994835
2.3233817E+02, 0.800663518519579
2.3234590E+02, 0.801890397940156
2.3235363E+02, 0.803118575592801
2.3236136E+02, 0.804348751428657
2.3236909E+02, 0.805581298459957
2.3237682E+02, 0.806816570809189
2.3238455E+02, 0.808054722598826
2.3239228E+02, 0.809295772831199
2.3240001E+02, 0.810539449222925
2.3240774E+02, 0.811785917150060
2.3241547E+02, 0.813035187929442
2.3242320E+02, 0.814287299219707
2.3243093E+02, 0.815542061107885
2.3243866E+02, 0.816799902671481
2.3244639E+02, 0.818061061464478
2.3245412E+02, 0.819325752653201
2.3246185E+02, 0.820594042473465
2.3246958E+02, 0.821866456901205
2.3247731E+02, 0.823143280896525
2.3248504E+02, 0.824424575762115
2.3249277E+02, 0.825710490466919
2.3250050E+02, 0.827001298027279
2.3250822E+02, 0.828072987378998
2.3251595E+02, 0.829372017374999
2.3252368E+02, 0.830674436804641
2.3253141E+02, 0.831980076631578
2.3253914E+02, 0.833288726105144
2.3254687E+02, 0.834599947745744
2.3255460E+02, 0.835913659033976
2.3256233E+02, 0.837229664745931
2.3257006E+02, 0.838547570571571
2.3257779E+02, 0.839867319328232
2.3258552E+02, 0.841188822662510
2.3259325E+02, 0.842511801440761
2.3260098E+02, 0.843836230323092
2.3260871E+02, 0.845162127153062
2.3261644E+02, 0.846489307183776
2.3262417E+02, 0.847817757980357
2.3263190E+02, 0.849147540913465
2.3263963E+02, 0.850478485868391
2.3264736E+02, 0.851810526957071
2.3265509E+02, 0.853143669630933
2.3266282E+02, 0.854477643516790
2.3267055E+02, 0.855812248931781
2.3267827E+02, 0.857147354720575
2.3268600E+02, 0.858482521034272
2.3269373E+02, 0.859817414810993
2.3270146E+02, 0.861151810596361
2.3270919E+02, 0.861879819796397
2.3271692E+02, 0.863207997371685
2.3272465E+02, 0.864537033954959
2.3273238E+02, 0.865867093189963
2.3274011E+02, 0.867198276593851
2.3274784E+02, 0.868530427127306
2.3275557E+02, 0.869863598601633
2.3276330E+02, 0.871197862352648
2.3277103E+02, 0.872533100851487
2.3277876E+02, 0.873869461040352
2.3278649E+02, 0.875207177102233
2.3279422E+02, 0.876546343414714
2.3280195E+02, 0.877887364917065
2.3280968E+02, 0.879230721533161
2.3281741E+02, 0.880576744758641
2.3282514E+02, 0.881926059300101
2.3283287E+02, 0.883279263008730
2.3284060E+02, 0.884636763476483
2.3284833E+02, 0.885999189654443
2.3285605E+02, 0.887367005982407
2.3286378E+02, 0.888740536846858
2.3287151E+02, 0.890120151521232
2.3287924E+02, 0.891506074430795
2.3288697E+02, 0.892898422999564
2.3289470E+02, 0.894297296255296
2.3290243E+02, 0.895702717973879
2.3291016E+02, 0.895718295985094
2.3291789E+02, 0.897137912767748
2.3292562E+02, 0.898567897459381
2.3293335E+02, 0.900008790379463
2.3294108E+02, 0.901449786595493
2.3294881E+02, 0.902893936978501
2.3295654E+02, 0.904344665743892
2.3296427E+02, 0.905803648957266
2.3297200E+02, 0.907271518836965
2.3297973E+02, 0.908749113178044
2.3298746E+02, 0.910236328402455
2.3299519E+02, 0.911733029752040
2.3300292E+02, 0.913238601134285
2.3301065E+02, 0.914752259504762
2.3301838E+02, 0.916273242440589
2.3302611E+02, 0.917800549105042
2.3303383E+02, 0.919333666570511
2.3304156E+02, 0.920871741426233
2.3304929E+02, 0.922414674574455
2.3305702E+02, 0.923962018143902
2.3306475E+02, 0.925513978131304
2.3307248E+02, 0.927070531783306
2.3308021E+02, 0.928631991001330
2.3308794E+02, 0.930198637076794
2.3309567E+02, 0.931770611645690
2.3310340E+02, 0.933348357227376
2.3311113E+02, 0.932607338835263
2.3311886E+02, 0.934199415659560
2.3312659E+02, 0.935794370399281
2.3313432E+02, 0.937392221571163
2.3314205E+02, 0.938992879146667
2.3314978E+02, 0.940596592845837
2.3315751E+02, 0.942203449532019
2.3316524E+02, 0.943813538747628
2.3317297E+02, 0.945427104242204
2.3318070E+02, 0.947044046164247
2.3318843E+02, 0.948664505433095
2.3319616E+02, 0.950288450684243
2.3320388E+02, 0.951915559843137
2.3321161E+02, 0.953545920535399
2.3321934E+02, 0.955179182692924
2.3322707E+02, 0.956815067052623
2.3323480E+02, 0.958453546392652
2.3324253E+02, 0.960094171361680
2.3325026E+02, 0.961736933429492
2.3325799E+02, 0.963381909549262
2.3326572E+02, 0.965028745529466
2.3327345E+02, 0.966677905451074
2.3328118E+02, 0.968329678818010
2.3328891E+02, 0.969983850536794
2.3329664E+02, 0.971641301457329
2.3330437E+02, 0.973302342521001
2.3331210E+02, 0.973155795997383
2.3331983E+02, 0.974827351451847
2.3332756E+02, 0.976502878082671
2.3333529E+02, 0.978181664943243
2.3334302E+02, 0.979863160352437
2.3335075E+02, 0.981547332179088
2.3335848E+02, 0.983233723167453
2.3336621E+02, 0.984922080299565
2.3337394E+02, 0.986613480290647
2.3338166E+02, 0.988308904628743
2.3338939E+02, 0.990009343712326
2.3339712E+02, 0.991717943096498
2.3340485E+02, 0.993437582952625
2.3341258E+02, 0.995171304645816
2.3342031E+02, 0.996922879886393
2.3342804E+02, 0.998695514341786
2.3343577E+02, 1.00045252215085
2.3344350E+02, 1.00212861084729
2.3345123E+02, 1.00382495581791
2.3345896E+02, 1.00553998495593
2.3346669E+02, 1.00727040017882
2.3347442E+02, 1.00901187116855
2.3348215E+02, 1.01076134257265
2.3348988E+02, 1.01251528069504
2.3349761E+02, 1.01427053490275
2.3350534E+02, 1.01602478914142
2.3351307E+02, 1.01587801234421
2.3352080E+02, 1.01764757073600
2.3352853E+02, 1.01941976017267
2.3353626E+02, 1.02119346329242
2.3354399E+02, 1.02296815230900
2.3355172E+02, 1.02474366249465
2.3355944E+02, 1.02651999990466
2.3356717E+02, 1.02829725814046
2.3357490E+02, 1.03007547067715
2.3358263E+02, 1.03185512847231
2.3359036E+02, 1.03363638066620
2.3359809E+02, 1.03541926207359
2.3360582E+02, 1.03720338093408
2.3361355E+02, 1.03898864005819
2.3362128E+02, 1.04077484621573
2.3362901E+02, 1.04256157554057
2.3363674E+02, 1.04434836338688
2.3364447E+02, 1.04613417787395
2.3365220E+02, 1.04791915591948
2.3365993E+02, 1.04970294678573
2.3366766E+02, 1.05148528882157
2.3367539E+02, 1.05326575331430
2.3368312E+02, 1.05504411074828
2.3369085E+02, 1.05682076893084
2.3369858E+02, 1.05859574732912
2.3370631E+02, 1.06036905709902
2.3371404E+02, 1.05991663734105
2.3372177E+02, 1.06168436923226
2.3372949E+02, 1.06345191704411
2.3373722E+02, 1.06521892474906
2.3374495E+02, 1.06698516375049
2.3375268E+02, 1.06875032912068
2.3376041E+02, 1.07051382953149
2.3376814E+02, 1.07227485839663
2.3377587E+02, 1.07403266289191
2.3378360E+02, 1.07578711922704
2.3379133E+02, 1.07753801248116
2.3379906E+02, 1.07928525655308
2.3380679E+02, 1.08102907071984
2.3381452E+02, 1.08277067462369
2.3382225E+02, 1.08451113697422
2.3382998E+02, 1.08625149792080
2.3383771E+02, 1.08799309518536
2.3384544E+02, 1.08973737659649
2.3385317E+02, 1.09148507307165
2.3386090E+02, 1.09323622428221
2.3386863E+02, 1.09499029155078
2.3387636E+02, 1.09674564779721
2.3388409E+02, 1.09849943377707
2.3389182E+02, 1.10024439549807
2.3389955E+02, 1.10197865498266
2.3390727E+02, 1.10372042574810
2.3391500E+02, 1.10325603701255
2.3392273E+02, 1.10499074650980
2.3393046E+02, 1.10672739116087
2.3393819E+02, 1.10846718940297
2.3394592E+02, 1.11021092189425
2.3395365E+02, 1.11195897656071
2.3396138E+02, 1.11371129133699
2.3396911E+02, 1.11546736045864
2.3397684E+02, 1.11722624329928
2.3398457E+02, 1.11898715720949
2.3399230E+02, 1.12074944939367
2.3400003E+02, 1.12251257835390
2.3400776E+02, 1.12427618792145
2.3401549E+02, 1.12604041653757
2.3402322E+02, 1.12780596948141
2.3403095E+02, 1.12957359420539
2.3403868E+02, 1.13134412477129
2.3404641E+02, 1.13311818769345
2.3405414E+02, 1.13489686108397
2.3406187E+02, 1.13668062555246
2.3406960E+02, 1.13846962909965
2.3407733E+02, 1.14026334389699
2.3408505E+02, 1.14206122857214
2.3409278E+02, 1.14386263579121
2.3410051E+02, 1.14566650105899
2.3410824E+02, 1.14527659821689
2.3411597E+02, 1.14706909748890
2.3412370E+02, 1.14885614559243
2.3413143E+02, 1.15063829222926
2.3413916E+02, 1.15241575454069
2.3414689E+02, 1.15418821677663
2.3415462E+02, 1.15595600630973
2.3416235E+02, 1.15771915544011
2.3417008E+02, 1.15947761428338
2.3417781E+02, 1.16123092196670
2.3418554E+02, 1.16297913651731
2.3419327E+02, 1.16472237274358
2.3420100E+02, 1.16646047183594
2.3420873E+02, 1.16819257558383
2.3421646E+02, 1.16991873691710
2.3422419E+02, 1.17163879015045
2.3423192E+02, 1.17335211400184
2.3423965E+02, 1.17505734101843
2.3424738E+02, 1.17675495184361
2.3425510E+02, 1.17844459106068
2.3426283E+02, 1.18012500214287
2.3427056E+02, 1.18179740415876
2.3427829E+02, 1.18346278906340
2.3428602E+02, 1.18512145433257
2.3429375E+02, 1.18677639545320
2.3430148E+02, 1.18843043330773
2.3430921E+02, 1.18809535876878
2.3431694E+02, 1.18973724010942
2.3432467E+02, 1.19137189112380
2.3433240E+02, 1.19299911744272
2.3434013E+02, 1.19462163555495
2.3434786E+02, 1.19624025759232
2.3435559E+02, 1.19785601987550
2.3436332E+02, 1.19946995908124
2.3437105E+02, 1.20106179340309
2.3437878E+02, 1.20264119782806
2.3438651E+02, 1.20421914361673
2.3439424E+02, 1.20579537700493
2.3440197E+02, 1.20736971724927
2.3440970E+02, 1.20893938289521
2.3441743E+02, 1.21050455313695
2.3442516E+02, 1.21206242453990
2.3443288E+02, 1.21361307630638
2.3444061E+02, 1.21515518888236
2.3444834E+02, 1.21668883887657
2.3445607E+02, 1.21821416843978
2.3446380E+02, 1.21973140999329
2.3447153E+02, 1.22124155724323
2.3447926E+02, 1.22274490954704
2.3448699E+02, 1.22424266073029
2.3449472E+02, 1.22573499934849
2.3450245E+02, 1.22722283828456
2.3451018E+02, 1.22714869506679
2.3451791E+02, 1.22863839374797
2.3452564E+02, 1.23012054042712
2.3453337E+02, 1.23159496769484
2.3454110E+02, 1.23306131920825
2.3454883E+02, 1.23451962344740
2.3455656E+02, 1.23596950018799
2.3456429E+02, 1.23741120823047
2.3457202E+02, 1.23884423405593
2.3457975E+02, 1.24026893532786
2.3458748E+02, 1.24168499790916
2.3459521E+02, 1.24309243414806
2.3460294E+02, 1.24449129024910
2.3461066E+02, 1.24588114111592
2.3461839E+02, 1.24726226331526
2.3462612E+02, 1.24863428696521
2.3463385E+02, 1.24999710854884
2.3464158E+02, 1.25135081960332
2.3464931E+02, 1.25269489319138
2.3465704E+02, 1.25402943397964
2.3466477E+02, 1.25535441466195
2.3467250E+02, 1.25666930924001
2.3468023E+02, 1.25797419964703
2.3468796E+02, 1.25926903455423
2.3469569E+02, 1.26055344352213
2.3470342E+02, 1.26182718632762
2.3471115E+02, 1.26166023460583
2.3471888E+02, 1.26290780534326
2.3472661E+02, 1.26414610061133
2.3473434E+02, 1.26537519062666
2.3474207E+02, 1.26659489920967
2.3474980E+02, 1.26780525750481
2.3475753E+02, 1.26900619099105
2.3476526E+02, 1.27019755471345
2.3477299E+02, 1.27137919225847
2.3478071E+02, 1.27255088350945
2.3478844E+02, 1.27371258173125
2.3479617E+02, 1.27486428432449
2.3480390E+02, 1.27600605185928
2.3481163E+02, 1.27713805159231
2.3481936E+02, 1.27826056558954
2.3482709E+02, 1.27937398952868
2.3483482E+02, 1.28047883884958
2.3484255E+02, 1.28157571470666
2.3485028E+02, 1.28266522984524
2.3485801E+02, 1.28374800576918
2.3486574E+02, 1.28482461234729
2.3487347E+02, 1.28589551325399
2.3488120E+02, 1.28696101030169
2.3488893E+02, 1.28802119124048
2.3489666E+02, 1.28907588579165
2.3490439E+02, 1.29012463496836
2.3491212E+02, 1.29085002128346
2.3491985E+02, 1.29188267753723
2.3492758E+02, 1.29290756249821
2.3493531E+02, 1.29392435343322
2.3494304E+02, 1.29493272349274
2.3495077E+02, 1.29593245545335
2.3495849E+02, 1.29692353620495
2.3496622E+02, 1.29790625300651
2.3497395E+02, 1.29888128322560
2.3498168E+02, 1.29985716004855
2.3498941E+02, 1.30084484386488
2.3499714E+02, 1.30183628672389
2.3500487E+02, 1.30281896567426
2.3501260E+02, 1.30379302231285
2.3502033E+02, 1.30475887363419
2.3502806E+02, 1.30571715785250
2.3503579E+02, 1.30666867577713
2.3504352E+02, 1.30761433172144
2.3505125E+02, 1.30855507694145
2.3505898E+02, 1.30949185788129
2.3506671E+02, 1.31042565732965
2.3507444E+02, 1.31135764264837
2.3508217E+02, 1.31228806559760
2.3508990E+02, 1.31321746753144
2.3509763E+02, 1.31414624663232
2.3510536E+02, 1.31507465778751
2.3511309E+02, 1.31595432511872
2.3512082E+02, 1.31687322184416
2.3512854E+02, 1.31779091571625
2.3513627E+02, 1.31870753876489
2.3514400E+02, 1.31962318793592
2.3515173E+02, 1.32053791889986
2.3515946E+02, 1.32145175930619
2.3516719E+02, 1.32236493246107
2.3517492E+02, 1.32327733365246
2.3518265E+02, 1.32418900795511
2.3519038E+02, 1.32510006798897
2.3519811E+02, 1.32601067116316
2.3520584E+02, 1.32692102139274
2.3521357E+02, 1.32783136865596
2.3522130E+02, 1.32874200572052
2.3522903E+02, 1.32965326271626
2.3523676E+02, 1.33056550013821
2.3524449E+02, 1.33147909975810
2.3525222E+02, 1.33239462927503
2.3525995E+02, 1.33331243470515
2.3526768E+02, 1.33423276851464
2.3527541E+02, 1.33515597742086
2.3528314E+02, 1.33608236975583
2.3529087E+02, 1.33701220354358
2.3530014E+02, 1.33813276292036
2.3530942E+02, 1.33979654104541
2.3531869E+02, 1.34092038625042
2.3532797E+02, 1.34204788195939
2.3533724E+02, 1.34317879330005
2.3534652E+02, 1.34431290958227
2.3535579E+02, 1.34544994903888
2.3536507E+02, 1.34658950392973
2.3537434E+02, 1.34773107863916
2.3538362E+02, 1.34887410146375
2.3539290E+02, 1.35001792383192
2.3540217E+02, 1.35116183145424
2.3541145E+02, 1.35230505610704
2.3542072E+02, 1.35344678861763
2.3543000E+02, 1.35458607552832
2.3543927E+02, 1.35572212747607
2.3544855E+02, 1.35685409642567
2.3545782E+02, 1.35798114158398
2.3546710E+02, 1.35910244205378
2.3547638E+02, 1.36021720293489
2.3548565E+02, 1.36132465877276
2.3549493E+02, 1.36242407294096
2.3550420E+02, 1.36351463114801
2.3551348E+02, 1.36425240258291
2.3552275E+02, 1.36532053883974
2.3553203E+02, 1.36637813840349
2.3554130E+02, 1.36742423035602
2.3555058E+02, 1.36845803634936
2.3555985E+02, 1.36947879067467
2.3556913E+02, 1.37048575697717
2.3557841E+02, 1.37147816642967
2.3558768E+02, 1.37245525069403
2.3559696E+02, 1.37341622614842
2.3560623E+02, 1.37436040663162
2.3561551E+02, 1.37528714892621
2.3562478E+02, 1.37619589512016
2.3563406E+02, 1.37708619095950
2.3564333E+02, 1.37795769816831
2.3565261E+02, 1.37881020021009
2.3566188E+02, 1.37964359951583
2.3567116E+02, 1.38045790666128
2.3568044E+02, 1.38125321857738
2.3568971E+02, 1.38202988982198
2.3569899E+02, 1.38278820266242
2.3570826E+02, 1.38352845987543
2.3571754E+02, 1.38450833728482
2.3572681E+02, 1.38521800470569
2.3573609E+02, 1.38591031357884
2.3574536E+02, 1.38658557555851
2.3575464E+02, 1.38724380361915
2.3576391E+02, 1.38788548733408
2.3577319E+02, 1.38851095535926
2.3578247E+02, 1.38912032343667
2.3579174E+02, 1.38971403098566
2.3580102E+02, 1.39029221390274
2.3581029E+02, 1.39085521985024
2.3581957E+02, 1.39140306553272
2.3582884E+02, 1.39193625085101
2.3583812E+02, 1.39245446120780
2.3584739E+02, 1.39295846768248
2.3585667E+02, 1.39344765523726
2.3586594E+02, 1.39392300090979
2.3587522E+02, 1.39438375598819
2.3588450E+02, 1.39483087657286
2.3589377E+02, 1.39526381024331
2.3590305E+02, 1.39568316165502
2.3591232E+02, 1.39763758008948
2.3592160E+02, 1.39803344853893
2.3593087E+02, 1.39841599521237
2.3594015E+02, 1.39878499223303
2.3594942E+02, 1.39914105949368
2.3595870E+02, 1.39948496584552
2.3596798E+02, 1.39982336417696
2.3597725E+02, 1.40015093140439
2.3598653E+02, 1.40046788233828
2.3599580E+02, 1.40078509866362
2.3600508E+02, 1.40109271710346
2.3601435E+02, 1.40139061020320
2.3602363E+02, 1.40167981548759
2.3603290E+02, 1.40195962233032
2.3604218E+02, 1.40222952605030
2.3605145E+02, 1.40248956897589
2.3606073E+02, 1.40274120421037
2.3607001E+02, 1.40298274578513
2.3607928E+02, 1.40321406865258
2.3608856E+02, 1.40343504578660
2.3609783E+02, 1.40364718977233
2.3610711E+02, 1.40384907709946
2.3611638E+02, 1.40563936367061
2.3612566E+02, 1.40580787960450
2.3613493E+02, 1.40596001479222
2.3614421E+02, 1.40609668968666
2.3615348E+02, 1.40621871689662
2.3616276E+02, 1.40632680843789
2.3617204E+02, 1.40642158312391
2.3618131E+02, 1.40650375898417
2.3619059E+02, 1.40657384803044
2.3619986E+02, 1.40663204743947
2.3620914E+02, 1.40667872250644
2.3621841E+02, 1.40671418265081
2.3622769E+02, 1.40673868119606
2.3623696E+02, 1.40675241708996
2.3624624E+02, 1.40675553827624
2.3625551E+02, 1.40674814583334
2.3626479E+02, 1.40673030009790
2.3627407E+02, 1.40670203586484
2.3628334E+02, 1.40666336774226
2.3629262E+02, 1.40661429733202
2.3630375E+02, 1.40654167594716
2.3631488E+02, 1.40795091166406
2.3632601E+02, 1.40784764956882
2.3633714E+02, 1.40772953014432
2.3634827E+02, 1.40759645075398
2.3635940E+02, 1.40744876850743
2.3637053E+02, 1.40728747518522
2.3638166E+02, 1.40711247916531
2.3639279E+02, 1.40692427003935
2.3640392E+02, 1.40672340372001
2.3641505E+02, 1.40651049569605
2.3642618E+02, 1.40628750600345
2.3643731E+02, 1.40605440277493
2.3644844E+02, 1.40581163094227
2.3645957E+02, 1.40555991942693
2.3647071E+02, 1.40530143962792
2.3648184E+02, 1.40503646352961
2.3649297E+02, 1.40476491114379
2.3650410E+02, 1.40448742204517
2.3651523E+02, 1.40564883178559
2.3652636E+02, 1.40536932136879
2.3653749E+02, 1.40508834810876
2.3654862E+02, 1.40480574726314
2.3655975E+02, 1.40452181537130
2.3657088E+02, 1.40423749771161
2.3658201E+02, 1.40395227475015
2.3659314E+02, 1.40366583064718
2.3660427E+02, 1.40337811626908
2.3661540E+02, 1.40308893581034
2.3662653E+02, 1.40279701571686
2.3663766E+02, 1.40250143714912
2.3664879E+02, 1.40220162396821
2.3665993E+02, 1.40189566043198
2.3667106E+02, 1.40158185274930
2.3668219E+02, 1.40125868967741
2.3669332E+02, 1.40092396620358
2.3670445E+02, 1.40057525273773
2.3671558E+02, 1.40188575433236
2.3672671E+02, 1.40150076568359
2.3673784E+02, 1.40109257236296
2.3674897E+02, 1.40065705814872
2.3676010E+02, 1.40019378038751
2.3677123E+02, 1.39970130815843
2.3678236E+02, 1.39917986247379
2.3679349E+02, 1.39862951042601
2.3680462E+02, 1.39804678467639
2.3681575E+02, 1.39743016635385
2.3682688E+02, 1.39677898444348
2.3683801E+02, 1.39609157927426
2.3684914E+02, 1.39536674454251
2.3686028E+02, 1.39460389406043
2.3687141E+02, 1.39380211279462
2.3688254E+02, 1.39296063868371
2.3689367E+02, 1.39207946786417
2.3690480E+02, 1.39115918642857
2.3691593E+02, 1.39354134404775
2.3692706E+02, 1.39255368128356
2.3693819E+02, 1.39152911071441
2.3694932E+02, 1.39046978017600
2.3696045E+02, 1.38937885291209
2.3697158E+02, 1.38825956035927
2.3698271E+02, 1.38711535458337
2.3699384E+02, 1.38594963333081
2.3700497E+02, 1.38476547653409
2.3701610E+02, 1.38356544296008
2.3702723E+02, 1.38235209759592
2.3703836E+02, 1.38112679290003
2.3704949E+02, 1.37988947005308
2.3706063E+02, 1.37864011851130
2.3707176E+02, 1.37737884835951
2.3708289E+02, 1.37610585574291
2.3709402E+02, 1.37481942362800
2.3710515E+02, 1.37351907393360
2.3711628E+02, 1.37562384401216
2.3712741E+02, 1.37430282884869
2.3713854E+02, 1.37297090491375
2.3714967E+02, 1.37162856968039
2.3716080E+02, 1.37027722739842
2.3717193E+02, 1.36891829293155
2.3718306E+02, 1.36755284276354
2.3719235E+02, 1.36640981759930
2.3720164E+02, 1.36526418948142
2.3721092E+02, 1.36411626101755
2.3722021E+02, 1.36296642155775
2.3722950E+02, 1.36181488836417
2.3723879E+02, 1.36066168063674
2.3724808E+02, 1.35950662276821
2.3725736E+02, 1.35834946397785
2.3726665E+02, 1.35718959378785
2.3727594E+02, 1.35602628967122
2.3728523E+02, 1.35485878330923
2.3729451E+02, 1.35368622402089
2.3730380E+02, 1.35250770663398
2.3731309E+02, 1.35173568141318
2.3732238E+02, 1.35056110015335
2.3733166E+02, 1.34938056092218
2.3734095E+02, 1.34819297897934
2.3735024E+02, 1.34699728395220
2.3735953E+02, 1.34579261233807
2.3736881E+02, 1.34457813739365
2.3737810E+02, 1.34335311455919
2.3738739E+02, 1.34211686669143
2.3739668E+02, 1.34086884111685
2.3740597E+02, 1.33960866144790
2.3741525E+02, 1.33833605075970
2.3742454E+02, 1.33705086724804
2.3743383E+02, 1.33575308403315
2.3744312E+02, 1.33444257720470
2.3745240E+02, 1.33311897877969
2.3746169E+02, 1.33178198483339
2.3747098E+02, 1.33043079906958
2.3748027E+02, 1.32906414890596
2.3748955E+02, 1.32768076621062
2.3749884E+02, 1.32627878516600
2.3750813E+02, 1.32485633895341
2.3751742E+02, 1.32401016250009
2.3752671E+02, 1.32253847000182
2.3753599E+02, 1.32104678873707
2.3754528E+02, 1.31953507564661
2.3755457E+02, 1.31800559162241
2.3756386E+02, 1.31645903905778
2.3757156E+02, 1.31516660794710
2.3757926E+02, 1.31386563531390
2.3758696E+02, 1.31255666333482
2.3759466E+02, 1.31124094527670
2.3760237E+02, 1.30991734029500
2.3761007E+02, 1.30858299818409
2.3761777E+02, 1.30723575287414
2.3762547E+02, 1.30587009262954
2.3763318E+02, 1.30447799875774
2.3764088E+02, 1.30305263932750
2.3764858E+02, 1.30158115240717
2.3765628E+02, 1.30009317260069
2.3766398E+02, 1.29875301301365
2.3767169E+02, 1.29745084304565
2.3767939E+02, 1.29612844527745
2.3768709E+02, 1.29478337818000
2.3769479E+02, 1.29341397529382
2.3770249E+02, 1.29202204548012
2.3771020E+02, 1.29363398092557
2.3771790E+02, 1.29219966638831
2.3772560E+02, 1.29075780778026
2.3773330E+02, 1.28930914442567
2.3774101E+02, 1.28785536778136
2.3774871E+02, 1.28639727836967
2.3775641E+02, 1.28493702043676
2.3776411E+02, 1.28347443248332
2.3777181E+02, 1.28201095565844
2.3777952E+02, 1.28054558756848
2.3778722E+02, 1.27907863328071
2.3779492E+02, 1.27760882110999
2.3780262E+02, 1.27613569736369
2.3781033E+02, 1.27465818318265
2.3781803E+02, 1.27317561156295
2.3782573E+02, 1.27168741716707
2.3783343E+02, 1.27019312819702
2.3784113E+02, 1.26869270241453
2.3784884E+02, 1.26718599701190
2.3785654E+02, 1.26567327767779
2.3786424E+02, 1.26415468382534
2.3787194E+02, 1.26263044201412
2.3787964E+02, 1.26110086059022
2.3788735E+02, 1.25956578209721
2.3789505E+02, 1.25802565205512
2.3790275E+02, 1.25647975150619
2.3791045E+02, 1.25673064958146
2.3791816E+02, 1.25517746190245
2.3792586E+02, 1.25361884549857
2.3793356E+02, 1.25205446264437
2.3794126E+02, 1.25048396639444
2.3794896E+02, 1.24890754564872
2.3795667E+02, 1.24732482958467
2.3796437E+02, 1.24573629647898
2.3797207E+02, 1.24414195911860
2.3797977E+02, 1.24254234866934
2.3798748E+02, 1.24093815323027
2.3799518E+02, 1.23932986646999
2.3800288E+02, 1.23771864343476
2.3801058E+02, 1.23610513998614
2.3801828E+02, 1.23449032223223
2.3802599E+02, 1.23287532794307
2.3803369E+02, 1.23126065270081
2.3804139E+02, 1.22964732441330
2.3804909E+02, 1.22803577429465
2.3805679E+02, 1.22642629384068
2.3806450E+02, 1.22481957333426
2.3807220E+02, 1.22321528754324
2.3807990E+02, 1.22161379684879
2.3808760E+02, 1.22001510026161
2.3809531E+02, 1.21841921196410
2.3810301E+02, 1.21682679663137
2.3811071E+02, 1.21561109646964
2.3811841E+02, 1.21402928264572
2.3812611E+02, 1.21245132883002
2.3813382E+02, 1.21087877836656
2.3814152E+02, 1.20931027339474
2.3814922E+02, 1.20774646609891
2.3815692E+02, 1.20618588051569
2.3816463E+02, 1.20462839216912
2.3817233E+02, 1.20307356421936
2.3818003E+02, 1.20152120460500
2.3818773E+02, 1.19997215302814
2.3819543E+02, 1.19842356896377
2.3820314E+02, 1.19687648916672
2.3821084E+02, 1.19533034451569
2.3821724E+02, 1.19404755818734
2.3822364E+02, 1.19276639781504
2.3823004E+02, 1.19148711011037
2.3823644E+02, 1.19021023680657
2.3824284E+02, 1.18893538981401
2.3824924E+02, 1.18766208310294
2.3825565E+02, 1.18638993952092
2.3826205E+02, 1.18511889706480
2.3826845E+02, 1.18384796447639
2.3827485E+02, 1.18257662175514
2.3828125E+02, 1.18130447160490
2.3828765E+02, 1.18003117180011
2.3829405E+02, 1.17875619588022
2.3830045E+02, 1.17747930286567
2.3830685E+02, 1.17643116947965
2.3831326E+02, 1.17514880265854
2.3831966E+02, 1.17386506573245
2.3832606E+02, 1.17257997609918
2.3833246E+02, 1.17129361709168
2.3833886E+02, 1.17000606402456
2.3834526E+02, 1.16871725511028
2.3835166E+02, 1.16742707952504
2.3835806E+02, 1.16613534051950
2.3836446E+02, 1.16484179864301
2.3837087E+02, 1.16354612516100
2.3837727E+02, 1.16224789553005
2.3838367E+02, 1.16094672128650
2.3839007E+02, 1.15964225809354
2.3839647E+02, 1.15833409418849
2.3840287E+02, 1.15702181472627
2.3840927E+02, 1.15570531980975
2.3841567E+02, 1.15438442944248
2.3842207E+02, 1.15305891050288
2.3842847E+02, 1.15172903267303
2.3843488E+02, 1.15039492119551
2.3844128E+02, 1.14905668637012
2.3844768E+02, 1.14771485399065
2.3845408E+02, 1.14636977867438
2.3846048E+02, 1.14502179670846
2.3846688E+02, 1.14367144636181
2.3847328E+02, 1.14231902867507
2.3847968E+02, 1.14096484160985
2.3848608E+02, 1.13960910993505
2.3849249E+02, 1.13825183751376
2.3849889E+02, 1.13689298758275
2.3850529E+02, 1.13553232167465
2.3851169E+02, 1.13496536796206
2.3851809E+02, 1.13359502222645
2.3852449E+02, 1.13222067670342
2.3853089E+02, 1.13084257297855
2.3853729E+02, 1.12946072217132
2.3854369E+02, 1.12807555266374
2.3855010E+02, 1.12668728617148
2.3855650E+02, 1.12529627322483
2.3856290E+02, 1.12390321076074
2.3856930E+02, 1.12250831644593
2.3857570E+02, 1.12111231631889
2.3858210E+02, 1.11971555813525
2.3858850E+02, 1.11831822335841
2.3859490E+02, 1.11692081073140
2.3860130E+02, 1.11552278447152
2.3860771E+02, 1.11412398775767
2.3861411E+02, 1.11272355955698
2.3862051E+02, 1.11132025789803
2.3862691E+02, 1.10991277671615
2.3863331E+02, 1.10849915538157
2.3863971E+02, 1.10707728907527
2.3864611E+02, 1.10564508635981
2.3865251E+02, 1.10420035488063
2.3865891E+02, 1.10274089985901
2.3866532E+02, 1.10126594029856
2.3867172E+02, 1.09981256856716
2.3867812E+02, 1.09843614182316
2.3868452E+02, 1.09705927409998
2.3869092E+02, 1.09566788680770
2.3869732E+02, 1.09426416626542
2.3870372E+02, 1.09285125482749
2.3871012E+02, 1.09253938214843
2.3871652E+02, 1.09111557573597
2.3872292E+02, 1.08968872739735
2.3872933E+02, 1.08825913806967
2.3873573E+02, 1.08682710896837
2.3874213E+02, 1.08539326175473
2.3874853E+02, 1.08395790387639
2.3875493E+02, 1.08252162621409
2.3876133E+02, 1.08108467681661
2.3876773E+02, 1.07964740432676
2.3877413E+02, 1.07820990872908
2.3878053E+02, 1.07677229970357
2.3878694E+02, 1.07533452842888
2.3879334E+02, 1.07389649621508
2.3879866E+02, 1.07270032115244
2.3880398E+02, 1.07150375856220
2.3880931E+02, 1.07030669374788
2.3881463E+02, 1.06910903367420
2.3881995E+02, 1.06791068426398
2.3882528E+02, 1.06671155361152
2.3883060E+02, 1.06551157206761
2.3883592E+02, 1.06431070329753
2.3884125E+02, 1.06310898444474
2.3884657E+02, 1.06190643293612
2.3885189E+02, 1.06070310015390
2.3885722E+02, 1.05949906689045
2.3886254E+02, 1.05829446646068
2.3886786E+02, 1.05708950759792
2.3887319E+02, 1.05588429422482
2.3887851E+02, 1.05467898347565
2.3888383E+02, 1.05347373602748
2.3888916E+02, 1.05226877312893
2.3889448E+02, 1.05106431347725
2.3889980E+02, 1.04986040660916
2.3890513E+02, 1.04865715736029
2.3891045E+02, 1.04808615128861
2.3891577E+02, 1.04689578699018
2.3892110E+02, 1.04570544418782
2.3892642E+02, 1.04451501442576
2.3893174E+02, 1.04332438810950
2.3893707E+02, 1.04213353905293
2.3894239E+02, 1.04094233071766
2.3894771E+02, 1.03975071795208
2.3895303E+02, 1.03855868803312
2.3895836E+02, 1.03736626512363
2.3896368E+02, 1.03617357663849
2.3896900E+02, 1.03498070279798
2.3897433E+02, 1.03378778515372
2.3897965E+02, 1.03259500561919
2.3898497E+02, 1.03140257283204
2.3899030E+02, 1.03021077097342
2.3899562E+02, 1.02901982720483
2.3900094E+02, 1.02782993434786
2.3900627E+02, 1.02664127407269
2.3901159E+02, 1.02545397923326
2.3901691E+02, 1.02426815151067
2.3902224E+02, 1.02308380693589
2.3902756E+02, 1.02190078741658
2.3903288E+02, 1.02071888376555
2.3903821E+02, 1.01953779148432
2.3904353E+02, 1.01835711936048
2.3904885E+02, 1.01717638175895
2.3905418E+02, 1.01599505364376
2.3905950E+02, 1.01481260709801
2.3906482E+02, 1.01362854517459
2.3907015E+02, 1.01244245133377
2.3907547E+02, 1.01125391599266
2.3908079E+02, 1.01006276433370
2.3908612E+02, 1.00886930034678
2.3909144E+02, 1.00767398864536
2.3909676E+02, 1.00647763457960
2.3910209E+02, 1.00528126097332
2.3910741E+02, 1.00499192758983
2.3911273E+02, 1.00380783739324
2.3911806E+02, 1.00262380820666
2.3912338E+02, 1.00143944193848
2.3912870E+02, 1.00025427688293
2.3913403E+02, 0.999068338656096
2.3913935E+02, 0.997882963537058
2.3914467E+02, 0.996697861135595
2.3915000E+02, 0.995512670714563
2.3915532E+02, 0.994327024774829
2.3916064E+02, 0.993140454197792
2.3916597E+02, 0.991952795757305
2.3917129E+02, 0.990763770600393
2.3917661E+02, 0.989573157031153
2.3918194E+02, 0.988380803720868
2.3918726E+02, 0.987186578700957
2.3919258E+02, 0.985990589537530
2.3919791E+02, 0.984792955438601
2.3920323E+02, 0.983593830451157
2.3920855E+02, 0.982393418321654
2.3921388E+02, 0.981191931739678
2.3921920E+02, 0.979989672332506
2.3922452E+02, 0.978786880996120
2.3922985E+02, 0.977583740947996
2.3923517E+02, 0.976380380878260
2.3924049E+02, 0.975176844126762
2.3924582E+02, 0.973973168724538
2.3925114E+02, 0.972769280072943
2.3925646E+02, 0.971565023212928
2.3926178E+02, 0.970360186636388
2.3926711E+02, 0.969154493131126
2.3927243E+02, 0.967947738846870
2.3927775E+02, 0.966739663616710
2.3928308E+02, 0.965530015914183
2.3928840E+02, 0.964318581558276
2.3929372E+02, 0.963105232401815
2.3929905E+02, 0.961889937550004
2.3930437E+02, 0.960672688514078
2.3930969E+02, 0.960366446430337
2.3931502E+02, 0.959153846904186
2.3932034E+02, 0.957941376375873
2.3932566E+02, 0.956728908747633
2.3933099E+02, 0.955516359035312
2.3933631E+02, 0.954303674002125
2.3934163E+02, 0.953090963190957
2.3934696E+02, 0.951878093955605
2.3935228E+02, 0.950665072682751
2.3935760E+02, 0.949451924813117
2.3936293E+02, 0.948238749757246
2.3936825E+02, 0.947025680418150
2.3937357E+02, 0.945812694619623
2.3937890E+02, 0.944599859904495
2.3938422E+02, 0.943387244507876
2.3938954E+02, 0.942175039575798
2.3939487E+02, 0.940963296444111
2.3940019E+02, 0.939752019690688
2.3940551E+02, 0.938541265442858
2.3941084E+02, 0.937331087799596
2.3941616E+02, 0.936121751122672
2.3942148E+02, 0.934913183947592
2.3942681E+02, 0.933705436898705
2.3943213E+02, 0.932498590939349
2.3943745E+02, 0.931292764475688
2.3944278E+02, 0.930088311274100
2.3944810E+02, 0.928885168326061
2.3945342E+02, 0.927683485800201
2.3945875E+02, 0.926483424418553
2.3946407E+02, 0.925285180517262
2.3946939E+02, 0.924089151957682
2.3947472E+02, 0.922895228809026
2.3948004E+02, 0.921703485441123
2.3948536E+02, 0.920513934552899
2.3949069E+02, 0.919326511566850
2.3949601E+02, 0.918141291654137
2.3950133E+02, 0.916957817527068
2.3950666E+02, 0.916813292047796
2.3951198E+02, 0.915627757607693
2.3951730E+02, 0.914444479522621
2.3952263E+02, 0.913263567597362
2.3952795E+02, 0.912085334497130
2.3953327E+02, 0.910909387388209
2.3953860E+02, 0.909735698217524
2.3954392E+02, 0.908564245839669
2.3954924E+02, 0.907395030661946
2.3955456E+02, 0.906228333420841
2.3955989E+02, 0.905064290927381
2.3956521E+02, 0.903902629651016
2.3957053E+02, 0.902743331135062
2.3957586E+02, 0.901586275709824
2.3958118E+02, 0.900431181075655
2.3958650E+02, 0.899276986805365
2.3959183E+02, 0.898123165232333
2.3959715E+02, 0.896969904231313
2.3960247E+02, 0.895817500892505
2.3960780E+02, 0.894666211657314
2.3961312E+02, 0.893516209367957
2.3961844E+02, 0.892367561960860
2.3962377E+02, 0.891220242327162
2.3962909E+02, 0.890074126671134
2.3963441E+02, 0.888929009726914
2.3963974E+02, 0.887784659452218
2.3964506E+02, 0.886640841023356
2.3965038E+02, 0.885497345121721
2.3965571E+02, 0.884354009440885
2.3966103E+02, 0.883210724892878
2.3966635E+02, 0.882067472550883
2.3967168E+02, 0.880924282283860
2.3967700E+02, 0.879781220888641
2.3968232E+02, 0.878638385303008
2.3968765E+02, 0.877495884078493
2.3969297E+02, 0.876353818999569
2.3969829E+02, 0.875212255367263
2.3970362E+02, 0.874071253658519
2.3970894E+02, 0.874745805632210
2.3971426E+02, 0.873606652907226
2.3971959E+02, 0.872467761366662
2.3972491E+02, 0.871329301635953
2.3973023E+02, 0.870191322972130
2.3973556E+02, 0.869053870606036
2.3974088E+02, 0.867916923196374
2.3974620E+02, 0.866780402231780
2.3975153E+02, 0.865644186676319
2.3975685E+02, 0.864508121775196
2.3976217E+02, 0.863372033117286
2.3976750E+02, 0.862235725446156
2.3977282E+02, 0.861099018806278
2.3977814E+02, 0.859961765897347
2.3978347E+02, 0.858823809037224
2.3978879E+02, 0.857685008581265
2.3979411E+02, 0.856545244090268
2.3979944E+02, 0.855404413866252
2.3980476E+02, 0.854262428860487
2.3981008E+02, 0.853119214527868
2.3981541E+02, 0.851974752862360
2.3982073E+02, 0.850829001913149
2.3982605E+02, 0.849681930451174
2.3983138E+02, 0.848533518332152
2.3983670E+02, 0.847383757960830
2.3984202E+02, 0.846232657942026
2.3984735E+02, 0.845080266493026
2.3985267E+02, 0.843926634415882
2.3985799E+02, 0.842771822688662
2.3986331E+02, 0.841615910431717
2.3986970E+02, 0.840227520954816
2.3987609E+02, 0.838838004248623
2.3988248E+02, 0.837447432098282
2.3988887E+02, 0.836056003877145
2.3989525E+02, 0.834663847837561
2.3990164E+02, 0.833270801951715
2.3990803E+02, 0.832740593098052
2.3991442E+02, 0.831334780582907
2.3992081E+02, 0.829925304517918
2.3992719E+02, 0.828511684739661
2.3993358E+02, 0.827094090476854
2.3993997E+02, 0.825672807961863
2.3994636E+02, 0.824247597555946
2.3995275E+02, 0.822819559721802
2.3995913E+02, 0.821388217673008
2.3996552E+02, 0.819954757181345
2.3997191E+02, 0.818519209962515
2.3997830E+02, 0.817082205392788
2.3998469E+02, 0.815644397551349
2.3999107E+02, 0.814205373100549
2.3999746E+02, 0.812766250626293
2.4000385E+02, 0.811325270367149
2.4001024E+02, 0.809883117431210
2.4001663E+02, 0.808437142464849
2.4002301E+02, 0.806986198675166
2.4002940E+02, 0.805527079398984
2.4003579E+02, 0.804056094031338
2.4004218E+02, 0.802568485817098
2.4004856E+02, 0.801057340960867
2.4005495E+02, 0.799592147511259
2.4006134E+02, 0.798235995136232
2.4006773E+02, 0.796883996812605
2.4007412E+02, 0.795525032879931
2.4008050E+02, 0.794156281202992
2.4008689E+02, 0.792775365071600
2.4009328E+02, 0.791383778555642
2.4009967E+02, 0.789979641345787
2.4010606E+02, 0.788564978673834
2.4011244E+02, 0.786993236611163
2.4011883E+02, 0.785556552527264
2.4012522E+02, 0.784111242074450
2.4013161E+02, 0.782658874194573
2.4013800E+02, 0.781201485823593
2.4014438E+02, 0.779740985292295
2.4015077E+02, 0.778279980653985
2.4015716E+02, 0.776820296534476
2.4016355E+02, 0.775364155269937
2.4016994E+02, 0.773912597120027
2.4017632E+02, 0.772466710584869
2.4018271E+02, 0.771026537990696
2.4018910E+02, 0.769592017782416
2.4019549E+02, 0.768162638014754
2.4020188E+02, 0.766737639178402
2.4020826E+02, 0.765316637586842
2.4021465E+02, 0.763898952656987
2.4022104E+02, 0.762484691267598
2.4022743E+02, 0.761073899671565
2.4023381E+02, 0.759667304165921
2.4024020E+02, 0.758265560123764
2.4024659E+02, 0.756870174049513
2.4025298E+02, 0.755482064503403
2.4025937E+02, 0.754102594542625
2.4026575E+02, 0.752733344219377
2.4027214E+02, 0.751374800850407
2.4027853E+02, 0.750028482379370
2.4028492E+02, 0.748694926677482
2.4029131E+02, 0.747374081275715
2.4029769E+02, 0.746066899568560
2.4030408E+02, 0.744773336795358
2.4031047E+02, 0.747029343586817
2.4031686E+02, 0.745754655850833
2.4032325E+02, 0.744491499394640
2.4032963E+02, 0.743240068958891
2.4033602E+02, 0.742000845594496
2.4034241E+02, 0.740773287848172
2.4034880E+02, 0.739557228565659
2.4035519E+02, 0.738352457197345
2.4036157E+02, 0.737159010170102
2.4036796E+02, 0.735976716563806
2.4037435E+02, 0.734804918889509
2.4038074E+02, 0.733643258123260
2.4038713E+02, 0.732491377555174
2.4039351E+02, 0.731348949025136
2.4039990E+02, 0.730215838752213
2.4040629E+02, 0.729092255612696
2.4041268E+02, 0.727977657554281
2.4041906E+02, 0.726872130681435
2.4042545E+02, 0.725775927831708
2.4043184E+02, 0.724689472692194
2.4043823E+02, 0.723613347139620
2.4044462E+02, 0.722548259629195
2.4045100E+02, 0.721494993885124
2.4045739E+02, 0.720454339714245
2.4046378E+02, 0.719427009817525
2.4047017E+02, 0.718413549079994
2.4047656E+02, 0.717414244180731
2.4048294E+02, 0.716429041639819
2.4048933E+02, 0.715457480922049
2.4049572E+02, 0.714498648160584
2.4050211E+02, 0.713551151910311
2.4050850E+02, 0.715932948895017
2.4051488E+02, 0.715021537910614
2.4052127E+02, 0.714122860196534
2.4052766E+02, 0.713236672664750
2.4053405E+02, 0.712362646725373
2.4054044E+02, 0.711499853745630
2.4054682E+02, 0.710647476817653
2.4055321E+02, 0.709804636923592
2.4055960E+02, 0.708970457796004
2.4056599E+02, 0.708144137860225
2.4057237E+02, 0.707324777965792
2.4057876E+02, 0.706511565540563
2.4058515E+02, 0.705704406016304
2.4059154E+02, 0.704903417427909
2.4059793E+02, 0.704109145799256
2.4060431E+02, 0.703321826026129
2.4061070E+02, 0.702542087105021
2.4061709E+02, 0.701772909515851
2.4062348E+02, 0.701016913892906
2.4062987E+02, 0.700276649525993
2.4063625E+02, 0.699568509001316
2.4064264E+02, 0.698865447923152
2.4064903E+02, 0.698160935254522
2.4065542E+02, 0.697457576405821
2.4066181E+02, 0.696753705201018
2.4066819E+02, 0.696049102136208
2.4067458E+02, 0.695346239833298
2.4068097E+02, 0.694646525111490
2.4068736E+02, 0.693947979560492
2.4069375E+02, 0.693251496681867
2.4070013E+02, 0.692560299993382
2.4070652E+02, 0.692095364106660
2.4071291E+02, 0.691418266877409
2.4071930E+02, 0.690740489593614
2.4072569E+02, 0.690061993158140
2.4073207E+02, 0.689382236465400
2.4073846E+02, 0.688700829946604
2.4074485E+02, 0.688017883349826
2.4075124E+02, 0.687332791412046
2.4075762E+02, 0.686644753415737
2.4076401E+02, 0.685953990195203
2.4077040E+02, 0.685260017803645
2.4077679E+02, 0.684561465025905
2.4078318E+02, 0.683858888011798
2.4078956E+02, 0.683151936529719
2.4079595E+02, 0.682439337387951
2.4080234E+02, 0.681721309669979
2.4080873E+02, 0.680997941888190
2.4081512E+02, 0.680268859759592
2.4082150E+02, 0.679533053442894
2.4082789E+02, 0.678791508503248
2.4083428E+02, 0.678044247429326
2.4084067E+02, 0.677291040860780
2.4084706E+02, 0.676531474327567
2.4085344E+02, 0.675766595665933
2.4085983E+02, 0.674996649711930
2.4086622E+02, 0.674221918730548
2.4087261E+02, 0.673441687724727
2.4087900E+02, 0.672657300799745
2.4088538E+02, 0.671869125669356
2.4089177E+02, 0.671077529318691
2.4089816E+02, 0.670282621009524
2.4090455E+02, 0.669484391162571
2.4091094E+02, 0.668887365356515
2.4091732E+02, 0.668078639285914
2.4092371E+02, 0.667267535492361
2.4093010E+02, 0.666454560568692
2.4093649E+02, 0.665640383950517
2.4094287E+02, 0.664825501010524
2.4094926E+02, 0.664010402486455
2.4095565E+02, 0.663195569983012
2.4096204E+02, 0.662381314422093
2.4096843E+02, 0.661568187572674
2.4097481E+02, 0.660756629175268
2.4098120E+02, 0.659947027599576
2.4098759E+02, 0.659139740514700
2.4099398E+02, 0.658334982341005
2.4100037E+02, 0.657533045641932
2.4100675E+02, 0.656734252731149
2.4101314E+02, 0.655938821585102
2.4101953E+02, 0.655146934881730
2.4102592E+02, 0.654358576363398
2.4103231E+02, 0.653573888653500
2.4103869E+02, 0.652793020140746
2.4104508E+02, 0.652016011278879
2.4105147E+02, 0.651242833157242
2.4105786E+02, 0.650473169521131
2.4106425E+02, 0.649707220090474
2.4107063E+02, 0.648944901902982
2.4107702E+02, 0.648186107394690
2.4108341E+02, 0.647430292319933
2.4108980E+02, 0.646677591195893
2.4109619E+02, 0.645927898871691
2.4110257E+02, 0.645181048024351
2.4110896E+02, 0.645270471126317
2.4111535E+02, 0.644526281395737
2.4112174E+02, 0.643784327461204
2.4112812E+02, 0.643044336387274
2.4113451E+02, 0.642305970320333
2.4114090E+02, 0.641568823450898
2.4114729E+02, 0.640832762429589
2.4115368E+02, 0.640097539871405
2.4116006E+02, 0.639362704643290
2.4116645E+02, 0.638627980705927
2.4117284E+02, 0.637893282138617
2.4117923E+02, 0.637158398678093
2.4118562E+02, 0.636422762959716
2.4119200E+02, 0.635686386184354
2.4119839E+02, 0.634949188607487
2.4120478E+02, 0.634211017251661
2.4121117E+02, 0.633471213685759
2.4121756E+02, 0.632730097291280
2.4122394E+02, 0.631987554240711
2.4123033E+02, 0.631243413390475
2.4123672E+02, 0.630497172382622
2.4124311E+02, 0.629749163898337
2.4124950E+02, 0.628999313408575
2.4125588E+02, 0.628247479624314
2.4126227E+02, 0.627493240324747
2.4126866E+02, 0.626736961311128
2.4127505E+02, 0.625978621532172
2.4128144E+02, 0.625218199779978
2.4128782E+02, 0.624455273123724
2.4129421E+02, 0.623690320371080
2.4130060E+02, 0.622923422393512
2.4130699E+02, 0.620220503449846
2.4131337E+02, 0.619450545254963
2.4131976E+02, 0.618679754310722
2.4132615E+02, 0.617908523568684
2.4133254E+02, 0.617137199927419
2.4133893E+02, 0.616366599970126
2.4134531E+02, 0.615596965265395
2.4135170E+02, 0.614828598632206
2.4135809E+02, 0.614062001114280
2.4136448E+02, 0.613298035365304
2.4137087E+02, 0.612537489984216
2.4137725E+02, 0.611780402703240
2.4138492E+02, 0.610877367322880
2.4139259E+02, 0.609981291864653
2.4140025E+02, 0.609093172795231
2.4140792E+02, 0.608214015093831
2.4141558E+02, 0.607345379752274
2.4142325E+02, 0.606487484765345
2.4143091E+02, 0.605641102406288
2.4143858E+02, 0.604806966355007
2.4144624E+02, 0.603985786196732
2.4145391E+02, 0.603178261142010
2.4146157E+02, 0.602386590209826
2.4146924E+02, 0.601610363002381
2.4147691E+02, 0.600850102885538
2.4148457E+02, 0.600106645451820
2.4149224E+02, 0.599384685125296
2.4149990E+02, 0.598679414451116
2.4150757E+02, 0.597991341497990
2.4151523E+02, 0.596425395645540
2.4152290E+02, 0.595768874932637
2.4153056E+02, 0.595131515703119
2.4153823E+02, 0.594514266689146
2.4154590E+02, 0.593918197848519
2.4155356E+02, 0.593344020162205
2.4156123E+02, 0.592792079071927
2.4156889E+02, 0.592263171919609
2.4157656E+02, 0.591756988778630
2.4158422E+02, 0.591274378987731
2.4159189E+02, 0.590814505460820
2.4159955E+02, 0.590378020723083
2.4160722E+02, 0.589964108871655
2.4161488E+02, 0.589572511260528
2.4162255E+02, 0.589203515808488
2.4163022E+02, 0.588854752823846
2.4163788E+02, 0.588527245535153
2.4164555E+02, 0.588220402599130
2.4165321E+02, 0.587931514109972
2.4166088E+02, 0.587661337317552
2.4166854E+02, 0.587409193278573
2.4167621E+02, 0.587173972333686
2.4168387E+02, 0.586952854960075
2.4169154E+02, 0.586746724306602
2.4169921E+02, 0.586554570852552
2.4170687E+02, 0.586375363788412
2.4171454E+02, 0.583412018675297
2.4172220E+02, 0.583237413789233
2.4172987E+02, 0.583074234664414
2.4173753E+02, 0.582921598940346
2.4174520E+02, 0.582778698947665
2.4175286E+02, 0.582644613648981
2.4176053E+02, 0.582518438748776
2.4176820E+02, 0.582399295409883
2.4177586E+02, 0.582286335692245
2.4178353E+02, 0.582178650456835
2.4179119E+02, 0.582074954098003
2.4179886E+02, 0.581975075377060
2.4180652E+02, 0.581878349426308
2.4181419E+02, 0.581784167089805
2.4182185E+02, 0.581691978716252
2.4182952E+02, 0.581601296435015
2.4183718E+02, 0.581511695888021
2.4184485E+02, 0.581422816631494
2.4185252E+02, 0.581334361501794
2.4186018E+02, 0.581246096024467
2.4186785E+02, 0.581157471328872
2.4187551E+02, 0.581068171679040
2.4188318E+02, 0.580978678481163
2.4189084E+02, 0.580888991358277
2.4189851E+02, 0.580799158537363
2.4190617E+02, 0.580709272692693
2.4191384E+02, 0.578853642641892
2.4192151E+02, 0.578772793415854
2.4192917E+02, 0.578692033777201
2.4193684E+02, 0.578611711807547
2.4194450E+02, 0.578531968556518
2.4195217E+02, 0.578452967912619
2.4195983E+02, 0.578374921503457
2.4196750E+02, 0.578298077291708
2.4197516E+02, 0.578222707011538
2.4198283E+02, 0.578148931539471
2.4199050E+02, 0.578077101075068
2.4199816E+02, 0.578007631412714
2.4200583E+02, 0.577940828260689
2.4201349E+02, 0.577876997304596
2.4202116E+02, 0.577816442930817
2.4202882E+02, 0.577759466938963
2.4203649E+02, 0.577706366940739
2.4204415E+02, 0.577657435776748
2.4205182E+02, 0.577612960667096
2.4205948E+02, 0.577573222457891
2.4206715E+02, 0.577538495703666
2.4207482E+02, 0.577509048197457
2.4208248E+02, 0.577485137408311
2.4209015E+02, 0.577467013621152
2.4209781E+02, 0.577454933483634
2.4210548E+02, 0.577449194736007
2.4211314E+02, 0.578428458869285
2.4212081E+02, 0.578398847234154
2.4212847E+02, 0.578349418889218
2.4213614E+02, 0.578283841773736
2.4214381E+02, 0.578204349177110
2.4215147E+02, 0.578112619499908
2.4215914E+02, 0.578010652450692
2.4216680E+02, 0.577900358054595
2.4217447E+02, 0.577783667627977
2.4218213E+02, 0.577662556556103
2.4218980E+02, 0.577539029065322
2.4219746E+02, 0.577415099782096
2.4220513E+02, 0.577292774100388
2.4221280E+02, 0.577173991413157
2.4222046E+02, 0.577060532210186
2.4222813E+02, 0.576954467109300
2.4223579E+02, 0.576857572965979
2.4224346E+02, 0.576771528812549
2.4225112E+02, 0.576697902327234
2.4225879E+02, 0.576638138054621
2.4226645E+02, 0.576593547351488
2.4227412E+02, 0.576565301300096
2.4228178E+02, 0.576554430856113
2.4228945E+02, 0.576561827677572
2.4229712E+02, 0.576588223489477
2.4230478E+02, 0.576634202035734
2.4231245E+02, 0.577835658907776
2.4232011E+02, 0.577928295013873
2.4232778E+02, 0.578040803263821
2.4233544E+02, 0.578173239067361
2.4234311E+02, 0.578324980553466
2.4235077E+02, 0.578495888967170
2.4235844E+02, 0.578685535887764
2.4236611E+02, 0.578893320603026
2.4237530E+02, 0.579165757654805
2.4238450E+02, 0.579460603876236
2.4239370E+02, 0.579777050286838
2.4240290E+02, 0.580113458018941
2.4241210E+02, 0.580466188501732
2.4242130E+02, 0.580834132591115
2.4243050E+02, 0.581215609431663
2.4243969E+02, 0.581605870448171
2.4244889E+02, 0.582005395617706
2.4245809E+02, 0.582410403777373
2.4246729E+02, 0.582819029661623
2.4247649E+02, 0.583230771833826
2.4248569E+02, 0.583640848127387
2.4249489E+02, 0.584051244020133
2.4250408E+02, 0.584458207754115
2.4251328E+02, 0.580009033963545
2.4252248E+02, 0.580388665617701
2.4253168E+02, 0.580765162545367
2.4254088E+02, 0.581138877322419
2.4255008E+02, 0.581509169612551
2.4255928E+02, 0.581877123199071
2.4256848E+02, 0.582243607054646
2.4257767E+02, 0.582609151990122
2.4258687E+02, 0.582975964669429
2.4259607E+02, 0.583345458923803
2.4260527E+02, 0.583719472440313
2.4261447E+02, 0.584100691071745
2.4262367E+02, 0.584490919919207
2.4263287E+02, 0.584893082546272
2.4264206E+02, 0.585309796409969
2.4265126E+02, 0.585743380267819
2.4266046E+02, 0.586197110917840
2.4266966E+02, 0.586672795595727
2.4267886E+02, 0.587173870722983
2.4268806E+02, 0.587701827754279
2.4269726E+02, 0.588259751926938
2.4270645E+02, 0.588848778012331
2.4271565E+02, 0.585222010511458
2.4272485E+02, 0.585878395199107
2.4273405E+02, 0.586574412599094
2.4274325E+02, 0.587311216525735
2.4275245E+02, 0.588088962733088
2.4276165E+02, 0.588907627494103
2.4277084E+02, 0.589767153336245
2.4278004E+02, 0.590666854588962
2.4278924E+02, 0.591605747686902
2.4279844E+02, 0.592582605385704
2.4280764E+02, 0.593596022323413
2.4281684E+02, 0.594644481912166
2.4282604E+02, 0.595726412889502
2.4283523E+02, 0.596840222098973
2.4284443E+02, 0.597984288128914
2.4285363E+02, 0.599156902446932
2.4286283E+02, 0.600339470928568
2.4287203E+02, 0.601504671599253
2.4288123E+02, 0.602687816599042
2.4289043E+02, 0.603887588545206
2.4289963E+02, 0.605102112457466
2.4290882E+02, 0.606328454398186
2.4291802E+02, 0.604349825681382
2.4292722E+02, 0.605599109503530
2.4293642E+02, 0.606849996730868
2.4294562E+02, 0.608098901409650
2.4295328E+02, 0.609135129482575
2.4296095E+02, 0.610165824752750
2.4296861E+02, 0.611189713267664
2.4297628E+02, 0.612205644436737
2.4298394E+02, 0.613212703961493
2.4299161E+02, 0.614210297692173
2.4299927E+02, 0.615198009475806
2.4300694E+02, 0.616175646090273
2.4301460E+02, 0.617143254127817
2.4302227E+02, 0.618101031681970
2.4302993E+02, 0.619049317622756
2.4303760E+02, 0.619988566401454
2.4304526E+02, 0.620919326313663
2.4305293E+02, 0.621842222003480
2.4306059E+02, 0.622757941399316
2.4306826E+02, 0.623667226446980
2.4307592E+02, 0.624570867217742
2.4308359E+02, 0.625469698836616
2.4309125E+02, 0.626364600237814
2.4309892E+02, 0.627256494045409
2.4310658E+02, 0.628146291519130
2.4311425E+02, 0.628956483850644
2.4312191E+02, 0.629830425679185
2.4312958E+02, 0.630704403360659
2.4313724E+02, 0.631579926396391
2.4314491E+02, 0.632458341552902
2.4315257E+02, 0.633340982743372
2.4316024E+02, 0.634229192971596
2.4316790E+02, 0.635124283323290
2.4317557E+02, 0.636027693383541
2.4318323E+02, 0.636940798514135
2.4319090E+02, 0.637864955793893
2.4319856E+02, 0.638801507234771
2.4320623E+02, 0.639751769761558
2.4321389E+02, 0.640717024573078
2.4322156E+02, 0.641698505105590
2.4322922E+02, 0.642697384311985
2.4323689E+02, 0.643714760178870
2.4324455E+02, 0.644751640416601
2.4325222E+02, 0.645808925901035
2.4325861E+02, 0.646706024367081
2.4326499E+02, 0.647618114706427
2.4327138E+02, 0.648545476793532
2.4327776E+02, 0.649488365187655
2.4328415E+02, 0.650446939643662
2.4329054E+02, 0.651421252521254
2.4329692E+02, 0.652411248680836
2.4330331E+02, 0.653416767643303
2.4330969E+02, 0.653683538313481
2.4331608E+02, 0.654704222524616
2.4332246E+02, 0.655738946231616
2.4332885E+02, 0.656787458938534
2.4333524E+02, 0.657849522134078
2.4334162E+02, 0.658924837432369
2.4334801E+02, 0.660013048276249
2.4335439E+02, 0.661113748001900
2.4336078E+02, 0.662226476987645
2.4336717E+02, 0.663350497199583
2.4337355E+02, 0.664485475069800
2.4337994E+02, 0.665630865158584
2.4338632E+02, 0.666786104317421
2.4339271E+02, 0.667950615786016
2.4339910E+02, 0.669123811849112
2.4340548E+02, 0.670304801504144
2.4341187E+02, 0.671492803785617
2.4341825E+02, 0.672687520287174
2.4342464E+02, 0.673888314676337
2.4343103E+02, 0.675094537725534
2.4343741E+02, 0.676305133253714
2.4344380E+02, 0.677519060519103
2.4345018E+02, 0.678736235895976
2.4345657E+02, 0.679955983194569
2.4346296E+02, 0.681177646502676
2.4346934E+02, 0.682399527303620
2.4347573E+02, 0.683621729529994
2.4348211E+02, 0.684844113965459
2.4348850E+02, 0.686066384977944
2.4349489E+02, 0.687288001267797
2.4350127E+02, 0.688508268092529
2.4350766E+02, 0.687175334399372
2.4351404E+02, 0.688407467246826
2.4352043E+02, 0.689636533817598
2.4352681E+02, 0.690862527824089
2.4353320E+02, 0.692085566413902
2.4353959E+02, 0.693305682563954
2.4354490E+02, 0.694318775859871
2.4355021E+02, 0.695331146777826
2.4355552E+02, 0.696343619169944
2.4356083E+02, 0.697357134766437
2.4356615E+02, 0.698372760100528
2.4357146E+02, 0.699390141769376
2.4357677E+02, 0.700396246378503
2.4358208E+02, 0.701371698501326
2.4358739E+02, 0.702344958549821
2.4359270E+02, 0.703316796578418
2.4359802E+02, 0.704287831871520
2.4360333E+02, 0.705258534569120
2.4360864E+02, 0.706229223088342
2.4361395E+02, 0.707200061911506
2.4361926E+02, 0.708171169947134
2.4362458E+02, 0.709142539318576
2.4362989E+02, 0.710114088366228
2.4363520E+02, 0.711085683010469
2.4364051E+02, 0.712057157432477
2.4364582E+02, 0.713028333665681
2.4365113E+02, 0.713999038770132
2.4365645E+02, 0.714969119521406
2.4366176E+02, 0.715938454027996
2.4366707E+02, 0.716906960114516
2.4367238E+02, 0.717874600746986
2.4367769E+02, 0.718841386612617
2.4368301E+02, 0.719807375960574
2.4368832E+02, 0.720772672318509
2.4369363E+02, 0.721737420260974
2.4369894E+02, 0.722701799831585
2.4370425E+02, 0.723666019754292
2.4370956E+02, 0.723688953353344
2.4371488E+02, 0.724660388522107
2.4372019E+02, 0.725632220186990
2.4372550E+02, 0.726604543941819
2.4373081E+02, 0.727577418221944
2.4373612E+02, 0.728550897996270
2.4374144E+02, 0.729525038299636
2.4374675E+02, 0.730499895656051
2.4375206E+02, 0.731475529452325
2.4375737E+02, 0.732452003623210
2.4376268E+02, 0.733429389020156
2.4376799E+02, 0.734407766091521
2.4377331E+02, 0.735387227491537
2.4377862E+02, 0.736367880085318
2.4378393E+02, 0.737349846485230
2.4378924E+02, 0.738333265341839
2.4379455E+02, 0.739318290718293
2.4379986E+02, 0.740305090176279
2.4380518E+02, 0.741293841683175
2.4381049E+02, 0.742284729500796
2.4381580E+02, 0.743277939093117
2.4382111E+02, 0.744273651519457
2.4382642E+02, 0.745272037171369
2.4383174E+02, 0.746273249971075
2.4383705E+02, 0.747277421791412
2.4384236E+02, 0.748284657504267
2.4384767E+02, 0.749295031261556
2.4385298E+02, 0.750308584123887
2.4385829E+02, 0.751325323520991
2.4386361E+02, 0.752345224392519
2.4386892E+02, 0.753368232095475
2.4387423E+02, 0.754394267178621
2.4387954E+02, 0.755423231567038
2.4388485E+02, 0.756455016131050
2.4389017E+02, 0.757489508887626
2.4389548E+02, 0.758526603782383
2.4390079E+02, 0.759566209199175
2.4390610E+02, 0.760310718592049
2.4391141E+02, 0.761347397983297
2.4391672E+02, 0.762387980756054
2.4392204E+02, 0.763432529258653
2.4392735E+02, 0.764481067910437
2.4393266E+02, 0.765533591112433
2.4393797E+02, 0.766590065259360
2.4394328E+02, 0.767650432966002
2.4394860E+02, 0.768714616932545
2.4395391E+02, 0.769782523866098
2.4395922E+02, 0.770854048529838
2.4396453E+02, 0.771929078282323
2.4396984E+02, 0.773007497683860
2.4397515E+02, 0.774089192890568
2.4398047E+02, 0.775174055379576
2.4398578E+02, 0.776261981992129
2.4399109E+02, 0.777352794760529
2.4399640E+02, 0.778446484918053
2.4400171E+02, 0.779542983348511
2.4400702E+02, 0.780642231698704
2.4401234E+02, 0.781744181859099
2.4401765E+02, 0.782848795889735
2.4402296E+02, 0.783956047600912
2.4402827E+02, 0.785065926826139
2.4403358E+02, 0.786178447106869
2.4403890E+02, 0.787293609243048
2.4404421E+02, 0.788411417812738
2.4404952E+02, 0.789532172780022
2.4405483E+02, 0.790656150414123
2.4406014E+02, 0.791783751185915
2.4406545E+02, 0.792915524345227
2.4407077E+02, 0.794052187972696
2.4407608E+02, 0.795194640486876
2.4408139E+02, 0.796343894636853
2.4408670E+02, 0.797501245802507
2.4409201E+02, 0.798668152910734
2.4409733E+02, 0.799832493231800
2.4410264E+02, 0.800947884607832
2.4410795E+02, 0.801330181370137
2.4411326E+02, 0.802459357236090
2.4411857E+02, 0.803585957111645
2.4412388E+02, 0.804710487896941
2.4412920E+02, 0.805833434558333
2.4413451E+02, 0.806955202923615
2.4413982E+02, 0.808076093743405
2.4414513E+02, 0.809196296381433
2.4415044E+02, 0.810315893892112
2.4415576E+02, 0.811434847973271
2.4416107E+02, 0.812553066062096
2.4416638E+02, 0.813670425968445
2.4417169E+02, 0.814786789475097
2.4417700E+02, 0.815902028364955
2.4418231E+02, 0.817016046986514
2.4418763E+02, 0.818128799772168
2.4419294E+02, 0.819240302767293
2.4419825E+02, 0.820350617327243
2.4420356E+02, 0.821459904462677
2.4420887E+02, 0.822568390807592
2.4421418E+02, 0.823676349759454
2.4421950E+02, 0.824784100237254
2.4422481E+02, 0.825891996101412
2.4423012E+02, 0.827000415360857
2.4423543E+02, 0.828109750143105
2.4424074E+02, 0.829220397661823
2.4424606E+02, 0.830332767195956
2.4425137E+02, 0.831447243060209
2.4425668E+02, 0.832564180864254
2.4426199E+02, 0.833683933956377
2.4426730E+02, 0.834806835945512
2.4427261E+02, 0.835933198671851
2.4427793E+02, 0.837063310767572
2.4428324E+02, 0.838197436325593
2.4428855E+02, 0.839335835781513
2.4429386E+02, 0.840478715781072
2.4429917E+02, 0.841626217352120
2.4430449E+02, 0.842778491835784
2.4430980E+02, 0.843020919078311
2.4431511E+02, 0.844170694677522
2.4432042E+02, 0.845325002097209
2.4432573E+02, 0.846484175220094
2.4433104E+02, 0.847648595135367
2.4433636E+02, 0.848818567995307
2.4434167E+02, 0.849994366617846
2.4434698E+02, 0.851176224730575
2.4435229E+02, 0.852364336055384
2.4435760E+02, 0.853558835517898
2.4436292E+02, 0.854759802203752
2.4436823E+02, 0.855967274333434
2.4437354E+02, 0.857181245075432
2.4437885E+02, 0.858401691367783
2.4438416E+02, 0.859628501445448
2.4438947E+02, 0.860861531266318
2.4439479E+02, 0.862100649772738
2.4440010E+02, 0.863345731741078
2.4440541E+02, 0.864596633996044
2.4441072E+02, 0.865853154000674
2.4441603E+02, 0.867115169536380
2.4442134E+02, 0.868382594609612
2.4442666E+02, 0.869655316193249
2.4443197E+02, 0.870933217436573
2.4443728E+02, 0.872216256844448
2.4444259E+02, 0.873504437877262
2.4444790E+02, 0.874797673347255
2.4445322E+02, 0.876095946502958
2.4445853E+02, 0.877399291786235
2.4446384E+02, 0.878707699569342
2.4446915E+02, 0.880021114914339
2.4447446E+02, 0.881339570596782
2.4447977E+02, 0.882663146767326
2.4448509E+02, 0.883991703886834
2.4449040E+02, 0.885325256832867
2.4449571E+02, 0.886663966063290
2.4450102E+02, 0.888007518069302
2.4450633E+02, 0.887549502176960
2.4451165E+02, 0.888902329241432
2.4451696E+02, 0.890258736334355
2.4452227E+02, 0.891618315326485
2.4452758E+02, 0.892982207516747
2.4453289E+02, 0.894351125946465
2.4453820E+02, 0.895725338805417
2.4454352E+02, 0.897106359014679
2.4454883E+02, 0.898494676613083
2.4455414E+02, 0.899887149086032
2.4455945E+02, 0.901266397723702
2.4456476E+02, 0.902644545716264
2.4457008E+02, 0.904028293637114
2.4457539E+02, 0.905417821564838
2.4458070E+02, 0.906812763889015
2.4458601E+02, 0.908212784722313
2.4459132E+02, 0.909617138121005
2.4459663E+02, 0.911025245585769
2.4460195E+02, 0.912436539208555
2.4460726E+02, 0.913850343222219
2.4461257E+02, 0.915266457317069
2.4461788E+02, 0.916684422481778
2.4462319E+02, 0.918104252474672
2.4462850E+02, 0.919525927833594
2.4463382E+02, 0.920949507212007
2.4463913E+02, 0.922375250524810
2.4464444E+02, 0.923803328860389
2.4464975E+02, 0.925234024294903
2.4465506E+02, 0.926667622206483
2.4466038E+02, 0.928104293430208
2.4466569E+02, 0.929544306285736
2.4467100E+02, 0.930987754988809
2.4467631E+02, 0.932434778128178
2.4468162E+02, 0.933885427349362
2.4468693E+02, 0.935339683716348
2.4469225E+02, 0.936797570801720
2.4469756E+02, 0.938258954851619
2.4470287E+02, 0.939723810049892
2.4470818E+02, 0.939786433883958
2.4471349E+02, 0.941250507464171
2.4471881E+02, 0.942716721988830
2.4472412E+02, 0.944185398158248
2.4472943E+02, 0.945656792249552
2.4473474E+02, 0.947131171644149
2.4474005E+02, 0.948608816559380
2.4474536E+02, 0.950089897847006
2.4475068E+02, 0.951574630949969
2.4475599E+02, 0.953063072610998
2.4476130E+02, 0.954555329600884
2.4476661E+02, 0.956051340147605
2.4477192E+02, 0.957551100302404
2.4477724E+02, 0.959054447689419
2.4478255E+02, 0.960561298279764
2.4478786E+02, 0.962071430666830
2.4479317E+02, 0.963584726499388
2.4479848E+02, 0.965100967023555
2.4480379E+02, 0.966620042605584
2.4480911E+02, 0.968141810928574
2.4481442E+02, 0.969666197877522
2.4481973E+02, 0.971193211975277
2.4482504E+02, 0.972722818547536
2.4483035E+02, 0.974255240455177
2.4483566E+02, 0.975790464511042
2.4484098E+02, 0.977328967042959
2.4484629E+02, 0.978870729483349
2.4485160E+02, 0.980416423027664
2.4485691E+02, 0.981966163535158
2.4486222E+02, 0.983520594826784
2.4486754E+02, 0.985079985937116
2.4487285E+02, 0.986644850214473
2.4487816E+02, 0.988215490755397
2.4488347E+02, 0.989792156892239
2.4488878E+02, 0.991374922588252
2.4489409E+02, 0.992963550283760
2.4489941E+02, 0.994557464569358
2.4490472E+02, 0.996155451678263
2.4491003E+02, 0.996031322926764
2.4491534E+02, 0.997623099041317
2.4492065E+02, 0.999221882646090
2.4492597E+02, 1.00082020465448
2.4493128E+02, 1.00241400797472
2.4493659E+02, 1.00401107775341
2.4494190E+02, 1.00561276950462
2.4494721E+02, 1.00721943871499
2.4495252E+02, 1.00883071232272
2.4495784E+02, 1.01044649717912
2.4496315E+02, 1.01206532963371
2.4496846E+02, 1.01368665168123
2.4497377E+02, 1.01530967200378
2.4497908E+02, 1.01693284830231
2.4498440E+02, 1.01855655614199
2.4498971E+02, 1.02018009222269
2.4499502E+02, 1.02180344050039
2.4500033E+02, 1.02342741744217
2.4500564E+02, 1.02505177375321
2.4501095E+02, 1.02667769963492
2.4501627E+02, 1.02830591233174
2.4502158E+02, 1.02993628010930
2.4502689E+02, 1.03157016921002
2.4503220E+02, 1.03320748161699
2.4503751E+02, 1.03484809906565
2.4504282E+02, 1.03649255259788
2.4504814E+02, 1.03813981933139
2.4505345E+02, 1.03978959549658
2.4505876E+02, 1.04144172814876
2.4506407E+02, 1.04309449394267
2.4506938E+02, 1.04474778254319
2.4507470E+02, 1.04640127818886
2.4508001E+02, 1.04805307945200
2.4508532E+02, 1.04970384867717
2.4509063E+02, 1.05135355082742
2.4509594E+02, 1.05300043531431
2.4510125E+02, 1.05464629567166
2.4510657E+02, 1.05329419630416
2.4511188E+02, 1.05493865076223
2.4511719E+02, 1.05658397165427
2.4512250E+02, 1.05823000945475
2.4512781E+02, 1.05987662545998
2.4513313E+02, 1.06152420858744
2.4513844E+02, 1.06317222141668
2.4514375E+02, 1.06482045790039
2.4514817E+02, 1.06619327976263
2.4515260E+02, 1.06756564803081
2.4515702E+02, 1.06893732698161
2.4516144E+02, 1.07030846041630
2.4516587E+02, 1.07167784820094
2.4517029E+02, 1.07304588653156
2.4517471E+02, 1.07441234274847
2.4517914E+02, 1.07577617991103
2.4518356E+02, 1.07713822626574
2.4518799E+02, 1.07849806590730
2.4519241E+02, 1.07985549620764
2.4519683E+02, 1.08121150098616
2.4520126E+02, 1.08256583448139
2.4520568E+02, 1.08391916825607
2.4521010E+02, 1.08527262131951
2.4521453E+02, 1.08662619013166
2.4521895E+02, 1.08798111259452
2.4522338E+02, 1.08933836878481
2.4522780E+02, 1.09069799623519
2.4523222E+02, 1.09206108925494
2.4523665E+02, 1.09342785930616
2.4524107E+02, 1.09479802399538
2.4524549E+02, 1.09617119856626
2.4524992E+02, 1.09754623680384
2.4525434E+02, 1.09892121820092
2.4525876E+02, 1.10027836823405
2.4526319E+02, 1.10159927464425
2.4526761E+02, 1.10292721754857
2.4527204E+02, 1.10426220373721
2.4527646E+02, 1.10559971383342
2.4528088E+02, 1.10693846598603
2.4528531E+02, 1.10827758547953
2.4528973E+02, 1.10961388601862
2.4529415E+02, 1.11094755156041
2.4529858E+02, 1.11227868319383
2.4530300E+02, 1.11360552855943
2.4530743E+02, 1.11234290510766
2.4531185E+02, 1.11368068115771
2.4531627E+02, 1.11501905434606
2.4532070E+02, 1.11635777722287
2.4532512E+02, 1.11769622612992
2.4532954E+02, 1.11903429810288
2.4533397E+02, 1.12037179697519
2.4533839E+02, 1.12170809477895
2.4534281E+02, 1.12304340081804
2.4534724E+02, 1.12437771331692
2.4535166E+02, 1.12571060720633
2.4535609E+02, 1.12704260047038
2.4536051E+02, 1.12837392553163
2.4536493E+02, 1.12970433552519
2.4536936E+02, 1.13103453257097
2.4537378E+02, 1.13236486119746
2.4537820E+02, 1.13369510372280
2.4538263E+02, 1.13502594960471
2.4538705E+02, 1.13635769686285
2.4539147E+02, 1.13768995414797
2.4539590E+02, 1.13902327952961
2.4540032E+02, 1.14035780840925
2.4540475E+02, 1.14169284542944
2.4540917E+02, 1.14302883522841
2.4541359E+02, 1.14436574459328
2.4541802E+02, 1.14570257682701
2.4542244E+02, 1.14703980720405
2.4542686E+02, 1.14837732344539
2.4543129E+02, 1.14971394245882
2.4543571E+02, 1.15105034653262
2.4544014E+02, 1.15238645758312
2.4544456E+02, 1.15372107525716
2.4544898E+02, 1.15505515799101
2.4545341E+02, 1.15638875210869
2.4545783E+02, 1.15772072012367
2.4546225E+02, 1.15905226398036
2.4546668E+02, 1.16038357126551
2.4547110E+02, 1.16171350895618
2.4547552E+02, 1.16304343018643
2.4547995E+02, 1.16437357370342
2.4548437E+02, 1.16570274770620
2.4548880E+02, 1.16703226501876
2.4549322E+02, 1.16836233467280
2.4549764E+02, 1.16969158269479
2.4550207E+02, 1.17102117566038
2.4550649E+02, 1.16993992257856
2.4551091E+02, 1.17127949970806
2.4551534E+02, 1.17261899429080
2.4551976E+02, 1.17395837629055
2.4552419E+02, 1.17529771152762
2.4552861E+02, 1.17663584472120
2.4553303E+02, 1.17797280352738
2.4553746E+02, 1.17930858714056
2.4554188E+02, 1.18064187408183
2.4554630E+02, 1.18197300464929
2.4555073E+02, 1.18330228759136
2.4555515E+02, 1.18462877784613
2.4555957E+02, 1.18595344044792
2.4556400E+02, 1.18727741039325
2.4556842E+02, 1.18860074739898
2.4557285E+02, 1.18992522128108
2.4557727E+02, 1.19125313479455
2.4558169E+02, 1.19258579419400
2.4558612E+02, 1.19392578942614
2.4559054E+02, 1.19527619916089
2.4559496E+02, 1.19663898712144
2.4559939E+02, 1.19801690845268
2.4560381E+02, 1.19941117259552
2.4560824E+02, 1.20071265535736
2.4561266E+02, 1.20194840980425
2.4561708E+02, 1.20319779082533
2.4562151E+02, 1.20445910219840
2.4562593E+02, 1.20572878992448
2.4563035E+02, 1.20700603663571
2.4563478E+02, 1.20828831190570
2.4563920E+02, 1.20957124285693
2.4564362E+02, 1.21085264605408
2.4564805E+02, 1.21213148672400
2.4565247E+02, 1.21340595147478
2.4565690E+02, 1.21467203431350
2.4566132E+02, 1.21593147086513
2.4566574E+02, 1.21718383159448
2.4567017E+02, 1.21842889190701
2.4567459E+02, 1.21966536814905
2.4567901E+02, 1.22089573480894
2.4568344E+02, 1.22212081221885
2.4568786E+02, 1.22334155646700
2.4569228E+02, 1.22455792228080
2.4569671E+02, 1.22577151319304
2.4570113E+02, 1.22698372751155
2.4570556E+02, 1.22455836524750
2.4570998E+02, 1.22580163149281
2.4571440E+02, 1.22703997056971
2.4571883E+02, 1.22827346208285
2.4572325E+02, 1.22950210255143
2.4572767E+02, 1.23072592208855
2.4573210E+02, 1.23194529023444
2.4573652E+02, 1.23316037793230
2.4574095E+02, 1.23437132854955
2.4574537E+02, 1.23557786031523
2.4574979E+02, 1.23678025985046
2.4575422E+02, 1.23797864349461
2.4575864E+02, 1.23917300732327
2.4576306E+02, 1.24036332007247
2.4576749E+02, 1.24154914085843
2.4577191E+02, 1.24273060634388
2.4577633E+02, 1.24390779742088
2.4578076E+02, 1.24508066905971
2.4578518E+02, 1.24624919136004
2.4578961E+02, 1.24741335168096
2.4579403E+02, 1.24857263427177
2.4579845E+02, 1.24972756247997
2.4580288E+02, 1.25087820554310
2.4580730E+02, 1.25202464335553
2.4581172E+02, 1.25316697349355
2.4581615E+02, 1.25430530683153
2.4582057E+02, 1.25543968197773
2.4582500E+02, 1.25656988255884
2.4582942E+02, 1.25769640627464
2.4583384E+02, 1.25881934226293
2.4583827E+02, 1.25993875128589
2.4584269E+02, 1.26105466241563
2.4584711E+02, 1.26216706885520
2.4585154E+02, 1.26327591747244
2.4585596E+02, 1.26438110509509
2.4586038E+02, 1.26548224329898
2.4586481E+02, 1.26657920910955
2.4586923E+02, 1.26767190456804
2.4587366E+02, 1.26876003250482
2.4587808E+02, 1.26984327225794
2.4588250E+02, 1.27092128582985
2.4588693E+02, 1.27199374125920
2.4589135E+02, 1.27306034472583
2.4589577E+02, 1.27412085467110
2.4590020E+02, 1.27517510208726
2.4590462E+02, 1.27456751173227
2.4590905E+02, 1.27562306823611
2.4591347E+02, 1.27667438739965
2.4591789E+02, 1.27772120201357
2.4592232E+02, 1.27876325162966
2.4592592E+02, 1.27960877228637
2.4592953E+02, 1.28045096940147
2.4593313E+02, 1.28128948822186
2.4593673E+02, 1.28212460917460
2.4594034E+02, 1.28295643200469
2.4594394E+02, 1.28378503487370
2.4594755E+02, 1.28461052672654
2.4595115E+02, 1.28543304060537
2.4595476E+02, 1.28625247532485
2.4595836E+02, 1.28706933233710
2.4596197E+02, 1.28788377341743
2.4596557E+02, 1.28869591046948
2.4596917E+02, 1.28950578896410
2.4597278E+02, 1.29031336584250
2.4597638E+02, 1.29111861557798
2.4597999E+02, 1.29192126741222
2.4598359E+02, 1.29272083554502
2.4598720E+02, 1.29351662663140
2.4599080E+02, 1.29430790613822
2.4599441E+02, 1.29509357488911
2.4599801E+02, 1.29587210944277
2.4600162E+02, 1.29664185281347
2.4600522E+02, 1.29740100839548
2.4600882E+02, 1.29814788828512
2.4601243E+02, 1.29888005665296
2.4601603E+02, 1.29960491602198
2.4601964E+02, 1.30035110110439
2.4602324E+02, 1.30115481614748
2.4602685E+02, 1.30196851506184
2.4603045E+02, 1.30278160899409
2.4603406E+02, 1.30359230026402
2.4603766E+02, 1.30439844191526
2.4604127E+02, 1.30519701115566
2.4604487E+02, 1.30598961749466
2.4604847E+02, 1.30677540265747
2.4605208E+02, 1.30755373553226
2.4605568E+02, 1.30832308631581
2.4605929E+02, 1.30908355107726
2.4606289E+02, 1.30983638664087
2.4606650E+02, 1.31058166061256
2.4607010E+02, 1.31131890155950
2.4607371E+02, 1.31204862807844
2.4607731E+02, 1.31277216845692
2.4608091E+02, 1.31348994250489
2.4608452E+02, 1.31420191402339
2.4608812E+02, 1.31490938075657
2.4609173E+02, 1.31561299053800
2.4609533E+02, 1.31631322630341
2.4609894E+02, 1.31701079702120
2.4610254E+02, 1.31770629262668
2.4610615E+02, 1.31839291792401
2.4610975E+02, 1.31908796616168
2.4611336E+02, 1.31977843666010
2.4611696E+02, 1.32046458855084
2.4612056E+02, 1.32114686831834
2.4612417E+02, 1.32182522309585
2.4612777E+02, 1.32249968026016
2.4613138E+02, 1.32317060477494
2.4613498E+02, 1.32383782661401
2.4613859E+02, 1.32450125402040
2.4614219E+02, 1.32516127341913
2.4614580E+02, 1.32581760989076
2.4614940E+02, 1.32647012967193
2.4615300E+02, 1.32711934209201
2.4615661E+02, 1.32776479177912
2.4616021E+02, 1.32840644694181
2.4616382E+02, 1.32904486389754
2.4616814E+02, 1.32980597802759
2.4617247E+02, 1.33056187269614
2.4617679E+02, 1.33131293097986
2.4618112E+02, 1.33205930133455
2.4618545E+02, 1.33280085020823
2.4618977E+02, 1.33353772672053
2.4619410E+02, 1.33427062698923
2.4619842E+02, 1.33499963719038
2.4620275E+02, 1.33572474380894
2.4620707E+02, 1.33644621106467
2.4621140E+02, 1.33716534778677
2.4621572E+02, 1.33788158548636
2.4622005E+02, 1.33859524005203
2.4622437E+02, 1.33930720646492
2.4622870E+02, 1.34001796500668
2.4623303E+02, 1.34072728448603
2.4623735E+02, 1.34143555415129
2.4624168E+02, 1.34214435012731
2.4624600E+02, 1.34285282319987
2.4625033E+02, 1.34356128622246
2.4625465E+02, 1.34427089024818
2.4625898E+02, 1.34498167921435
2.4626330E+02, 1.34569338907014
2.4626763E+02, 1.34640646664959
2.4627195E+02, 1.34712213481220
2.4627628E+02, 1.34783942434453
2.4628147E+02, 1.34870282449264
2.4628666E+02, 1.34956951857936
2.4629185E+02, 1.35043976658924
2.4629704E+02, 1.35131417853281
2.4630223E+02, 1.35219225284804
2.4630742E+02, 1.35551216302687
2.4631261E+02, 1.35637653586367
2.4631780E+02, 1.35724435917868
2.4632299E+02, 1.35811592170633
2.4632818E+02, 1.35899143008063
2.4633337E+02, 1.35987105547824
2.4633857E+02, 1.36075493591870
2.4634376E+02, 1.36164318018435
2.4634895E+02, 1.36253587031997
2.4635414E+02, 1.36343305847531
2.4635933E+02, 1.36433476425003
2.4636452E+02, 1.36524100482254
2.4636971E+02, 1.36615175582354
2.4637490E+02, 1.36706696594167
2.4638009E+02, 1.36798655529514
2.4638528E+02, 1.36891041284139
2.4639047E+02, 1.36983839323545
2.4639566E+02, 1.37077031290406
2.4640085E+02, 1.37170594597298
2.4640604E+02, 1.37264502008161
2.4641123E+02, 1.37358721308929
2.4641642E+02, 1.37453215102436
2.4642161E+02, 1.37547940815078
2.4642680E+02, 1.37642845825080
2.4643199E+02, 1.37737879186423
2.4643718E+02, 1.37832989500938
2.4644238E+02, 1.37928120646140
2.4644757E+02, 1.38023217139064
2.4645276E+02, 1.38118226592793
2.4645795E+02, 1.38213102098246
2.4646314E+02, 1.38307805406502
2.4646833E+02, 1.38402309692746
2.4647352E+02, 1.38496602015439
2.4647871E+02, 1.38590685490904
2.4648390E+02, 1.38684581007924
2.4648909E+02, 1.38778328327369
2.4649428E+02, 1.38871986509075
2.4649947E+02, 1.38965633724731
2.4650466E+02, 1.39059366525609
2.4650985E+02, 1.39021123512463
2.4651504E+02, 1.39114377961675
2.4652023E+02, 1.39207271449578
2.4652542E+02, 1.39299822785767
2.4653061E+02, 1.39392065208748
2.4653580E+02, 1.39484042117583
2.4654099E+02, 1.39575805850574
2.4654619E+02, 1.39667416873730
2.4655138E+02, 1.39758943552067
2.4655657E+02, 1.39850462745401
2.4656176E+02, 1.39942059311630
2.4656695E+02, 1.40031033020384
2.4657214E+02, 1.40116935590719
2.4657733E+02, 1.40201696393982
2.4658252E+02, 1.40285991433085
2.4658771E+02, 1.40369895017070
2.4659290E+02, 1.40453473580584
2.4659809E+02, 1.40536880825423
2.4660328E+02, 1.40620144095637
2.4660847E+02, 1.40703253340803
2.4661366E+02, 1.40786257734155
2.4661885E+02, 1.40869204903681
2.4662404E+02, 1.40952141181685
2.4662923E+02, 1.41035218892465
2.4663442E+02, 1.41118419032125
2.4663961E+02, 1.41201734926509
2.4664480E+02, 1.41285203220063
2.4665000E+02, 1.41368856280771
2.4665519E+02, 1.41452721238568
2.4666038E+02, 1.41536905692996
2.4666557E+02, 1.41621381141735
2.4667076E+02, 1.41706108815236
2.4667595E+02, 1.41791090162297
2.4668218E+02, 1.41893412470755
2.4668840E+02, 1.41996096904229
2.4669463E+02, 1.42099121319675
2.4670086E+02, 1.42202458409672
2.4670709E+02, 1.42390503132094
2.4671332E+02, 1.42492889455720
2.4671955E+02, 1.42595753658855
2.4672578E+02, 1.42699093783180
2.4673200E+02, 1.42802907862852
2.4673823E+02, 1.42907193819495
2.4674446E+02, 1.43011948805264
2.4675069E+02, 1.43117170170663
2.4675692E+02, 1.43222856105664
2.4676315E+02, 1.43329005645073
2.4676938E+02, 1.43435618297513
2.4677561E+02, 1.43542693427080
2.4678183E+02, 1.43650236858705
2.4678806E+02, 1.43758255966604
2.4679429E+02, 1.43866729491860
2.4680052E+02, 1.43975649377950
2.4680675E+02, 1.44085004609118
2.4681298E+02, 1.44194781019802
2.4681921E+02, 1.44304961290866
2.4682543E+02, 1.44415525176397
2.4683166E+02, 1.44526449663246
2.4683789E+02, 1.44637709306439
2.4684412E+02, 1.44749279985680
2.4685035E+02, 1.44861162762748
2.4685658E+02, 1.44973293167048
2.4686281E+02, 1.45085640922243
2.4686903E+02, 1.45198176150930
2.4687526E+02, 1.45310869916165
2.4688149E+02, 1.45423694598377
2.4688772E+02, 1.45536624111760
2.4689395E+02, 1.45649636883714
2.4690018E+02, 1.45762738275079
2.4690641E+02, 1.45962039194907
2.4691263E+02, 1.46074444737682
2.4691886E+02, 1.46187001783057
2.4692509E+02, 1.46299703525121
2.4693132E+02, 1.46412546101049
2.4693755E+02, 1.46525517276517
2.4694378E+02, 1.46638593393838
2.4695001E+02, 1.46751738389826
2.4695623E+02, 1.46864902788621
2.4696246E+02, 1.46978036495206
2.4696869E+02, 1.47091080638094
2.4697492E+02, 1.47203974535225
2.4698115E+02, 1.47316659809159
2.4698738E+02, 1.47429084652627
2.4699361E+02, 1.47541207913053
2.4699983E+02, 1.47652999749961
2.4700606E+02, 1.47764447145134
2.4701229E+02, 1.47875564520452
2.4701852E+02, 1.47986378320044
2.4702475E+02, 1.48096931064964
2.4703098E+02, 1.48207278252035
2.4703721E+02, 1.48317483994799
2.4704343E+02, 1.48427615645009
2.4704966E+02, 1.48537737690871
2.4705589E+02, 1.48647905190596
2.4706212E+02, 1.48758172986434
2.4706835E+02, 1.48868551633804
2.4707458E+02, 1.48979025816824
2.4708081E+02, 1.49089548246952
2.4708703E+02, 1.49200033432596
2.4709326E+02, 1.49310355600948
2.4709949E+02, 1.49420348638164
2.4710572E+02, 1.49529808238743
2.4711195E+02, 1.49467394328415
2.4711818E+02, 1.49573641040882
2.4712441E+02, 1.49679410783051
2.4713064E+02, 1.49784842736906
2.4713686E+02, 1.49890129801872
2.4714309E+02, 1.49994447905348
2.4714932E+02, 1.50095536380403
2.4715555E+02, 1.50193697053933
2.4716178E+02, 1.50290438532208
2.4716801E+02, 1.50385900708889
2.4717424E+02, 1.50480207741284
2.4718046E+02, 1.50573465481404
2.4718669E+02, 1.50665759974099
2.4719292E+02, 1.50757157104745
2.4719915E+02, 1.50847702482107
2.4720538E+02, 1.50937419864529
2.4721161E+02, 1.51026323259145
2.4721784E+02, 1.51114414657398
2.4722406E+02, 1.51201687734679
2.4723029E+02, 1.51288131211740
2.4723652E+02, 1.51373732018454
2.4724275E+02, 1.51458478089650
2.4724898E+02, 1.51542342364636
2.4725521E+02, 1.51625322208398
2.4726144E+02, 1.51707441141232
2.4726766E+02, 1.51788710934851
2.4727389E+02, 1.51869149996925
2.4728012E+02, 1.51948778576510
2.4728635E+02, 1.52027592319826
2.4729258E+02, 1.52105678045352
2.4729881E+02, 1.52183076745971
2.4730504E+02, 1.52259832031945
2.4731126E+02, 1.52264656654643
2.4731749E+02, 1.52341520884498
2.4732372E+02, 1.52417942988909
2.4732995E+02, 1.52493950807097
2.4733618E+02, 1.52569573737589
2.4734241E+02, 1.52644840997834
2.4734864E+02, 1.52719783911637
2.4735486E+02, 1.52794423775765
2.4736109E+02, 1.52868778497718
2.4736732E+02, 1.52942864659339
2.4737355E+02, 1.53016701021732
2.4737978E+02, 1.53090292798691
2.4738601E+02, 1.53163644554696
2.4739224E+02, 1.53236764487016
2.4739846E+02, 1.53309657154553
2.4740469E+02, 1.53382315009975
2.4741092E+02, 1.53454731925618
2.4741715E+02, 1.53526915344046
2.4742338E+02, 1.53598849314954
2.4742961E+02, 1.53670519393027
2.4743584E+02, 1.53741917344330
2.4744207E+02, 1.53813038983065
2.4744829E+02, 1.53883855474267
2.4745452E+02, 1.53954346985492
2.4746075E+02, 1.54024514117891
2.4746698E+02, 1.54094322116623
2.4747321E+02, 1.54163744644953
2.4747944E+02, 1.54232770170815
2.4748567E+02, 1.54301372005943
2.4749189E+02, 1.54369513314497
2.4749812E+02, 1.54437173228424
2.4750435E+02, 1.54504326159083
2.4751058E+02, 1.54674641460917
2.4751681E+02, 1.54741715013950
2.4752304E+02, 1.54808129535458
2.4752927E+02, 1.54873857585008
2.4753549E+02, 1.54938839390166
2.4754172E+02, 1.55003025524665
2.4754795E+02, 1.55066410589417
2.4755418E+02, 1.55128916964279
2.4756041E+02, 1.55190519590828
2.4756664E+02, 1.55251200703662
2.4757287E+02, 1.55310840133011
2.4757909E+02, 1.55369472110162
2.4758532E+02, 1.55426994542497
2.4759155E+02, 1.55483376684761
2.4759778E+02, 1.55538577479271
2.4760401E+02, 1.55592497820954
2.4761024E+02, 1.55645152161926
2.4761647E+02, 1.55696387311636
2.4762269E+02, 1.55746255605434
2.4762892E+02, 1.55794576123662
2.4763515E+02, 1.55841408606243
2.4764138E+02, 1.55886584217961
2.4764761E+02, 1.55930125090469
2.4765384E+02, 1.55971929089742
2.4766007E+02, 1.56011922079309
2.4766629E+02, 1.56050129562343
2.4767252E+02, 1.56086332812967
2.4767875E+02, 1.56120615130224
2.4768498E+02, 1.56152921204177
2.4769121E+02, 1.56183050255933
2.4769744E+02, 1.56211092209500
2.4770367E+02, 1.56236993331336
2.4770989E+02, 1.56015193019507
2.4771612E+02, 1.56035191053477
2.4772235E+02, 1.56052954702514
2.4772858E+02, 1.56068430935050
2.4773481E+02, 1.56081615692022
2.4774104E+02, 1.56092489291656
2.4774727E+02, 1.56101038014830
2.4775349E+02, 1.56107254138258
2.4775972E+02, 1.56111136046256
2.4776595E+02, 1.56112688432946
2.4777218E+02, 1.56111922581683
2.4777841E+02, 1.56108858100766
2.4778464E+02, 1.56103522774398
2.4779087E+02, 1.56095949536398
2.4779710E+02, 1.56086177199107
2.4780332E+02, 1.56074250765233
2.4780955E+02, 1.56060221405458
2.4781578E+02, 1.56044140847571
2.4782201E+02, 1.56026074960736
2.4782824E+02, 1.56006100591866
2.4783447E+02, 1.55984292645550
2.4784070E+02, 1.55960730658443
2.4784692E+02, 1.55935498445724
2.4785315E+02, 1.55908693622837
2.4785938E+02, 1.55880410537746
2.4786561E+02, 1.55850744715309
2.4787184E+02, 1.55819811482227
2.4787807E+02, 1.55787707857932
2.4788430E+02, 1.55754535269469
2.4789052E+02, 1.55720426042937
2.4789675E+02, 1.55685471919424
2.4790298E+02, 1.55649775780426
2.4790921E+02, 1.55671510131576
2.4791544E+02, 1.55633537074756
2.4792167E+02, 1.55595123921092
2.4792790E+02, 1.55556363109896
2.4793412E+02, 1.55517405135439
2.4794035E+02, 1.55478320880556
2.4794658E+02, 1.55439213717982
2.4795281E+02, 1.55400201477356
2.4795904E+02, 1.55361331642391
2.4796527E+02, 1.55322729123994
2.4797274E+02, 1.55276818949129
2.4798022E+02, 1.55231487281538
2.4798769E+02, 1.55186861163123
2.4799516E+02, 1.55143008476831
2.4800264E+02, 1.55100053325864
2.4801011E+02, 1.55058014654449
2.4801759E+02, 1.55016993134230
2.4802506E+02, 1.54976999825326
2.4803254E+02, 1.54938070268440
2.4804001E+02, 1.54900237494218
2.4804748E+02, 1.54863487667658
2.4805496E+02, 1.54827830187449
2.4806243E+02, 1.54793248559181
2.4806991E+02, 1.54759716110688
2.4807738E+02, 1.54727201063695
2.4808486E+02, 1.54695667164903
2.4809233E+02, 1.54665069693796
2.4809980E+02, 1.54635344579814
2.4810728E+02, 1.54606435709214
2.4811475E+02, 1.54263327253466
2.4812223E+02, 1.54237001194848
2.4812970E+02, 1.54211564022135
2.4813718E+02, 1.54186807327450
2.4814465E+02, 1.54162598937016
2.4815213E+02, 1.54138824367296
2.4815960E+02, 1.54115354169234
2.4816707E+02, 1.54092051058367
2.4817455E+02, 1.54068781853968
2.4818202E+02, 1.54045407183463
2.4818950E+02, 1.54021780660920
2.4819697E+02, 1.53997755734765
2.4820445E+02, 1.53973181892977
2.4821192E+02, 1.53947903890533
2.4821939E+02, 1.53921755840835
2.4822687E+02, 1.53894600454164
2.4823434E+02, 1.53866286887614
2.4824182E+02, 1.53836654113548
2.4824929E+02, 1.53805563442438
2.4825677E+02, 1.53772894568786
2.4826424E+02, 1.53738507155498
2.4827171E+02, 1.53702282070916
2.4827919E+02, 1.53664135118205
2.4828666E+02, 1.53623948608394
2.4829414E+02, 1.53581663491578
2.4830161E+02, 1.53537208897763
2.4830909E+02, 1.53166145408378
2.4831656E+02, 1.53116409708587
2.4832403E+02, 1.53064434064650
2.4833151E+02, 1.53010226054770
2.4833898E+02, 1.52953746320532
2.4834646E+02, 1.52895075226618
2.4835393E+02, 1.52834177946963
2.4836141E+02, 1.52771151219203
2.4836888E+02, 1.52706051613563
2.4837635E+02, 1.52638913126180
2.4838383E+02, 1.52569890956333
2.4839130E+02, 1.52499066731928
2.4839878E+02, 1.52426510709244
2.4840625E+02, 1.52352351804759
2.4841373E+02, 1.52276842252064
2.4842120E+02, 1.52200006974473
2.4842867E+02, 1.52121989825540
2.4843615E+02, 1.52042935733532
2.4844362E+02, 1.51963083471347
2.4845110E+02, 1.51882540768771
2.4845857E+02, 1.51801367337007
2.4846605E+02, 1.51719656747760
2.4847352E+02, 1.51637472512361
2.4848100E+02, 1.51554882770587
2.4848847E+02, 1.51471950114999
2.4849594E+02, 1.51388471559423
2.4850342E+02, 1.51304309180553
2.4851089E+02, 1.51826824668465
2.4851837E+02, 1.51740337602651
2.4852584E+02, 1.51653175373184
2.4853332E+02, 1.51565268565045
2.4854079E+02, 1.51476482202386
2.4854826E+02, 1.51386666283876
2.4855574E+02, 1.51295635074777
2.4856321E+02, 1.51203174195643
2.4857069E+02, 1.51109050003089
2.4857816E+02, 1.51013022329426
2.4858564E+02, 1.50914861919857
2.4859311E+02, 1.50814373784031
2.4860058E+02, 1.50711427527038
2.4860806E+02, 1.50605994851667
2.4861553E+02, 1.50498192757651
2.4862301E+02, 1.50388328064159
2.4863048E+02, 1.50276934723626
2.4863796E+02, 1.50164790903708
2.4864543E+02, 1.50052899902009
2.4865290E+02, 1.49938485436990
2.4866038E+02, 1.49816286318826
2.4866785E+02, 1.49688729929456
2.4867533E+02, 1.49556768725647
2.4868280E+02, 1.49422055384506
2.4869028E+02, 1.49284852120608
2.4869775E+02, 1.49145629065059
2.4870522E+02, 1.49005352359219
2.4871270E+02, 1.49921648688574
2.4872017E+02, 1.49780345774764
2.4872765E+02, 1.49635244663017
2.4873512E+02, 1.49486795352372
2.4874260E+02, 1.49335229073322
2.4875007E+02, 1.49180650449427
2.4875754E+02, 1.49023004966104
2.4876502E+02, 1.48862210106078
2.4877249E+02, 1.48698197129613
2.4877997E+02, 1.48530931469863
2.4878744E+02, 1.48360497457780
2.4879492E+02, 1.48187078646153
2.4880239E+02, 1.48010908310002
2.4880987E+02, 1.47832305506702
2.4881734E+02, 1.47651626702357
2.4882481E+02, 1.47469257979011
2.4883229E+02, 1.47285474446448
2.4883976E+02, 1.47100552624104
2.4884724E+02, 1.46914723396043
2.4885471E+02, 1.46728176768350
2.4886219E+02, 1.46541071785443
2.4886966E+02, 1.46353566215958
2.4887713E+02, 1.46165802681726
2.4888461E+02, 1.45977883038543
2.4889208E+02, 1.45789942940773
2.4889956E+02, 1.45602126246187
2.4890577E+02, 1.45446072140165
2.4891199E+02, 1.45426895290297
2.4891821E+02, 1.45273979040394
2.4892443E+02, 1.45121639672584
2.4893064E+02, 1.44969902653821
2.4893686E+02, 1.44818818252633
2.4894308E+02, 1.44668380599997
2.4894929E+02, 1.44518679976091
2.4895551E+02, 1.44369717790473
2.4896173E+02, 1.44221583880161
2.4896795E+02, 1.44074311634558
2.4897416E+02, 1.43927945242953
2.4898038E+02, 1.43782571007030
2.4898660E+02, 1.43638139567912
2.4899281E+02, 1.43494809085392
2.4899903E+02, 1.43352414511973
2.4900525E+02, 1.43211133811004
2.4901147E+02, 1.43070781152606
2.4901768E+02, 1.42931360986471
2.4902390E+02, 1.42792833357598
2.4903012E+02, 1.42655000919822
2.4903633E+02, 1.42517877737459
2.4904255E+02, 1.42381244287054
2.4904877E+02, 1.42244943578784
2.4905499E+02, 1.42108957457113
2.4906120E+02, 1.41973037345941
2.4906742E+02, 1.41837115036838
2.4907364E+02, 1.41701188670044
2.4907985E+02, 1.41565154641685
2.4908607E+02, 1.41429126926842
2.4909229E+02, 1.41293234499959
2.4909851E+02, 1.41157560363978
2.4910366E+02, 1.41045427524077
2.4910882E+02, 1.40775978600057
2.4911397E+02, 1.40664206558988
2.4911912E+02, 1.40552288710844
2.4912428E+02, 1.40440218154117
2.4912943E+02, 1.40327919729916
2.4913459E+02, 1.40215226694574
2.4913974E+02, 1.40101901101774
2.4914490E+02, 1.39987221521854
2.4915005E+02, 1.39871144376114
2.4915521E+02, 1.39754645547297
2.4916036E+02, 1.39637817307795
2.4916552E+02, 1.39520521864489
2.4917067E+02, 1.39402599961939
2.4917582E+02, 1.39283845256819
2.4918098E+02, 1.39164048125283
2.4918613E+02, 1.39043007873781
2.4919129E+02, 1.38920531823635
2.4919644E+02, 1.38796588453331
2.4920160E+02, 1.38671144151404
2.4920675E+02, 1.38544219999214
2.4921191E+02, 1.38415865960857
2.4921706E+02, 1.38286254984580
2.4922221E+02, 1.38155525606022
2.4922737E+02, 1.38023814198505
2.4923252E+02, 1.37891275713869
2.4923768E+02, 1.37758017701080
2.4924283E+02, 1.37624108919926
2.4924799E+02, 1.37489588838399
2.4925314E+02, 1.37354441534412
2.4925830E+02, 1.37218623946934
2.4926345E+02, 1.37082066521799
2.4926861E+02, 1.36944669724545
2.4927376E+02, 1.36806352403810
2.4927891E+02, 1.36667013812043
2.4928407E+02, 1.36526581548308
2.4928922E+02, 1.36385018864237
2.4929438E+02, 1.36242281527845
2.4929953E+02, 1.36098436016942
2.4930469E+02, 1.35953475733298
2.4930984E+02, 1.36164916787584
2.4931500E+02, 1.36018090690977
2.4932015E+02, 1.35870655813317
2.4932530E+02, 1.35722677966274
2.4933046E+02, 1.35574222950830
2.4933561E+02, 1.35425327714062
2.4934077E+02, 1.35276055343063
2.4934592E+02, 1.35126419152185
2.4935108E+02, 1.34976477914863
2.4935623E+02, 1.34826222499584
2.4936139E+02, 1.34675704012315
2.4936654E+02, 1.34524898658687
2.4937170E+02, 1.34373847323441
2.4937685E+02, 1.34222522814972
2.4938200E+02, 1.34070951566634
2.4938716E+02, 1.33919116025543
2.4939231E+02, 1.33767022053551
2.4939747E+02, 1.33614678222391
2.4940262E+02, 1.33462063793811
2.4940778E+02, 1.33309236064415
2.4941293E+02, 1.33156142692091
2.4941809E+02, 1.33002917607138
2.4942324E+02, 1.32849469400448
2.4942840E+02, 1.32696034177912
2.4943355E+02, 1.32542473078583
2.4943870E+02, 1.32389105581929
2.4944386E+02, 1.32235769735644
2.4944901E+02, 1.32082745935671
2.4945417E+02, 1.31929893124126
2.4945932E+02, 1.31777368966258
2.4946448E+02, 1.31625000361021
2.4946963E+02, 1.31472767543938
2.4947479E+02, 1.31320414888811
2.4947994E+02, 1.31167709759415
2.4948509E+02, 1.31014290733283
2.4949025E+02, 1.30859706150086
2.4949454E+02, 1.30729817053573
2.4949883E+02, 1.30598482068954
2.4950312E+02, 1.30465324659693
2.4950741E+02, 1.30653799738871
2.4951170E+02, 1.30526890289083
2.4951599E+02, 1.30399933316543
2.4952028E+02, 1.30272762094430
2.4952457E+02, 1.30145208050119
2.4952886E+02, 1.30017517845365
2.4953315E+02, 1.29891504580711
2.4953744E+02, 1.29766545321524
2.4954173E+02, 1.29641718447695
2.4954602E+02, 1.29516938566874
2.4955031E+02, 1.29392116664296
2.4955460E+02, 1.29267200750104
2.4955890E+02, 1.29142167907760
2.4956319E+02, 1.29017073017192
2.4956748E+02, 1.28891903164668
2.4957177E+02, 1.28766695284474
2.4957606E+02, 1.28641501018937
2.4958035E+02, 1.28516442385394
2.4958464E+02, 1.28391515310787
2.4958893E+02, 1.28266766870214
2.4959322E+02, 1.28142237478357
2.4959751E+02, 1.28018029543130
2.4960180E+02, 1.27894090679154
2.4960609E+02, 1.27770422347600
2.4961038E+02, 1.27647014165776
2.4961467E+02, 1.27523902349446
2.4961896E+02, 1.27401019837084
2.4962325E+02, 1.27278318990590
2.4962754E+02, 1.27155762521685
2.4963183E+02, 1.27033340483013
2.4963612E+02, 1.26911037045223
2.4964041E+02, 1.26788785205196
2.4964470E+02, 1.26666562660582
2.4964899E+02, 1.26544355025393
2.4965328E+02, 1.26422226985044
2.4965757E+02, 1.26300129394559
2.4966186E+02, 1.26178067114441
2.4966616E+02, 1.26056059811194
2.4967045E+02, 1.25934165462284
2.4967474E+02, 1.25812447701923
2.4967903E+02, 1.25690887912819
2.4968332E+02, 1.25569522416954
2.4968761E+02, 1.25448387782851
2.4969190E+02, 1.25327586670805
2.4969619E+02, 1.25207120295218
2.4970048E+02, 1.25086985955108
2.4970477E+02, 1.24956288823828
2.4970906E+02, 1.24838080018849
2.4971335E+02, 1.24720172494587
2.4971764E+02, 1.24602542768270
2.4972193E+02, 1.24485188060828
2.4972622E+02, 1.24368105058277
2.4973051E+02, 1.24251290343435
2.4973480E+02, 1.24134750153218
2.4973909E+02, 1.24018486434874
2.4974338E+02, 1.23902483702941
2.4974767E+02, 1.23786742150143
2.4975196E+02, 1.23671264108791
2.4975625E+02, 1.23556054302564
2.4976054E+02, 1.23441119890406
2.4976483E+02, 1.23326486377126
2.4976912E+02, 1.23212147974584
2.4977341E+02, 1.23098115800728
2.4977771E+02, 1.22984400260137
2.4978200E+02, 1.22871009584881
2.4978629E+02, 1.22757948254188
2.4979058E+02, 1.22645215453580
2.4979487E+02, 1.22532808080078
2.4979916E+02, 1.22420706921146
2.4980345E+02, 1.22308885544485
2.4980774E+02, 1.22197312447766
2.4981203E+02, 1.22085949548048
2.4981632E+02, 1.21974754382312
2.4982061E+02, 1.21863683435331
2.4982490E+02, 1.21752696624742
2.4982919E+02, 1.21641762780022
2.4983348E+02, 1.21530857518068
2.4983777E+02, 1.21419993492602
2.4984206E+02, 1.21309206414457
2.4984635E+02, 1.21198562883243
2.4985064E+02, 1.21088162856915
2.4985493E+02, 1.20978137409569
2.4985922E+02, 1.20868641764796
2.4986351E+02, 1.20759842830165
2.4986780E+02, 1.20651900857412
2.4987209E+02, 1.20544945885572
2.4987638E+02, 1.20439055053986
2.4988067E+02, 1.20334234293444
2.4988496E+02, 1.20230355975356
2.4988926E+02, 1.20127190548563
2.4989355E+02, 1.20022714158079
2.4989784E+02, 1.19907762957699
2.4990213E+02, 1.19789152202988
2.4990642E+02, 1.19654856385276
2.4991071E+02, 1.19541810695659
2.4991500E+02, 1.19429737988767
2.4991929E+02, 1.19318401530784
2.4992358E+02, 1.19207575331052
2.4992787E+02, 1.19097034711940
2.4993216E+02, 1.18986564835967
2.4993645E+02, 1.18875972711434
2.4994074E+02, 1.18765096801189
2.4994503E+02, 1.18653813712539
2.4994932E+02, 1.18542041693027
2.4995361E+02, 1.18429720203042
2.4995790E+02, 1.18316863689666
2.4996219E+02, 1.18203511157758
2.4996648E+02, 1.18089721111424
2.4997077E+02, 1.17975567987486
2.4997506E+02, 1.17861132888943
2.4997935E+02, 1.17746494865555
2.4998364E+02, 1.17631708801766
2.4998793E+02, 1.17516829780369
2.4999222E+02, 1.17401906733988
2.4999651E+02, 1.17286953365814
2.5000081E+02, 1.17171962836912
2.5000510E+02, 1.17056909595161
2.5000939E+02, 1.16941752483291
2.5001368E+02, 1.16826407956755
2.5001797E+02, 1.16710840113850
2.5002226E+02, 1.16594994645618
2.5002655E+02, 1.16478813159118
2.5003084E+02, 1.16362244248618
2.5003513E+02, 1.16245247110463
2.5003942E+02, 1.16127767483922
2.5004371E+02, 1.16009808259282
2.5004800E+02, 1.15891392013646
2.5005229E+02, 1.15772539924739
2.5005658E+02, 1.15653287319396
2.5006087E+02, 1.15533672849282
2.5006516E+02, 1.15413741276050
2.5006945E+02, 1.15293583738617
2.5007374E+02, 1.15173262068729
2.5007803E+02, 1.15052834650985
2.5008232E+02, 1.14932347595293
2.5008661E+02, 1.14811840823987
2.5009090E+02, 1.14691357939963
2.5009519E+02, 1.14570911997909
2.5009948E+02, 1.14450501147902
2.5010377E+02, 1.14330105806086
2.5010806E+02, 1.14340680667701
2.5011236E+02, 1.14219658607671
2.5011665E+02, 1.14098384820103
2.5012094E+02, 1.13976880763625
2.5012523E+02, 1.13855158808678
2.5012952E+02, 1.13733226993525
2.5013381E+02, 1.13611095066505
2.5013810E+02, 1.13488767398055
2.5014239E+02, 1.13366247975045
2.5014668E+02, 1.13243541124543
2.5015097E+02, 1.13120659265991
2.5015526E+02, 1.12997611792190
2.5015955E+02, 1.12874408383673
2.5016384E+02, 1.12751064089318
2.5016813E+02, 1.12627605517090
2.5017242E+02, 1.12504065596427
2.5017671E+02, 1.12380465882298
2.5018100E+02, 1.12256838188737
2.5018529E+02, 1.12133220236635
2.5018958E+02, 1.12009665527534
2.5019387E+02, 1.11886182282949
2.5019816E+02, 1.11762787790845
2.5020245E+02, 1.11639486193243
2.5020674E+02, 1.11516293199806
2.5021103E+02, 1.11393147914111
2.5021532E+02, 1.11269983048063
2.5021962E+02, 1.11146705653127
2.5022391E+02, 1.11023199571492
2.5022820E+02, 1.10899295229072
2.5023249E+02, 1.10774793024214
2.5023678E+02, 1.10649472286865
2.5024107E+02, 1.10523056990584
2.5024536E+02, 1.10395245582442
2.5024965E+02, 1.10265767048583
2.5025394E+02, 1.10134315355902
2.5025823E+02, 1.10004426998303
2.5026252E+02, 1.09886815194404
2.5026681E+02, 1.09771883280983
2.5027110E+02, 1.09655528443249
2.5027539E+02, 1.09537824274066
2.5027968E+02, 1.09418847489172
2.5028397E+02, 1.09298820886656
2.5028826E+02, 1.09177921877823
2.5029255E+02, 1.09056331254994
2.5029684E+02, 1.08934225124580
2.5030113E+02, 1.08811767031756
2.5030542E+02, 1.08902260738145
2.5030971E+02, 1.08779229896745
2.5031400E+02, 1.08656085775336
2.5031829E+02, 1.08532825239543
2.5032258E+02, 1.08409432860683
2.5032687E+02, 1.08285938082844
2.5033117E+02, 1.08162344200572
2.5033546E+02, 1.08038654490947
2.5033975E+02, 1.07914847379283
2.5034404E+02, 1.07790950360699
2.5034833E+02, 1.07666967493541
2.5035262E+02, 1.07542898063494
2.5035691E+02, 1.07418717321921
2.5036120E+02, 1.07294436426070
2.5036549E+02, 1.07170058015506
2.5036978E+02, 1.07045572752716
2.5037407E+02, 1.06920947210617
2.5037836E+02, 1.06796177190040
2.5038265E+02, 1.06671262768986
2.5038694E+02, 1.06546187480505
2.5039123E+02, 1.06420910462086
2.5039552E+02, 1.06295423958475
2.5039981E+02, 1.06169730363333
2.5040410E+02, 1.06043815256765
2.5040839E+02, 1.05917637088647
2.5041268E+02, 1.05791206062339
2.5041697E+02, 1.05664531123040
2.5042126E+02, 1.05537609543564
2.5042555E+02, 1.05410404067231
2.5042984E+02, 1.05282959847953
2.5043413E+02, 1.05155288250313
2.5043842E+02, 1.05027387773139
2.5044272E+02, 1.04899256549985
2.5044701E+02, 1.04770940553581
2.5045130E+02, 1.04642453269003
2.5045559E+02, 1.04513781345698
2.5045988E+02, 1.04384961197003
2.5046417E+02, 1.04256014097330
2.5046846E+02, 1.04126938817511
2.5047275E+02, 1.03997729273636
2.5047704E+02, 1.03868417573048
2.5048133E+02, 1.03739003367695
2.5048562E+02, 1.03609454498618
2.5048991E+02, 1.03479794738241
2.5049420E+02, 1.03350020285543
2.5049849E+02, 1.03220101987790
2.5050278E+02, 1.03090029870778
2.5050707E+02, 1.03056559321506
2.5051136E+02, 1.02926086333737
2.5051565E+02, 1.02795415993063
2.5051994E+02, 1.02664550563237
2.5052423E+02, 1.02533513286989
2.5052852E+02, 1.02402363778390
2.5053281E+02, 1.02271096870320
2.5053710E+02, 1.02139731695418
2.5054139E+02, 1.02008317488617
2.5054568E+02, 1.01876844956122
2.5054997E+02, 1.01745309260200
2.5055427E+02, 1.01613732271440
2.5055856E+02, 1.01482092783853
2.5056285E+02, 1.01350352593800
2.5056714E+02, 1.01218497742101
2.5057143E+02, 1.01086490822251
2.5057572E+02, 1.00954265627922
2.5058001E+02, 1.00821779537908
2.5058430E+02, 1.00688983491750
2.5058859E+02, 1.00555814077818
2.5059288E+02, 1.00422230504540
2.5059717E+02, 1.00288200191849
2.5060146E+02, 1.00153728243496
2.5060575E+02, 1.00019237005667
2.5061004E+02, 0.998880766114900
2.5061433E+02, 0.997573320725823
2.5061862E+02, 0.996259875310565
2.5062291E+02, 0.994942131219076
2.5062720E+02, 0.993620775770803
2.5063149E+02, 0.992296990530811
2.5063578E+02, 0.990972478044393
2.5064007E+02, 0.989647443400816
2.5064436E+02, 0.988322593565975
2.5064865E+02, 0.986999143723113
2.5065294E+02, 0.985676790131971
2.5065723E+02, 0.984355717820916
2.5066152E+02, 0.983036443766060
2.5066582E+02, 0.981718469557450
2.5067011E+02, 0.980401567212449
2.5067440E+02, 0.979085735915166
2.5067869E+02, 0.977770514597394
2.5068298E+02, 0.976455505656423
2.5068727E+02, 0.975140507813982
2.5069156E+02, 0.973825226059315
2.5069585E+02, 0.972509334171224
2.5070014E+02, 0.971192682091253
2.5070443E+02, 0.970910784657786
2.5070872E+02, 0.969586185828854
2.5071301E+02, 0.968262758514783
2.5071730E+02, 0.966940602411853
2.5072159E+02, 0.965619452207377
2.5072588E+02, 0.964299163991628
2.5073017E+02, 0.962979748862044
2.5073446E+02, 0.961660860598066
2.5073875E+02, 0.960342283746252
2.5074304E+02, 0.959023978273535
2.5074733E+02, 0.957705658247486
2.5075162E+02, 0.956387136024740
2.5075591E+02, 0.955068387915545
2.5076020E+02, 0.953749284313031
2.5076449E+02, 0.952429721882797
2.5076878E+02, 0.951109756420131
2.5077307E+02, 0.949789419626359
2.5077737E+02, 0.948468704056314
2.5078166E+02, 0.947147745276238
2.5078595E+02, 0.945826695940737
2.5079024E+02, 0.944505599178731
2.5079453E+02, 0.943184617380428
2.5079882E+02, 0.941863956678384
2.5080311E+02, 0.940543635918057
2.5080740E+02, 0.939223769508141
2.5081169E+02, 0.937904552963627
2.5081598E+02, 0.936585914915210
2.5082027E+02, 0.935267864100125
2.5082456E+02, 0.933950554334496
2.5082885E+02, 0.932633798751489
2.5083314E+02, 0.931317492208850
2.5083743E+02, 0.930001750744634
2.5084172E+02, 0.928686312615088
2.5084601E+02, 0.927371023513525
2.5085030E+02, 0.926055934235660
2.5085459E+02, 0.924740865596915
2.5085888E+02, 0.923425661980767
2.5086317E+02, 0.922110386899510
2.5086746E+02, 0.920795027550571
2.5087175E+02, 0.919479502865679
2.5087604E+02, 0.918163953100087
2.5088033E+02, 0.916848575265755
2.5088463E+02, 0.915533389255535
2.5088892E+02, 0.914218603979581
2.5089321E+02, 0.912904575225562
2.5089750E+02, 0.911591343490847
2.5090179E+02, 0.910279053482154
2.5090608E+02, 0.909087617865824
2.5091037E+02, 0.907781923104822
2.5091466E+02, 0.906476863363711
2.5091895E+02, 0.905172315125215
2.5092324E+02, 0.903867789943851
2.5092753E+02, 0.902561945027910
2.5093182E+02, 0.901253953848447
2.5093611E+02, 0.899946996272236
2.5094040E+02, 0.898652411099602
2.5094469E+02, 0.897361918987030
2.5094898E+02, 0.896071458616634
2.5095327E+02, 0.894780620228203
2.5095756E+02, 0.893489054194870
2.5096185E+02, 0.892196558703416
2.5096614E+02, 0.890903231868745
2.5097043E+02, 0.889609297241631
2.5097472E+02, 0.888315004879157
2.5097901E+02, 0.887020758441922
2.5098330E+02, 0.885726983428674
2.5098759E+02, 0.884434033731469
2.5099188E+02, 0.883142272668442
2.5099618E+02, 0.881852056485040
2.5100047E+02, 0.880563582508215
2.5100476E+02, 0.879276976330622
2.5100905E+02, 0.877992325664480
2.5101334E+02, 0.876709628711208
2.5101763E+02, 0.875428773923974
2.5102192E+02, 0.874149569443479
2.5102621E+02, 0.872871855034130
2.5103050E+02, 0.871595421372414
2.5103479E+02, 0.870320008305475
2.5103908E+02, 0.869045315293905
2.5104337E+02, 0.867771235352438
2.5104766E+02, 0.866497581592580
2.5105195E+02, 0.865224187821598
2.5105624E+02, 0.863950999867866
2.5106053E+02, 0.862678070061800
2.5106482E+02, 0.861405422946837
2.5106911E+02, 0.860133167428597
2.5107340E+02, 0.858861543506758
2.5107769E+02, 0.857590743383951
2.5108198E+02, 0.856320983088553
2.5108627E+02, 0.855052656877123
2.5109056E+02, 0.853786015608315
2.5109485E+02, 0.852521288764822
2.5109914E+02, 0.851258726872641
2.5110343E+02, 0.849998786111681
2.5110773E+02, 0.848976624532566
2.5111202E+02, 0.847734364038960
2.5111631E+02, 0.846493733193916
2.5112060E+02, 0.845254649801600
2.5112489E+02, 0.844017191241510
2.5112918E+02, 0.842781183510051
2.5113347E+02, 0.841546609613683
2.5113776E+02, 0.840313478647974
2.5114205E+02, 0.839081970023755
2.5114634E+02, 0.837852078581514
2.5115063E+02, 0.836623868338539
2.5115492E+02, 0.835397441046649
2.5115921E+02, 0.834172996267301
2.5116350E+02, 0.832950724312377
2.5116779E+02, 0.831730685744186
2.5117208E+02, 0.830513019016873
2.5117637E+02, 0.829297860940709
2.5118066E+02, 0.828085561611124
2.5118495E+02, 0.826876118026919
2.5118924E+02, 0.825669614951638
2.5119353E+02, 0.824466138732048
2.5119782E+02, 0.823265763508866
2.5120211E+02, 0.822068791147800
2.5120569E+02, 0.821073017138627
2.5120927E+02, 0.820079468114034
2.5121285E+02, 0.819088098953477
2.5121642E+02, 0.818098835642739
2.5122000E+02, 0.817111572837097
2.5122358E+02, 0.816126169190100
2.5122716E+02, 0.815142442767995
2.5123074E+02, 0.814160166012211
2.5123431E+02, 0.813179060180618
2.5123789E+02, 0.812198789434380
2.5124147E+02, 0.811218954297058
2.5124505E+02, 0.810239085458419
2.5124862E+02, 0.809258637374046
2.5125220E+02, 0.808276978093533
2.5125578E+02, 0.807293380377875
2.5125936E+02, 0.806307040682782
2.5126294E+02, 0.805317063424770
2.5126651E+02, 0.804322464579526
2.5127009E+02, 0.803322177611835
2.5127367E+02, 0.802315065318670
2.5127725E+02, 0.801299939279766
2.5128082E+02, 0.800275589722338
2.5128440E+02, 0.799346552048188
2.5128798E+02, 0.798443560882365
2.5129156E+02, 0.797538687953058
2.5129514E+02, 0.796629445896318
2.5129871E+02, 0.795716269131700
2.5130229E+02, 0.794799656767451
2.5130587E+02, 0.794768025904781
2.5130945E+02, 0.793833759395740
2.5131302E+02, 0.792902119635798
2.5131660E+02, 0.791972715008777
2.5132018E+02, 0.791045240789382
2.5132376E+02, 0.790119495313909
2.5132734E+02, 0.789195371197342
2.5133091E+02, 0.788272841945620
2.5133449E+02, 0.787351938386548
2.5133807E+02, 0.786432812413521
2.5134165E+02, 0.785515625300830
2.5134522E+02, 0.784600569745065
2.5134880E+02, 0.783687853970319
2.5135238E+02, 0.782777686983389
2.5135596E+02, 0.781870265419364
2.5135954E+02, 0.780965762737907
2.5136311E+02, 0.780064320978928
2.5136669E+02, 0.779166045293210
2.5137027E+02, 0.778271003242842
2.5137385E+02, 0.777379226873135
2.5137742E+02, 0.776490669652429
2.5138100E+02, 0.775605276521348
2.5138458E+02, 0.774722960250906
2.5138816E+02, 0.773843607685234
2.5139174E+02, 0.772967086099987
2.5139531E+02, 0.772093248819330
2.5139889E+02, 0.771221942721639
2.5140247E+02, 0.770353033051616
2.5140605E+02, 0.769486345481633
2.5140962E+02, 0.768621736403894
2.5141320E+02, 0.767759087312008
2.5141678E+02, 0.766898299996454
2.5142036E+02, 0.766039296847234
2.5142394E+02, 0.765182024826899
2.5142751E+02, 0.764326506276279
2.5143109E+02, 0.763472742682687
2.5143467E+02, 0.762620711347447
2.5143825E+02, 0.761770461693099
2.5144182E+02, 0.760922066043232
2.5144540E+02, 0.760075616099842
2.5144898E+02, 0.759231216888145
2.5145256E+02, 0.758389176869850
2.5145614E+02, 0.757549466819106
2.5145971E+02, 0.756712184341733
2.5146329E+02, 0.755877459088185
2.5146687E+02, 0.755045418532137
2.5147045E+02, 0.754216183108800
2.5147402E+02, 0.753390145972071
2.5147760E+02, 0.752567196709410
2.5148118E+02, 0.751747348816781
2.5148476E+02, 0.750930673624263
2.5148834E+02, 0.750117228853871
2.5149191E+02, 0.749307194111221
2.5149549E+02, 0.748500765769157
2.5149907E+02, 0.747697622095445
2.5150265E+02, 0.746897754171017
2.5150622E+02, 0.747005118156495
2.5150980E+02, 0.746218785258433
2.5151338E+02, 0.745435308995745
2.5151696E+02, 0.744654580083351
2.5152054E+02, 0.743876565921438
2.5152411E+02, 0.743101248769443
2.5152769E+02, 0.742328624202131
2.5153127E+02, 0.741558639295180
2.5153485E+02, 0.740791234919489
2.5153842E+02, 0.740026404594187
2.5154200E+02, 0.739264150501308
2.5154558E+02, 0.738504450342176
2.5154916E+02, 0.737747283691148
2.5155274E+02, 0.736992681432649
2.5155631E+02, 0.736240688559727
2.5155989E+02, 0.735491295270906
2.5156347E+02, 0.734744562447805
2.5156705E+02, 0.734000576440045
2.5157062E+02, 0.733259429697886
2.5157420E+02, 0.732521124210381
2.5157778E+02, 0.731785816303806
2.5158136E+02, 0.731053636447050
2.5158494E+02, 0.730324683210187
2.5158851E+02, 0.729598991568258
2.5159209E+02, 0.728876772173343
2.5159567E+02, 0.728158169660883
2.5159925E+02, 0.727443164916305
2.5160282E+02, 0.726731892372993
2.5160640E+02, 0.726024524810904
2.5160998E+02, 0.725321086255284
2.5161356E+02, 0.724621428001279
2.5161714E+02, 0.723925799187971
2.5162071E+02, 0.723234254960622
2.5162429E+02, 0.722546277747267
2.5162787E+02, 0.721862219907097
2.5163145E+02, 0.721182087556461
2.5163502E+02, 0.720505191802191
2.5163860E+02, 0.719831781544058
2.5164218E+02, 0.719161940282120
2.5164576E+02, 0.718494725234531
2.5164934E+02, 0.717830408419432
2.5165291E+02, 0.717169194242574
2.5165649E+02, 0.716509771931716
2.5166007E+02, 0.715852714759335
2.5166365E+02, 0.715198351246690
2.5166722E+02, 0.714544834817259
2.5167080E+02, 0.713893464450464
2.5167438E+02, 0.713244594123228
2.5167796E+02, 0.712595782382568
2.5168154E+02, 0.711949483291954
2.5168511E+02, 0.711305497991344
2.5168869E+02, 0.710662037707608
2.5169227E+02, 0.710021909787261
2.5169585E+02, 0.709384291645381
2.5169942E+02, 0.708748841080564
2.5170300E+02, 0.708118414274962
2.5170658E+02, 0.706586745646943
2.5171016E+02, 0.705966954503925
2.5171374E+02, 0.705351403229185
2.5171731E+02, 0.704740699714400
2.5172089E+02, 0.704134673652933
2.5172447E+02, 0.703534416975584
2.5172805E+02, 0.702939915350128
2.5173162E+02, 0.702351711101602
2.5173520E+02, 0.701770661960734
2.5173878E+02, 0.701196469280471
2.5174236E+02, 0.700630630712189
2.5174594E+02, 0.700060159620501
2.5174951E+02, 0.699465150965687
2.5175309E+02, 0.698863416461809
2.5175667E+02, 0.698257359077666
2.5176025E+02, 0.697653170485076
2.5176382E+02, 0.697051228737905
2.5176740E+02, 0.696451841256555
2.5177098E+02, 0.695855235681726
2.5177456E+02, 0.695262006544091
2.5177814E+02, 0.694671581132182
2.5178171E+02, 0.694085023391856
2.5178529E+02, 0.693501688491193
2.5178887E+02, 0.692921990760424
2.5179245E+02, 0.692346158239612
2.5179543E+02, 0.691867659992900
2.5179842E+02, 0.691392134426282
2.5180140E+02, 0.690918427329684
2.5180439E+02, 0.690447321101216
2.5180738E+02, 0.689978153840846
2.5181036E+02, 0.689511011403233
2.5181335E+02, 0.689046026481284
2.5181634E+02, 0.688582291121425
2.5181932E+02, 0.688121046021903
2.5182231E+02, 0.687660104705010
2.5182529E+02, 0.687202107492381
2.5182828E+02, 0.686743325372217
2.5183127E+02, 0.686287500787249
2.5183425E+02, 0.685830807717230
2.5183724E+02, 0.685376293592052
2.5184023E+02, 0.684921453573704
2.5184321E+02, 0.684467685092609
2.5184620E+02, 0.684014261162613
2.5184918E+02, 0.683560753342847
2.5185217E+02, 0.683108368071347
2.5185516E+02, 0.682654733315066
2.5185814E+02, 0.682203088047815
2.5186113E+02, 0.681749051692865
2.5186411E+02, 0.681297184362484
2.5186710E+02, 0.680843352933622
2.5187009E+02, 0.680390905025791
2.5187307E+02, 0.679937512391320
2.5187606E+02, 0.679484507849228
2.5187905E+02, 0.679031637375172
2.5188203E+02, 0.678578214618557
2.5188502E+02, 0.678126053630261
2.5188800E+02, 0.677672450104443
2.5189099E+02, 0.677221277759258
2.5189398E+02, 0.676767805200676
2.5189696E+02, 0.676316972894909
2.5189995E+02, 0.675864979220599
2.5190293E+02, 0.675414802261671
2.5190592E+02, 0.672619620845814
2.5190891E+02, 0.672184854759053
2.5191189E+02, 0.671750658419453
2.5191488E+02, 0.671317653578748
2.5191787E+02, 0.670885238580418
2.5192085E+02, 0.670453912083427
2.5192384E+02, 0.670023432525515
2.5192682E+02, 0.669593778629890
2.5192981E+02, 0.669165333848075
2.5193280E+02, 0.668737335235279
2.5193578E+02, 0.668310751135045
2.5193877E+02, 0.667884615026536
2.5194176E+02, 0.667459678485006
2.5194474E+02, 0.667035589215075
2.5194773E+02, 0.666612203260429
2.5195071E+02, 0.666190173416900
2.5195370E+02, 0.665768208595429
2.5195669E+02, 0.665347722174935
2.5195967E+02, 0.664927529550120
2.5196266E+02, 0.664508303775760
2.5196564E+02, 0.664089949000862
2.5196863E+02, 0.663671791167101
2.5197162E+02, 0.663255047288149
2.5197460E+02, 0.662837910228980
2.5197759E+02, 0.662422003167932
2.5198058E+02, 0.662006376885309
2.5198356E+02, 0.661591098166281
2.5198655E+02, 0.661176905907736
2.5198953E+02, 0.660762055028610
2.5199252E+02, 0.660348498676171
2.5199551E+02, 0.659934607832857
2.5199849E+02, 0.659521267944238
2.5200148E+02, 0.659108501112515
2.5200446E+02, 0.658695200429055
2.5200745E+02, 0.658283109668224
2.5201044E+02, 0.657870085189330
2.5201342E+02, 0.657457876981072
2.5201641E+02, 0.657045740220897
2.5201940E+02, 0.656633288567917
2.5202238E+02, 0.656221987976069
2.5202537E+02, 0.655809198433512
2.5202835E+02, 0.655397551322833
2.5203134E+02, 0.654985492505392
2.5203433E+02, 0.654573424502994
2.5203731E+02, 0.654162097280792
2.5204030E+02, 0.653749528213094
2.5204329E+02, 0.653338097955491
2.5204627E+02, 0.652925789119609
2.5204926E+02, 0.652513807227046
2.5205224E+02, 0.652102121138465
2.5205523E+02, 0.651689539964622
2.5205822E+02, 0.651278070797380
2.5206120E+02, 0.650865292950874
2.5206419E+02, 0.650453255395564
2.5206717E+02, 0.650041117379752
2.5207016E+02, 0.649628536847084
2.5207315E+02, 0.649217110510378
2.5207613E+02, 0.648804043594485
2.5207912E+02, 0.648392205364783
2.5208211E+02, 0.647979948697751
2.5208509E+02, 0.647567782267220
2.5208808E+02, 0.647156465965138
2.5209106E+02, 0.646744070931990
2.5209405E+02, 0.646333025990109
2.5209704E+02, 0.645921322429283
2.5210002E+02, 0.645510255746542
2.5210301E+02, 0.642665881038598
2.5210599E+02, 0.642264301430331
2.5210898E+02, 0.641861819886243
2.5211197E+02, 0.641458888933883
2.5211495E+02, 0.641055347461072
2.5211794E+02, 0.640651149593809
2.5212093E+02, 0.640246644773202
2.5212391E+02, 0.639841289505058
2.5212690E+02, 0.639435656083397
2.5212988E+02, 0.639029468700005
2.5213287E+02, 0.638622723788058
2.5213586E+02, 0.638215789197889
2.5213884E+02, 0.637807942640258
2.5214183E+02, 0.637399961903962
2.5214482E+02, 0.636991392842800
2.5214780E+02, 0.636582365055859
2.5215079E+02, 0.636173148563809
2.5215377E+02, 0.635763073385655
2.5215676E+02, 0.635352952688622
2.5215975E+02, 0.634942162524615
2.5216273E+02, 0.634531057774964
2.5216572E+02, 0.634119710469099
2.5216870E+02, 0.633707627228136
2.5217169E+02, 0.633295580781817
2.5217468E+02, 0.632882744558870
2.5217766E+02, 0.632469791470026
2.5218065E+02, 0.632056495700518
2.5218364E+02, 0.631642647358016
2.5218722E+02, 0.631146004589281
2.5219080E+02, 0.630648392843801
2.5219439E+02, 0.630150839925662
2.5219797E+02, 0.629652315744020
2.5220155E+02, 0.629153915602853
2.5220514E+02, 0.628654548879728
2.5220872E+02, 0.628155366491012
2.5221230E+02, 0.627655230908629
2.5221589E+02, 0.627155336374271
2.5221947E+02, 0.626654511809950
2.5222305E+02, 0.626153982629036
2.5222664E+02, 0.625652557977383
2.5223022E+02, 0.625151481946056
2.5223380E+02, 0.624649557686634
2.5223739E+02, 0.624148036347004
2.5224097E+02, 0.623645728075303
2.5224527E+02, 0.623043298626867
2.5224957E+02, 0.622440490313680
2.5225387E+02, 0.621837530926898
2.5225817E+02, 0.621235019186078
2.5226247E+02, 0.620631867752550
2.5226677E+02, 0.620029396379616
2.5227107E+02, 0.619427023931683
2.5227537E+02, 0.618824934213157
2.5227967E+02, 0.618223829187644
2.5228397E+02, 0.617622618935205
2.5228827E+02, 0.617022658069006
2.5229257E+02, 0.616423430890578
2.5229687E+02, 0.615825109357933
2.5230117E+02, 0.615228388437468
2.5230547E+02, 0.613584846942545
2.5230977E+02, 0.612990570069700
2.5231407E+02, 0.612397589547082
2.5231837E+02, 0.611805962842469
2.5232267E+02, 0.611215593447123
2.5232697E+02, 0.610626903705329
2.5233127E+02, 0.610039517788701
2.5233557E+02, 0.609453748767633
2.5233987E+02, 0.608869458094667
2.5234417E+02, 0.608286627699734
2.5234847E+02, 0.607705398363537
2.5235277E+02, 0.607125488770075
2.5235707E+02, 0.606547111633317
2.5236137E+02, 0.605969994328511
2.5236567E+02, 0.605394212120376
2.5236997E+02, 0.604819632355944
2.5237427E+02, 0.604246257495609
2.5237857E+02, 0.603673959484211
2.5238287E+02, 0.603102811851873
2.5238717E+02, 0.602532662708932
2.5239147E+02, 0.601963609862762
2.5239577E+02, 0.601395685103898
2.5240007E+02, 0.600828759776009
2.5240437E+02, 0.600263332943205
2.5240867E+02, 0.599712580124380
2.5241297E+02, 0.599166992531017
2.5241727E+02, 0.598625000918104
2.5242157E+02, 0.598085693493569
2.5242587E+02, 0.597546575211247
2.5243017E+02, 0.597009263738785
2.5243447E+02, 0.596472557602573
2.5243877E+02, 0.595936979296493
2.5244307E+02, 0.595402447196763
2.5244737E+02, 0.594868519991710
2.5245167E+02, 0.594336084646811
2.5245597E+02, 0.593803838272174
2.5246027E+02, 0.593273512098494
2.5246457E+02, 0.592743015684174
2.5246888E+02, 0.592214829554483
2.5247318E+02, 0.591686124707343
2.5247748E+02, 0.591159826562323
2.5248178E+02, 0.590633110980197
2.5248608E+02, 0.590108502921043
2.5249038E+02, 0.589583704857766
2.5249468E+02, 0.589060564934125
2.5249898E+02, 0.588537364483730
2.5250328E+02, 0.588015316939906
2.5250758E+02, 0.586103227951101
2.5251188E+02, 0.585574961832549
2.5251618E+02, 0.585047106142711
2.5252048E+02, 0.584518789752431
2.5252478E+02, 0.583990337103151
2.5252908E+02, 0.583461235987156
2.5253338E+02, 0.582931441183659
2.5253768E+02, 0.582400789635740
2.5254198E+02, 0.581868827708510
2.5254628E+02, 0.581335788322250
2.5255058E+02, 0.580800769563664
2.5255488E+02, 0.580264464311134
2.5255918E+02, 0.579725471233471
2.5256348E+02, 0.579184988795018
2.5256778E+02, 0.578641139312151
2.5257208E+02, 0.578095320883883
2.5257638E+02, 0.577546043932380
2.5258068E+02, 0.576994040360778
2.5258498E+02, 0.576438577809925
2.5258928E+02, 0.575879616780428
2.5259358E+02, 0.575317300449461
2.5259788E+02, 0.574750706652972
2.5260218E+02, 0.574180930849291
2.5260648E+02, 0.573606177462222
2.5261078E+02, 0.573027924398310
2.5261508E+02, 0.572445108526854
2.5261938E+02, 0.571857962796959
2.5262368E+02, 0.571266778373911
2.5262798E+02, 0.570670419313466
2.5263228E+02, 0.570070154353308
2.5263658E+02, 0.569464810509670
2.5264088E+02, 0.568854930747111
2.5264518E+02, 0.568240767594456
2.5264948E+02, 0.567621106017674
2.5265378E+02, 0.566997250717777
2.5265808E+02, 0.566368450204883
2.5266238E+02, 0.565734594887962
2.5266668E+02, 0.565096443210158
2.5267098E+02, 0.564452908085206
2.5267528E+02, 0.563804651139846
2.5268044E+02, 0.563020656311654
2.5268560E+02, 0.562229700817337
2.5269076E+02, 0.561431366081658
2.5269592E+02, 0.560626388357717
2.5270108E+02, 0.559814892216348
2.5270624E+02, 0.556461687642711
2.5271140E+02, 0.555642473190678
2.5271656E+02, 0.554817662819033
2.5272172E+02, 0.553987618575270
2.5272688E+02, 0.553152611034394
2.5273204E+02, 0.552312916825678
2.5273720E+02, 0.551468903337594
2.5274236E+02, 0.550620953102042
2.5274752E+02, 0.549769464651185
2.5275268E+02, 0.548914855572960
2.5275784E+02, 0.548057560435482
2.5276300E+02, 0.547198031611372
2.5276816E+02, 0.546336763665106
2.5277246E+02, 0.545617618828476
2.5277677E+02, 0.544897848019675
2.5278107E+02, 0.544177699606875
2.5278537E+02, 0.543457592510764
2.5278968E+02, 0.542737586306517
2.5279398E+02, 0.542017928585855
2.5279828E+02, 0.541298977882382
2.5280258E+02, 0.540581005626453
2.5280689E+02, 0.539864082487208
2.5281119E+02, 0.539148429849977
2.5281549E+02, 0.538434584534114
2.5281980E+02, 0.537722459753463
2.5282410E+02, 0.537012212905278
2.5282840E+02, 0.536304235186146
2.5283270E+02, 0.535598777792107
2.5283701E+02, 0.534895753274869
2.5284131E+02, 0.534195372959147
2.5284561E+02, 0.533498329368422
2.5284992E+02, 0.532804254558535
2.5285422E+02, 0.532113326564679
2.5285852E+02, 0.531426281550770
2.5286283E+02, 0.530742897841229
2.5286713E+02, 0.530063217630693
2.5287143E+02, 0.529387962099731
2.5287573E+02, 0.528717086306378
2.5288004E+02, 0.528050495886233
2.5288434E+02, 0.527388972081854
2.5288864E+02, 0.526732472674218
2.5289295E+02, 0.526080838283649
2.5289725E+02, 0.525435012396435
2.5290155E+02, 0.524794686636151
2.5290585E+02, 0.525276228600237
2.5291016E+02, 0.524631762366750
2.5291446E+02, 0.523992087067391
2.5291876E+02, 0.523357791630994
2.5292307E+02, 0.522729115502668
2.5292737E+02, 0.522105912002931
2.5293167E+02, 0.521489199425711
2.5293597E+02, 0.520878616918361
2.5294028E+02, 0.520274498290293
2.5294458E+02, 0.519677641533150
2.5294888E+02, 0.519087385586680
2.5295319E+02, 0.518504990723464
2.5295749E+02, 0.517929850707341
2.5296179E+02, 0.517362510794297
2.5296609E+02, 0.516803332397671
2.5297040E+02, 0.516251866869657
2.5297470E+02, 0.515709377656909
2.5297900E+02, 0.515174535738472
2.5298331E+02, 0.514649349635277
2.5298761E+02, 0.514131981513534
2.5299191E+02, 0.513624438378725
2.5299621E+02, 0.513125022318492
2.5300052E+02, 0.512635672452970
2.5300482E+02, 0.512154585596826
2.5300912E+02, 0.511683922903128
2.5301343E+02, 0.511221691765770
2.5301773E+02, 0.510769890493573
2.5302203E+02, 0.510326967655191
2.5302633E+02, 0.509894077968182
2.5303064E+02, 0.509470731247661
2.5303494E+02, 0.509056748414183
2.5303924E+02, 0.508653109359870
2.5304355E+02, 0.508258324290686
2.5304785E+02, 0.507873907782604
2.5305215E+02, 0.507498773542931
2.5305646E+02, 0.507132555717021
2.5306076E+02, 0.506776756750961
2.5306506E+02, 0.506429504942955
2.5306936E+02, 0.506091062571924
2.5307367E+02, 0.505762342731615
2.5307797E+02, 0.505441653269255
2.5308227E+02, 0.505128971792677
2.5308658E+02, 0.504825537615814
2.5309088E+02, 0.504529392038087
2.5309518E+02, 0.504240191634621
2.5309948E+02, 0.503959092169366
2.5310379E+02, 0.503684840931691
2.5310809E+02, 0.500921287873313
2.5311239E+02, 0.500681443400683
2.5311670E+02, 0.500448136611021
2.5312100E+02, 0.500220923793326
2.5312530E+02, 0.499993502201143
2.5312960E+02, 0.499766092465385
2.5313391E+02, 0.499539781943103
2.5313821E+02, 0.499314281084858
2.5314251E+02, 0.499087966488336
2.5314682E+02, 0.498858767152051
2.5315112E+02, 0.498628721039820
2.5315542E+02, 0.498397589453427
2.5315972E+02, 0.498165143053058
2.5316403E+02, 0.497929936385909
2.5316833E+02, 0.497692848394950
2.5317263E+02, 0.497453688723541
2.5317694E+02, 0.497212282514991
2.5318124E+02, 0.496967140434434
2.5318554E+02, 0.496718976340893
2.5318984E+02, 0.496467956639701
2.5319415E+02, 0.496213962871318
2.5319845E+02, 0.495955233550095
2.5320275E+02, 0.495692796034723
2.5320706E+02, 0.495426943564274
2.5321136E+02, 0.495157542942585
2.5321566E+02, 0.494882263158521
2.5321996E+02, 0.494603254494922
2.5322427E+02, 0.494320475977008
2.5322857E+02, 0.494032698638436
2.5323287E+02, 0.493739585827078
2.5323718E+02, 0.493442521382830
2.5324148E+02, 0.493141278258070
2.5324578E+02, 0.492833471452940
2.5325009E+02, 0.492521635291452
2.5325439E+02, 0.492205765070188
2.5325869E+02, 0.491883405238226
2.5326299E+02, 0.491556662713838
2.5326730E+02, 0.491225914149386
2.5327160E+02, 0.490888935226358
2.5327590E+02, 0.490547547630660
2.5328021E+02, 0.490202290200622
2.5328451E+02, 0.489850916552267
2.5328881E+02, 0.489495595149830
2.5329311E+02, 0.489136477705294
2.5329742E+02, 0.488771706553938
2.5330172E+02, 0.488403632218209
2.5330602E+02, 0.485144981859188
2.5331033E+02, 0.484761749933024
2.5331463E+02, 0.484376031379868
2.5331893E+02, 0.483987567548472
2.5332323E+02, 0.483596635968521
2.5332754E+02, 0.483203883739624
2.5333184E+02, 0.482809107883936
2.5333614E+02, 0.482413102993795
2.5334045E+02, 0.482016003798851
2.5334475E+02, 0.481618259785359
2.5334905E+02, 0.481220102975529
2.5335335E+02, 0.480822085889467
2.5335852E+02, 0.480344830488983
2.5336368E+02, 0.479868665269454
2.5336884E+02, 0.479394123441290
2.5337401E+02, 0.478921812660679
2.5337917E+02, 0.478452404264866
2.5338434E+02, 0.477986121743138
2.5338950E+02, 0.477524010680395
2.5339466E+02, 0.477065678270556
2.5339983E+02, 0.476612843296108
2.5340499E+02, 0.476164213847821
2.5341015E+02, 0.475722448884270
2.5341532E+02, 0.475285722364978
2.5342048E+02, 0.474856031330051
2.5342564E+02, 0.474432831534894
2.5343081E+02, 0.474016457539958
2.5343597E+02, 0.473608258994956
2.5344113E+02, 0.473206622403590
2.5344630E+02, 0.472814395764576
2.5345146E+02, 0.472429755091281
2.5345662E+02, 0.472053301282610
2.5346179E+02, 0.471686772135106
2.5346695E+02, 0.471328166792666
2.5347211E+02, 0.470979227094906
2.5347728E+02, 0.470640221161979
2.5348244E+02, 0.470309757462331
2.5348760E+02, 0.469989598847993
2.5349380E+02, 0.469619004298109
2.5350000E+02, 0.469261503966043
2.5350619E+02, 0.468919808625487
2.5351239E+02, 0.475849894542535
2.5351859E+02, 0.475533764935764
2.5352478E+02, 0.475230556130835
2.5353098E+02, 0.474940579591826
2.5353717E+02, 0.474663584079764
2.5354337E+02, 0.474399210839474
2.5354957E+02, 0.474147204009592
2.5355576E+02, 0.473907952843955
2.5356196E+02, 0.473680579991451
2.5356815E+02, 0.473464728086351
2.5357435E+02, 0.473260029217265
2.5358055E+02, 0.473066472316781
2.5358674E+02, 0.472883748824384
2.5359294E+02, 0.472711059766892
2.5359914E+02, 0.472547977937812
2.5360533E+02, 0.472394070004298
2.5361153E+02, 0.472248898088594
2.5361772E+02, 0.472112236153701
2.5362392E+02, 0.471983846596040
2.5363012E+02, 0.471862861422361
2.5363631E+02, 0.471748837293934
2.5364251E+02, 0.471641339182902
2.5364870E+02, 0.471539942135491
2.5365490E+02, 0.471444233663214
2.5366110E+02, 0.471353816394194
2.5366729E+02, 0.471268309942007
2.5367349E+02, 0.471187352659900
2.5367969E+02, 0.471110797388303
2.5368588E+02, 0.471038230443987
2.5369208E+02, 0.470969224977903
2.5369827E+02, 0.470903507373573
2.5370447E+02, 0.470840829858950
2.5371067E+02, 0.476392348811437
2.5371686E+02, 0.476304598319107
2.5372306E+02, 0.476218134875149
2.5372925E+02, 0.476133084043547
2.5373545E+02, 0.476049593307461
2.5374165E+02, 0.475967765322460
2.5374784E+02, 0.475887754916305
2.5375404E+02, 0.475809719516724
2.5376024E+02, 0.475733823782346
2.5376643E+02, 0.475660243219433
2.5377263E+02, 0.475589166184199
2.5377882E+02, 0.475520794409525
2.5378502E+02, 0.475455342762004
2.5379122E+02, 0.475393038719028
2.5379741E+02, 0.475334121690218
2.5380361E+02, 0.475278842329914
2.5380980E+02, 0.475227461993181
2.5381600E+02, 0.475180252043892
2.5382220E+02, 0.475137421879838
2.5382839E+02, 0.475099254961175
2.5383459E+02, 0.475066120327218
2.5384079E+02, 0.475038326198347
2.5384698E+02, 0.475016186877134
2.5385318E+02, 0.475000021806530
2.5385937E+02, 0.474990154099884
2.5386557E+02, 0.474986909328050
2.5387177E+02, 0.474990614135609
2.5387796E+02, 0.475001594937042
2.5388416E+02, 0.475020176610890
2.5389036E+02, 0.475046681210291
2.5389655E+02, 0.475081426728719
2.5390275E+02, 0.475124726083651
2.5390894E+02, 0.476711157090864
2.5391514E+02, 0.476781909230356
2.5392134E+02, 0.476861990424275
2.5392753E+02, 0.476951614725616
2.5393373E+02, 0.477051033384595
2.5393992E+02, 0.477160487457068
2.5394612E+02, 0.477279883277400
2.5395232E+02, 0.477409500957384
2.5395851E+02, 0.477549459788176
2.5396471E+02, 0.477699853243308
2.5397091E+02, 0.477860750031603
2.5397710E+02, 0.478032194232783
2.5398330E+02, 0.478213843389831
2.5398949E+02, 0.478404976521857
2.5399569E+02, 0.478606299982435
2.5400189E+02, 0.478817750472790
2.5400808E+02, 0.479039246551735
2.5401428E+02, 0.479269542441968
2.5402047E+02, 0.479508092806854
2.5402564E+02, 0.479714050309928
2.5403081E+02, 0.479926362289984
2.5403597E+02, 0.480144947939132
2.5404114E+02, 0.480366856070531
2.5404631E+02, 0.480594359099059
2.5405147E+02, 0.480827570790059
2.5405664E+02, 0.481066402242202
2.5406180E+02, 0.481308328871836
2.5406697E+02, 0.481553933605583
2.5407214E+02, 0.481804621738917
2.5407730E+02, 0.482060315784581
2.5408247E+02, 0.482318002964310
2.5408764E+02, 0.482578531469329
2.5409280E+02, 0.482843677925507
2.5409797E+02, 0.483113405310786
2.5410314E+02, 0.483383188758774
2.5410830E+02, 0.480010787931367
2.5411347E+02, 0.480276184829763
2.5411863E+02, 0.480546216698551
2.5412380E+02, 0.480820443439944
2.5412897E+02, 0.481098536367002
2.5413413E+02, 0.481379998010069
2.5413930E+02, 0.481664881654727
2.5414447E+02, 0.481953244275643
2.5414963E+02, 0.482244937744633
2.5415480E+02, 0.482539689075312
2.5415996E+02, 0.482837879838553
2.5416513E+02, 0.483139573126595
2.5417030E+02, 0.483444229013608
2.5417546E+02, 0.483752421308091
2.5418063E+02, 0.484064306750871
2.5418580E+02, 0.484379511039415
2.5419096E+02, 0.484698376241952
2.5419613E+02, 0.485021259637750
2.5420044E+02, 0.485293909028384
2.5420476E+02, 0.485569229208826
2.5420908E+02, 0.485847622833812
2.5421339E+02, 0.486129178394848
2.5421771E+02, 0.486413447439024
2.5422203E+02, 0.486700956374740
2.5422634E+02, 0.486991866037837
2.5423066E+02, 0.487286041326420
2.5423497E+02, 0.487583471399647
2.5423929E+02, 0.487884551363271
2.5424361E+02, 0.488189328890511
2.5424792E+02, 0.488497535729921
2.5425224E+02, 0.488809637546771
2.5425655E+02, 0.489125709745863
2.5426087E+02, 0.489445613878334
2.5426519E+02, 0.489769623765878
2.5426950E+02, 0.490097834506079
2.5427382E+02, 0.490430327979058
2.5427813E+02, 0.490767198385500
2.5428245E+02, 0.491108503238323
2.5428677E+02, 0.491454621393993
2.5429108E+02, 0.491805429138021
2.5429540E+02, 0.492160921863071
2.5429971E+02, 0.492522016738766
2.5430403E+02, 0.492888042641843
2.5430835E+02, 0.490765294149818
2.5431266E+02, 0.491117131747253
2.5431698E+02, 0.491470729586150
2.5432129E+02, 0.491826827981668
2.5432561E+02, 0.492185556750588
2.5432993E+02, 0.492545639338545
2.5433424E+02, 0.492908343192296
2.5433856E+02, 0.493273278359126
2.5434288E+02, 0.493639751324748
2.5434719E+02, 0.494008941687029
2.5435151E+02, 0.494379919565796
2.5435582E+02, 0.494752971042829
2.5436014E+02, 0.495128987480596
2.5436446E+02, 0.495506344473569
2.5436877E+02, 0.495886698094307
2.5437309E+02, 0.496269890895790
2.5437740E+02, 0.496655156787661
2.5438172E+02, 0.497044185374516
2.5438604E+02, 0.497435818379070
2.5439035E+02, 0.497831082179464
2.5439467E+02, 0.498230602905902
2.5439898E+02, 0.498633357449832
2.5440330E+02, 0.499041396201107
2.5440762E+02, 0.499450071219246
2.5441193E+02, 0.499861578154580
2.5441625E+02, 0.500270473397244
2.5442056E+02, 0.500659656479218
2.5442488E+02, 0.501048571368362
2.5442920E+02, 0.501440533307923
2.5443351E+02, 0.501834034459780
2.5443783E+02, 0.502228586127415
2.5444215E+02, 0.502627812643503
2.5444646E+02, 0.503027842362540
2.5445078E+02, 0.503432213662396
2.5445509E+02, 0.503839681961985
2.5445941E+02, 0.504249734603072
2.5446373E+02, 0.504665879456284
2.5446804E+02, 0.505084111262404
2.5447236E+02, 0.505509071934242
2.5447667E+02, 0.505937765907769
2.5448099E+02, 0.506371954048131
2.5448531E+02, 0.506812312141918
2.5448962E+02, 0.507257212414414
2.5449394E+02, 0.507710376631716
2.5449825E+02, 0.508167478725507
2.5450180E+02, 0.508550871460321
2.5450535E+02, 0.508639326634969
2.5450889E+02, 0.509031189946409
2.5451244E+02, 0.509426992803921
2.5451599E+02, 0.509826727456383
2.5451953E+02, 0.510230424028786
2.5452308E+02, 0.510638757783746
2.5452662E+02, 0.511051146843843
2.5453017E+02, 0.511468422022264
2.5453372E+02, 0.511890240200523
2.5453726E+02, 0.512316804877716
2.5454081E+02, 0.512748599168462
2.5454436E+02, 0.513184920505696
2.5454790E+02, 0.513627163053892
2.5455145E+02, 0.514074022240434
2.5455499E+02, 0.514526768474368
2.5455854E+02, 0.514984570275488
2.5456209E+02, 0.515448122579060
2.5456563E+02, 0.515917137369488
2.5456918E+02, 0.516391779384227
2.5457273E+02, 0.516872183247292
2.5457627E+02, 0.517358120297714
2.5457982E+02, 0.517849992341104
2.5458336E+02, 0.518347340142121
2.5458691E+02, 0.518850661966686
2.5459046E+02, 0.519359439535444
2.5459400E+02, 0.519874097245245
2.5459755E+02, 0.520394224849827
2.5460110E+02, 0.520920014385418
2.5460464E+02, 0.521451316794893
2.5460819E+02, 0.521987952668835
2.5461173E+02, 0.522530167973589
2.5461528E+02, 0.523077295516796
2.5461883E+02, 0.523630088945926
2.5462237E+02, 0.524187338589314
2.5462592E+02, 0.524750282090868
2.5462947E+02, 0.525317554800837
2.5463301E+02, 0.525889881776063
2.5463656E+02, 0.526466745800569
2.5464010E+02, 0.527047998378321
2.5464365E+02, 0.527634025286978
2.5464720E+02, 0.528223898451863
2.5465074E+02, 0.528818552421918
2.5465429E+02, 0.529417035933032
2.5465784E+02, 0.530019573594536
2.5466138E+02, 0.530626344844479
2.5466493E+02, 0.531236622535966
2.5466847E+02, 0.531851269550479
2.5467202E+02, 0.532469520970343
2.5467557E+02, 0.533091416467747
2.5467911E+02, 0.533717521755294
2.5468266E+02, 0.534347029815796
2.5468621E+02, 0.534980494892662
2.5468975E+02, 0.535617866995237
2.5469330E+02, 0.536258702370430
2.5469684E+02, 0.536903807715586
2.5470039E+02, 0.537552692238118
2.5470394E+02, 0.535192301674063
2.5470748E+02, 0.535847777879939
2.5471103E+02, 0.536506447118239
2.5471458E+02, 0.537168287457977
2.5471812E+02, 0.537833214620676
2.5472167E+02, 0.538501420045455
2.5472521E+02, 0.539172935605308
2.5472876E+02, 0.539847752670329
2.5473231E+02, 0.540526067068200
2.5473585E+02, 0.541207942716777
2.5473940E+02, 0.541893424664256
2.5474295E+02, 0.542582681629370
2.5474649E+02, 0.543275794987426
2.5475004E+02, 0.543972836078065
2.5475358E+02, 0.544673935774188
2.5475713E+02, 0.545379177987634
2.5476068E+02, 0.546088628681552
2.5476422E+02, 0.546802375033040
2.5476777E+02, 0.547520490649855
2.5477132E+02, 0.548243020384318
2.5477486E+02, 0.548969985022119
2.5477841E+02, 0.549701436218047
2.5478195E+02, 0.550437389543522
2.5478550E+02, 0.551177841838350
2.5478905E+02, 0.551922717953461
2.5479259E+02, 0.552672052324276
2.5479614E+02, 0.553425802720959
2.5479969E+02, 0.554183915951579
2.5480323E+02, 0.554946200971206
2.5480678E+02, 0.555712701179301
2.5481032E+02, 0.556483334708844
2.5481387E+02, 0.557258014480429
2.5481742E+02, 0.558036517429199
2.5482096E+02, 0.558818809091238
2.5482451E+02, 0.559604860142553
2.5482806E+02, 0.560394583732045
2.5483160E+02, 0.561187898961551
2.5483515E+02, 0.561984476718751
2.5483869E+02, 0.562784502233753
2.5484224E+02, 0.563587927399569
2.5484579E+02, 0.564394715978157
2.5484933E+02, 0.565204845325079
2.5485288E+02, 0.566018035510132
2.5485643E+02, 0.566834533273773
2.5485997E+02, 0.567654379953167
2.5486352E+02, 0.568477600053633
2.5486706E+02, 0.569304224227711
2.5487061E+02, 0.570134177805246
2.5487416E+02, 0.570967373579678
2.5487770E+02, 0.571804046462488
2.5488125E+02, 0.572644200553296
2.5488480E+02, 0.573487820179404
2.5488834E+02, 0.574334863986950
2.5489189E+02, 0.575185242106656
2.5489543E+02, 0.576038463224021
2.5489898E+02, 0.576894723554214
2.5490253E+02, 0.577753814532597
2.5490607E+02, 0.577713415602399
2.5490962E+02, 0.578550239573296
2.5491316E+02, 0.579390709799025
2.5491671E+02, 0.580234810099731
2.5492026E+02, 0.581081837667624
2.5492380E+02, 0.581932247880708
2.5492735E+02, 0.582786156441221
2.5493090E+02, 0.583643348747041
2.5493444E+02, 0.584503560470363
2.5493799E+02, 0.585366488976812
2.5494153E+02, 0.586231806807960
2.5494508E+02, 0.587098671304669
2.5494863E+02, 0.587967102264866
2.5495217E+02, 0.588836979322025
2.5495572E+02, 0.589708034130292
2.5495927E+02, 0.590580065248120
2.5496281E+02, 0.591452955856883
2.5496636E+02, 0.592326688956817
2.5496990E+02, 0.593201360227334
2.5497345E+02, 0.594076527465781
2.5497700E+02, 0.594953199653380
2.5498054E+02, 0.595831884238795
2.5498409E+02, 0.596713208492270
2.5498764E+02, 0.597597938552035
2.5499118E+02, 0.598486971427609
2.5499473E+02, 0.599378279653220
2.5499827E+02, 0.600259027958435
2.5500182E+02, 0.601088560087682
2.5500537E+02, 0.601919095740883
2.5500891E+02, 0.602750783357621
2.5501246E+02, 0.603583583899466
2.5501601E+02, 0.604417447614975
2.5501955E+02, 0.605252301413705
2.5502310E+02, 0.606087481386800
2.5502664E+02, 0.606923133167759
2.5503019E+02, 0.607759345170996
2.5503374E+02, 0.608595942179188
2.5503728E+02, 0.609432733681658
2.5504083E+02, 0.610269522015438
2.5504438E+02, 0.611105546837560
2.5504792E+02, 0.611940796355237
2.5505147E+02, 0.612775485192208
2.5505501E+02, 0.613609467484951
2.5505856E+02, 0.614442619999826
2.5506211E+02, 0.615274844896180
2.5506565E+02, 0.616105472814995
2.5506920E+02, 0.616934643842173
2.5507275E+02, 0.617762759219677
2.5507629E+02, 0.618589816607919
2.5507984E+02, 0.619415830044268
2.5508338E+02, 0.620240826417368
2.5508693E+02, 0.621064001299199
2.5509048E+02, 0.621886053677200
2.5509402E+02, 0.622707229801003
2.5509757E+02, 0.623527569875749
2.5510112E+02, 0.624347109332351
2.5510466E+02, 0.627778873157244
2.5510821E+02, 0.628596144477788
2.5511175E+02, 0.629414379730601
2.5511530E+02, 0.630233195300473
2.5511885E+02, 0.631051791095832
2.5512239E+02, 0.631870145631825
2.5512594E+02, 0.632687958705909
2.5512949E+02, 0.633504901595854
2.5513303E+02, 0.634320679766963
2.5513658E+02, 0.635134837023990
2.5514012E+02, 0.635947093345459
2.5514367E+02, 0.636757567183366
2.5514722E+02, 0.637566123207820
2.5515076E+02, 0.638372663554653
2.5515431E+02, 0.639177042230540
2.5515786E+02, 0.639978975315934
2.5516140E+02, 0.640778865216103
2.5516495E+02, 0.641576744038552
2.5516849E+02, 0.642372666798401
2.5517204E+02, 0.643166622569249
2.5517559E+02, 0.643958550684390
2.5517913E+02, 0.644748876869249
2.5518268E+02, 0.645537721938771
2.5518623E+02, 0.646325215872609
2.5518977E+02, 0.647111374934318
2.5519332E+02, 0.647896398594371
2.5519686E+02, 0.648680582724659
2.5520041E+02, 0.649464074351504
2.5520396E+02, 0.650247020059709
2.5520750E+02, 0.651029465865422
2.5521105E+02, 0.651811707587597
2.5521460E+02, 0.652593893121289
2.5521814E+02, 0.653376136869391
2.5522169E+02, 0.654158530881284
2.5522523E+02, 0.654941191558753
2.5522878E+02, 0.655724223543138
2.5523233E+02, 0.656507660048709
2.5523587E+02, 0.657291508658039
2.5523942E+02, 0.658075795069562
2.5524297E+02, 0.658860496902902
2.5524651E+02, 0.659645519722035
2.5525006E+02, 0.660430753630522
2.5525360E+02, 0.661216063964814
2.5525715E+02, 0.662001407830416
2.5526070E+02, 0.662786527131297
2.5526424E+02, 0.663571220448287
2.5526779E+02, 0.664355275072994
2.5527134E+02, 0.665138520596778
2.5527488E+02, 0.665920799737451
2.5527843E+02, 0.666701840448125
2.5528197E+02, 0.667481450055677
2.5528552E+02, 0.668259456343994
2.5528907E+02, 0.669035851311205
2.5529261E+02, 0.669810479890894
2.5529616E+02, 0.670583258331498
2.5529971E+02, 0.671354165107226
2.5530325E+02, 0.672123321654341
2.5530680E+02, 0.674381257484289
2.5531034E+02, 0.675169814076592
2.5531389E+02, 0.675956553591775
2.5531744E+02, 0.676741420377298
2.5532098E+02, 0.677524322971308
2.5532453E+02, 0.678305250207726
2.5532808E+02, 0.679084203004902
2.5533162E+02, 0.679861394562316
2.5533517E+02, 0.680637119940363
2.5533871E+02, 0.681411696485279
2.5534226E+02, 0.682185491395191
2.5534581E+02, 0.682958974178352
2.5534935E+02, 0.683732659647980
2.5535290E+02, 0.684506996395341
2.5535585E+02, 0.685152631998485
2.5535881E+02, 0.685799418279519
2.5536176E+02, 0.686447302798106
2.5536471E+02, 0.687096478574448
2.5536766E+02, 0.687747186826570
2.5537062E+02, 0.688399058289365
2.5537357E+02, 0.689052158250934
2.5537652E+02, 0.689706253971613
2.5537948E+02, 0.690360584413958
2.5538243E+02, 0.691014851413888
2.5538538E+02, 0.691668152708537
2.5538834E+02, 0.692319305720386
2.5539129E+02, 0.692967306704610
2.5539424E+02, 0.693610591276147
2.5539720E+02, 0.694247638225973
2.5540015E+02, 0.694876188994074
2.5540310E+02, 0.695494707816433
2.5540606E+02, 0.696100954390195
2.5540901E+02, 0.696691982907399
2.5541196E+02, 0.697267295792763
2.5541491E+02, 0.697821747665989
2.5541787E+02, 0.698356715986183
2.5542082E+02, 0.698867235318532
2.5542377E+02, 0.699366176692197
2.5542673E+02, 0.699871434993349
2.5542968E+02, 0.700415613998440
2.5543263E+02, 0.701121317187480
2.5543559E+02, 0.701826241780563
2.5543854E+02, 0.702533829076683
2.5544149E+02, 0.703243105512134
2.5544445E+02, 0.703948380766352
2.5544740E+02, 0.704653155925755
2.5545035E+02, 0.705356134481491
2.5545331E+02, 0.706054066162612
2.5545626E+02, 0.706747250353242
2.5545921E+02, 0.707436131586349
2.5546216E+02, 0.708119007362096
2.5546512E+02, 0.708795325993443
2.5546807E+02, 0.709466131700559
2.5547102E+02, 0.710130967434913
2.5547398E+02, 0.710790298137684
2.5547693E+02, 0.711444935040601
2.5547988E+02, 0.712095628832599
2.5548284E+02, 0.712743705971822
2.5548579E+02, 0.713389418930481
2.5548874E+02, 0.714034805702471
2.5549170E+02, 0.714680834081771
2.5549465E+02, 0.715327504073256
2.5549760E+02, 0.715978010222117
2.5550056E+02, 0.716631981081612
2.5550351E+02, 0.718096463429116
2.5550646E+02, 0.718771964292667
2.5550941E+02, 0.719449500670909
2.5551237E+02, 0.720129670855224
2.5551532E+02, 0.720813049622817
2.5551827E+02, 0.721499368604416
2.5552123E+02, 0.722188951822115
2.5552418E+02, 0.722882536820486
2.5552713E+02, 0.723579498444199
2.5553009E+02, 0.724279840934208
2.5553304E+02, 0.724984304601004
2.5553599E+02, 0.725692155811088
2.5553895E+02, 0.726403135273964
2.5554190E+02, 0.727117460947262
2.5554485E+02, 0.727835072643399
2.5554780E+02, 0.728555262142193
2.5555076E+02, 0.729277814301113
2.5555371E+02, 0.730003332688908
2.5555666E+02, 0.730730984651124
2.5555962E+02, 0.731460492889760
2.5556257E+02, 0.732191903156257
2.5556552E+02, 0.732925723735100
2.5556848E+02, 0.733661163663216
2.5557143E+02, 0.734398191863913
2.5557438E+02, 0.735137214537190
2.5557734E+02, 0.735878482572923
2.5558029E+02, 0.736621505671760
2.5558324E+02, 0.737366365720830
2.5558620E+02, 0.738113681828078
2.5558915E+02, 0.738863557621729
2.5559210E+02, 0.739615649179546
2.5559505E+02, 0.740370068911621
2.5559801E+02, 0.741127394540363
2.5560096E+02, 0.741887755394185
2.5560391E+02, 0.742650757738009
2.5560687E+02, 0.743416461965958
2.5560982E+02, 0.744185140206278
2.5561277E+02, 0.744957193729634
2.5561573E+02, 0.745732001085223
2.5561868E+02, 0.746509530754028
2.5562163E+02, 0.747289729995312
2.5562459E+02, 0.748073080834276
2.5562754E+02, 0.748859042268478
2.5563049E+02, 0.749647373218921
2.5563345E+02, 0.750437948316681
2.5563640E+02, 0.751230679941305
2.5563935E+02, 0.752025820342839
2.5564230E+02, 0.752822747475790
2.5564526E+02, 0.753621303534681
2.5564821E+02, 0.754421358731766
2.5565116E+02, 0.755222834809524
2.5565412E+02, 0.756025833811851
2.5565707E+02, 0.756829960176829
2.5566002E+02, 0.757635116450513
2.5566298E+02, 0.758441217631092
2.5566593E+02, 0.759248197121636
2.5566888E+02, 0.760056161510826
2.5567184E+02, 0.760864906346934
2.5567479E+02, 0.761674413903248
2.5567774E+02, 0.762484683209916
2.5568070E+02, 0.763295730564872
2.5568365E+02, 0.764107623373126
2.5568660E+02, 0.764920394764468
2.5568955E+02, 0.765734102057878
2.5569251E+02, 0.766548823067932
2.5569546E+02, 0.767364644881710
2.5569841E+02, 0.768181633063146
2.5570137E+02, 0.768999880693055
2.5570432E+02, 0.767227088339260
2.5570727E+02, 0.768061458065821
2.5571023E+02, 0.768897839276489
2.5571318E+02, 0.769736152355754
2.5571613E+02, 0.770576303513411
2.5571909E+02, 0.771418201055020
2.5572204E+02, 0.772261753398819
2.5572499E+02, 0.773107060543460
2.5572795E+02, 0.773953763400700
2.5573090E+02, 0.774801752683687
2.5573385E+02, 0.775650924649992
2.5573680E+02, 0.776501174842060
2.5573976E+02, 0.777352399502209
2.5574271E+02, 0.778204463068566
2.5574566E+02, 0.779057188289966
2.5574862E+02, 0.779910497521367
2.5575157E+02, 0.780764310521783
2.5575452E+02, 0.781618559532136
2.5575748E+02, 0.782473193714433
2.5576043E+02, 0.783328185237116
2.5576338E+02, 0.784183298134448
2.5576634E+02, 0.785038541083570
2.5576929E+02, 0.785894187367463
2.5577224E+02, 0.786750379493748
2.5577519E+02, 0.787607321524010
2.5577815E+02, 0.788465286684046
2.5578110E+02, 0.789324624380703
2.5578405E+02, 0.790185408959661
2.5578701E+02, 0.791048235858842
2.5578996E+02, 0.791914016347611
2.5579291E+02, 0.792783475751389
2.5579587E+02, 0.793657429463252
2.5579882E+02, 0.794536781019339
2.5580177E+02, 0.795422519878838
2.5580473E+02, 0.796315716508206
2.5580768E+02, 0.797217345609038
2.5581063E+02, 0.798128699707875
2.5581359E+02, 0.799051214290721
2.5581654E+02, 0.799953925865932
2.5581949E+02, 0.800791888971102
2.5582244E+02, 0.801600316829963
2.5582540E+02, 0.802415276499261
2.5582835E+02, 0.803237440862760
2.5583130E+02, 0.804067432616857
2.5583426E+02, 0.804904561955468
2.5583721E+02, 0.805748716922112
2.5584016E+02, 0.806599579567803
2.5584371E+02, 0.807628761245601
2.5584725E+02, 0.808665610786317
2.5585079E+02, 0.809708833093406
2.5585434E+02, 0.810757114382363
2.5585788E+02, 0.811809168019719
2.5586143E+02, 0.812863797458420
2.5586497E+02, 0.813919944855829
2.5586851E+02, 0.814976717594506
2.5587206E+02, 0.816033396820932
2.5587560E+02, 0.817089435525973
2.5587914E+02, 0.818144451501273
2.5588269E+02, 0.819198218554473
2.5588623E+02, 0.820250658415337
2.5588978E+02, 0.821301765730734
2.5589332E+02, 0.822351758610390
2.5589686E+02, 0.823401001943380
2.5590041E+02, 0.824449903716809
2.5590395E+02, 0.823365194075489
2.5590749E+02, 0.824445450906269
2.5591104E+02, 0.825525030217025
2.5591458E+02, 0.826603810530760
2.5591813E+02, 0.827681729144939
2.5592167E+02, 0.828758800564510
2.5592521E+02, 0.829835115973353
2.5592876E+02, 0.830910836691316
2.5593230E+02, 0.831986180593734
2.5593584E+02, 0.833061405238245
2.5593939E+02, 0.834136790854610
2.5594293E+02, 0.835212624491233
2.5594648E+02, 0.836289167132366
2.5595002E+02, 0.837366581443830
2.5595356E+02, 0.838445183769606
2.5595711E+02, 0.839525126936081
2.5596065E+02, 0.840606500186207
2.5596419E+02, 0.841689333239513
2.5596774E+02, 0.842773656092826
2.5597128E+02, 0.843860088446963
2.5597483E+02, 0.844948501067555
2.5597837E+02, 0.846038423059079
2.5598191E+02, 0.847129654968260
2.5598546E+02, 0.848222001535946
2.5598900E+02, 0.849315212718402
2.5599254E+02, 0.850409006635167
2.5599609E+02, 0.851503148277166
2.5599963E+02, 0.852597176250672
2.5600318E+02, 0.853690699981457
2.5600672E+02, 0.854783408125695
2.5601026E+02, 0.855875130000662
2.5601381E+02, 0.856965699151747
2.5601735E+02, 0.858054985326912
2.5602089E+02, 0.859142930142039
2.5602444E+02, 0.860229538376367
2.5602798E+02, 0.861314823033730
2.5603153E+02, 0.862398849781736
2.5603507E+02, 0.863481916690874
2.5603861E+02, 0.864564273233910
2.5604216E+02, 0.865646229980323
2.5604570E+02, 0.866728154899257
2.5604924E+02, 0.867810463535867
2.5605279E+02, 0.868893600877273
2.5605633E+02, 0.869978011353163
2.5605988E+02, 0.871064091463838
2.5606342E+02, 0.872152140123502
2.5606696E+02, 0.873242379522689
2.5607051E+02, 0.874334946613930
2.5607405E+02, 0.875430023301690
2.5607759E+02, 0.876527829024105
2.5608114E+02, 0.877628365690334
2.5608468E+02, 0.878731515485981
2.5608823E+02, 0.879837037685991
2.5609177E+02, 0.880944571078871
2.5609531E+02, 0.882053606735509
2.5609886E+02, 0.883163467384418
2.5610240E+02, 0.884273321390811
2.5610594E+02, 0.883701912869940
2.5610949E+02, 0.884783960740424
2.5611303E+02, 0.885870427401270
2.5611658E+02, 0.886961370160415
2.5612012E+02, 0.888056835743643
2.5612366E+02, 0.889156775398028
2.5612721E+02, 0.890261000042820
2.5613075E+02, 0.891369059874632
2.5613429E+02, 0.892480562974958
2.5613784E+02, 0.893595094590821
2.5614138E+02, 0.894712241572000
2.5614492E+02, 0.895831764232711
2.5614847E+02, 0.896953726703528
2.5615201E+02, 0.898078639189986
2.5615556E+02, 0.899207605770517
2.5615910E+02, 0.900342402696380
2.5616264E+02, 0.901478880362344
2.5616619E+02, 0.902614577768920
2.5616973E+02, 0.903750159747059
2.5617327E+02, 0.904886539824520
2.5617682E+02, 0.906024780884672
2.5618036E+02, 0.907165999512310
2.5618391E+02, 0.908311308384777
2.5618745E+02, 0.909462122700199
2.5619099E+02, 0.910618696557210
2.5619454E+02, 0.911781569820865
2.5619808E+02, 0.912951030723881
2.5620162E+02, 0.914127106414227
2.5620517E+02, 0.915309582088521
2.5620871E+02, 0.916498291578389
2.5621226E+02, 0.917692190653582
2.5621580E+02, 0.918890537034220
2.5621934E+02, 0.920092536253060
2.5622289E+02, 0.921297403472468
2.5622643E+02, 0.922504513269284
2.5622997E+02, 0.923713083564161
2.5623352E+02, 0.924922668492803
2.5623706E+02, 0.926132999786358
2.5624061E+02, 0.927343996302285
2.5624415E+02, 0.928555743699079
2.5624769E+02, 0.929768399036472
2.5625124E+02, 0.930982317675761
2.5625478E+02, 0.932197942370608
2.5625832E+02, 0.933415779148797
2.5626187E+02, 0.934636273248260
2.5626541E+02, 0.935859852940555
2.5626896E+02, 0.937086914576888
2.5627250E+02, 0.938317758716830
2.5627604E+02, 0.939552446883750
2.5627959E+02, 0.940791001418613
2.5628313E+02, 0.942033310293424
2.5628667E+02, 0.943279122584969
2.5629022E+02, 0.944527758683144
2.5629376E+02, 0.945778800017697
2.5629731E+02, 0.947031702639777
2.5630085E+02, 0.948285836018598
2.5630439E+02, 0.946537080914460
2.5630794E+02, 0.947772691093182
2.5631148E+02, 0.949008622937243
2.5631502E+02, 0.950244775442915
2.5631857E+02, 0.951480674081831
2.5632211E+02, 0.952716481890116
2.5632566E+02, 0.953952371142421
2.5632920E+02, 0.955188350114622
2.5633274E+02, 0.956424152693428
2.5633629E+02, 0.957659686486122
2.5633983E+02, 0.958895289742744
2.5634337E+02, 0.960130955594184
2.5634692E+02, 0.961366527600353
2.5635046E+02, 0.962601513444796
2.5635401E+02, 0.963836328528490
2.5635755E+02, 0.965070858986469
2.5636109E+02, 0.966304964897898
2.5636464E+02, 0.967537803903445
2.5636818E+02, 0.968769760237874
2.5637172E+02, 0.970000711313027
2.5637527E+02, 0.971230494764470
2.5637881E+02, 0.972458519526067
2.5638236E+02, 0.973684783213978
2.5638590E+02, 0.974909547097479
2.5638944E+02, 0.976132835104759
2.5639299E+02, 0.977354644785171
2.5639653E+02, 0.978574588203829
2.5640007E+02, 0.979793543525865
2.5640362E+02, 0.981011821214490
2.5640716E+02, 0.982229775117696
2.5641071E+02, 0.983447435382421
2.5641425E+02, 0.984665232431002
2.5641779E+02, 0.985883740762205
2.5642134E+02, 0.987103132318030
2.5642488E+02, 0.988323393995250
2.5642842E+02, 0.989543815505249
2.5643197E+02, 0.990764197361248
2.5643551E+02, 0.991983506468128
2.5643906E+02, 0.993200216608216
2.5644260E+02, 0.994412102346073
2.5644614E+02, 0.995616334326519
2.5644969E+02, 0.996809961216646
2.5645323E+02, 0.997989369795301
2.5645677E+02, 0.999150668444767
2.5646032E+02, 1.00032930914377
2.5646386E+02, 1.00160752611224
2.5646741E+02, 1.00288298676375
2.5647095E+02, 1.00415305569664
2.5647449E+02, 1.00541509431314
2.5647804E+02, 1.00666723312495
2.5648158E+02, 1.00791147175628
2.5648512E+02, 1.00914789635228
2.5648867E+02, 1.01037665876083
2.5649221E+02, 1.01159754922234
2.5649576E+02, 1.01281324959379
2.5649930E+02, 1.01402489445783
2.5650284E+02, 1.01523369670092
2.5650639E+02, 1.01250635929708
2.5650993E+02, 1.01373728799708
2.5651347E+02, 1.01496990017965
2.5651702E+02, 1.01620399123780
2.5652056E+02, 1.01743918117104
2.5652411E+02, 1.01867523589020
2.5652765E+02, 1.01991242045361
2.5653119E+02, 1.02115073275472
2.5653474E+02, 1.02239006499350
2.5653828E+02, 1.02363004824245
2.5654182E+02, 1.02487119483984
2.5654537E+02, 1.02611355715560
2.5654891E+02, 1.02735714803330
2.5655245E+02, 1.02860141646504
2.5655600E+02, 1.02984698618547
2.5655954E+02, 1.03109390100539
2.5656309E+02, 1.03234220255293
2.5656663E+02, 1.03359124716383
2.5657017E+02, 1.03484169713167
2.5657372E+02, 1.03609360317388
2.5657726E+02, 1.03734701222912
2.5658080E+02, 1.03860128544033
2.5658435E+02, 1.03985712123709
2.5658789E+02, 1.04111458490431
2.5659144E+02, 1.04237367574219
2.5659498E+02, 1.04363388402119
2.5659852E+02, 1.04489586085504
2.5660207E+02, 1.04615966654964
2.5660561E+02, 1.04742515240733
2.5660915E+02, 1.04869201427301
2.5661270E+02, 1.04996074981095
2.5661624E+02, 1.05123135876143
2.5661979E+02, 1.05250340331381
2.5662333E+02, 1.05377685944517
2.5662687E+02, 1.05505194462599
2.5663042E+02, 1.05632853766693
2.5663396E+02, 1.05760577100418
2.5663750E+02, 1.05888402542133
2.5664105E+02, 1.06016314862791
2.5664459E+02, 1.06144265524515
2.5664814E+02, 1.06272195950804
2.5665168E+02, 1.06400131501040
2.5665522E+02, 1.06528048269309
2.5665877E+02, 1.06655866802530
2.5666231E+02, 1.06783601536067
2.5666585E+02, 1.06911262147572
2.5666940E+02, 1.07038836782312
2.5667294E+02, 1.07166272904001
2.5667649E+02, 1.07293648056282
2.5668003E+02, 1.07420987050165
2.5668357E+02, 1.07548296782348
2.5668712E+02, 1.07675615119526
2.5669066E+02, 1.07803024155982
2.5669420E+02, 1.07930577036533
2.5669775E+02, 1.08058294573011
2.5670129E+02, 1.08186245460610
2.5670484E+02, 1.08159854338894
2.5670838E+02, 1.08288204907359
2.5671192E+02, 1.08416536515829
2.5671547E+02, 1.08544807291579
2.5671901E+02, 1.08672949197495
2.5672255E+02, 1.08801003160445
2.5672610E+02, 1.08928908849011
2.5672964E+02, 1.09056488741297
2.5673319E+02, 1.09183675410164
2.5673673E+02, 1.09310360557524
2.5674027E+02, 1.09436384348137
2.5674382E+02, 1.09561434431672
2.5674736E+02, 1.09685471239702
2.5675090E+02, 1.09808346959297
2.5675445E+02, 1.09929960734248
2.5675799E+02, 1.10056041424543
2.5676154E+02, 1.10189159166062
2.5676508E+02, 1.10321239858288
2.5676862E+02, 1.10452173796811
2.5677217E+02, 1.10582046638369
2.5677571E+02, 1.10711018257511
2.5677925E+02, 1.10839190411859
2.5678280E+02, 1.10966626140270
2.5678634E+02, 1.11093510342691
2.5678989E+02, 1.11219948258639
2.5679343E+02, 1.11346016211553
2.5679697E+02, 1.11471785468172
2.5680052E+02, 1.11597339586032
2.5680406E+02, 1.11722720707652
2.5680760E+02, 1.11847942703584
2.5681115E+02, 1.11973023429298
2.5681469E+02, 1.12097980800133
2.5681824E+02, 1.12222814641961
2.5682178E+02, 1.12347513774534
2.5682532E+02, 1.12472060649565
2.5682887E+02, 1.12596438691114
2.5683241E+02, 1.12720621827479
2.5683595E+02, 1.12844573285946
2.5683950E+02, 1.12968251875093
2.5684304E+02, 1.13091629497336
2.5684659E+02, 1.13214675529559
2.5685013E+02, 1.13337374213597
2.5685367E+02, 1.13459715613810
2.5685722E+02, 1.13581706926696
2.5686076E+02, 1.13703353927147
2.5686430E+02, 1.13824665527195
2.5686785E+02, 1.13945653724197
2.5687139E+02, 1.14066344977314
2.5687494E+02, 1.14186751303464
2.5687848E+02, 1.14306895324799
2.5688202E+02, 1.14426793486275
2.5688557E+02, 1.14546462599327
2.5688911E+02, 1.14665906372836
2.5689265E+02, 1.14785111353186
2.5689620E+02, 1.14904061026701
2.5689974E+02, 1.15022736411581
2.5690329E+02, 1.15141118405300
2.5690683E+02, 1.15437683464564
2.5691037E+02, 1.15553432529705
2.5691392E+02, 1.15669039898781
2.5691746E+02, 1.15784480031428
2.5692100E+02, 1.15899731266865
2.5692455E+02, 1.16014768288157
2.5692809E+02, 1.16129563444342
2.5693164E+02, 1.16244088389778
2.5693518E+02, 1.16358314958809
2.5693872E+02, 1.16472223082417
2.5694227E+02, 1.16585792678987
2.5694581E+02, 1.16699007608558
2.5694935E+02, 1.16811854261680
2.5695290E+02, 1.16924321022145
2.5695644E+02, 1.17036398885665
2.5695998E+02, 1.17148076560991
2.5696353E+02, 1.17259350540938
2.5696707E+02, 1.17370218388871
2.5697062E+02, 1.17480680793221
2.5697416E+02, 1.17590746016169
2.5697770E+02, 1.17700423354268
2.5698125E+02, 1.17809724357145
2.5698479E+02, 1.17918664300601
2.5698833E+02, 1.18027260258764
2.5699188E+02, 1.18135534089050
2.5699542E+02, 1.18243515834318
2.5699897E+02, 1.18351236921674
2.5700251E+02, 1.18458728834000
2.5700605E+02, 1.18566030230662
2.5700960E+02, 1.18673180345980
2.5701314E+02, 1.18780222826408
2.5701668E+02, 1.18887204975512
2.5702023E+02, 1.18994177794112
2.5702377E+02, 1.19101199904120
2.5702732E+02, 1.19208335479605
2.5703086E+02, 1.19315655358232
2.5703440E+02, 1.19423238757760
2.5703795E+02, 1.19531176477851
2.5704149E+02, 1.19639574048477
2.5704503E+02, 1.19748608505600
2.5704858E+02, 1.19858390223517
2.5705212E+02, 1.19967598239611
2.5705567E+02, 1.20070863980012
2.5705921E+02, 1.20169033647058
2.5706275E+02, 1.20267420076528
2.5706630E+02, 1.20366078328223
2.5706984E+02, 1.20465033871013
2.5707338E+02, 1.20564315302494
2.5707693E+02, 1.20663944089969
2.5708047E+02, 1.20763984676283
2.5708402E+02, 1.20864480286104
2.5708756E+02, 1.20965453709869
2.5709110E+02, 1.21066872752570
2.5709465E+02, 1.21168674545818
2.5709819E+02, 1.21270787548175
2.5710173E+02, 1.21373130869946
2.5710528E+02, 1.21650357537440
2.5710882E+02, 1.21759146551591
2.5711237E+02, 1.21867557300799
2.5711591E+02, 1.21975515112684
2.5711945E+02, 1.22082963548592
2.5712300E+02, 1.22189866544902
2.5712654E+02, 1.22296204891656
2.5713008E+02, 1.22401977534529
2.5713363E+02, 1.22507203610573
2.5713717E+02, 1.22611921086618
2.5714072E+02, 1.22716183492662
2.5714426E+02, 1.22820048868237
2.5714780E+02, 1.22923577848105
2.5715135E+02, 1.23026833771423
2.5715489E+02, 1.23129881540571
2.5715843E+02, 1.23232787678537
2.5716198E+02, 1.23335615141329
2.5716552E+02, 1.23438426517249
2.5716907E+02, 1.23541267710780
2.5717261E+02, 1.23644183885729
2.5717615E+02, 1.23747210256056
2.5717970E+02, 1.23850377471605
2.5718324E+02, 1.23953704018616
2.5718678E+02, 1.24057199134516
2.5719033E+02, 1.24160864248970
2.5719387E+02, 1.24264694077508
2.5719742E+02, 1.24368677080206
2.5720096E+02, 1.24472796886827
2.5720450E+02, 1.24577034577748
2.5720805E+02, 1.24681369257734
2.5721159E+02, 1.24785787051588
2.5721513E+02, 1.24890267823898
2.5721868E+02, 1.24994792821570
2.5722222E+02, 1.25099349493038
2.5722577E+02, 1.25203927564364
2.5722931E+02, 1.25308522645134
2.5723285E+02, 1.25413137008611
2.5723640E+02, 1.25517776133770
2.5723994E+02, 1.25622452079544
2.5724348E+02, 1.25727183434175
2.5724703E+02, 1.25831994485281
2.5725057E+02, 1.25936912198583
2.5725412E+02, 1.26041964086803
2.5725766E+02, 1.26147184931408
2.5726120E+02, 1.26252605232011
2.5726475E+02, 1.26358266023627
2.5726829E+02, 1.26464213530967
2.5727183E+02, 1.26570476904959
2.5727538E+02, 1.26677096165752
2.5727892E+02, 1.26784117089785
2.5728247E+02, 1.26891583681149
2.5728601E+02, 1.26999532970138
2.5728955E+02, 1.27107997470007
2.5729310E+02, 1.27217006370057
2.5729664E+02, 1.27326580705787
2.5730018E+02, 1.27436727861671
2.5730373E+02, 1.27777261718915
2.5730727E+02, 1.27887650714046
2.5731082E+02, 1.27998338882893
2.5731436E+02, 1.28109323297318
2.5731790E+02, 1.28220580408109
2.5732145E+02, 1.28332073073371
2.5732499E+02, 1.28443749181371
2.5732853E+02, 1.28555528427771
2.5733208E+02, 1.28667351645012
2.5733562E+02, 1.28779157425201
2.5733917E+02, 1.28890903018540
2.5734271E+02, 1.29002583098024
2.5734625E+02, 1.29114240251687
2.5734980E+02, 1.29225995372313
2.5735334E+02, 1.29338059860653
2.5735688E+02, 1.29450706787421
2.5736043E+02, 1.29564371068780
2.5736397E+02, 1.29679641259099
2.5736752E+02, 1.29797239915389
2.5737106E+02, 1.29918076116431
2.5737460E+02, 1.30034358679059
2.5737815E+02, 1.30138128458238
2.5738169E+02, 1.30240310284807
2.5738523E+02, 1.30342205170237
2.5738878E+02, 1.30444114783983
2.5739232E+02, 1.30546283124387
2.5739586E+02, 1.30648877779257
2.5739941E+02, 1.30752002413869
2.5740295E+02, 1.30855699817281
2.5740650E+02, 1.30959956215024
2.5741004E+02, 1.31064699884913
2.5741358E+02, 1.31169808340654
2.5741713E+02, 1.31275128469326
2.5742067E+02, 1.31380490374195
2.5742421E+02, 1.31485719099311
2.5742776E+02, 1.31590668139807
2.5743130E+02, 1.31695193162404
2.5743485E+02, 1.31799180323811
2.5743839E+02, 1.31902542475871
2.5744193E+02, 1.32005234148167
2.5744548E+02, 1.32107236954654
2.5744902E+02, 1.32208554964295
2.5745256E+02, 1.32309210460001
2.5745611E+02, 1.32409259234348
2.5745965E+02, 1.32508781070447
2.5746320E+02, 1.32607863391987
2.5746674E+02, 1.32706595563789
2.5747028E+02, 1.32805071350746
2.5747383E+02, 1.32903380079777
2.5747737E+02, 1.33001593681675
2.5748091E+02, 1.33099766061511
2.5748446E+02, 1.33197938123297
2.5748800E+02, 1.33296135780871
2.5749155E+02, 1.33394372249647
2.5749509E+02, 1.33492649915014
2.5749863E+02, 1.33590956841573
2.5750218E+02, 1.33689278795800
2.5750572E+02, 1.33885477754031
2.5750926E+02, 1.33983332422915
2.5751281E+02, 1.34080927561148
2.5751635E+02, 1.34178288111376
2.5751990E+02, 1.34275426696507
2.5752344E+02, 1.34372352924169
2.5752698E+02, 1.34469083010792
2.5753053E+02, 1.34565630225225
2.5753407E+02, 1.34661998972036
2.5753761E+02, 1.34758194124511
2.5754116E+02, 1.34854220355090
2.5754470E+02, 1.34950080458247
2.5754825E+02, 1.35045780968636
2.5755179E+02, 1.35141333498431
2.5755533E+02, 1.35236749954717
2.5755888E+02, 1.35332037171112
2.5756242E+02, 1.35427202758988
2.5756596E+02, 1.35522256181416
2.5756951E+02, 1.35617207065913
2.5757305E+02, 1.35712058565298
2.5757660E+02, 1.35806811078380
2.5758014E+02, 1.35901462354440
2.5758368E+02, 1.35996006639718
2.5758723E+02, 1.36090435171949
2.5759077E+02, 1.36184736906180
2.5759431E+02, 1.36278905136287
2.5759786E+02, 1.36372919342549
2.5760140E+02, 1.36466757748890
2.5760495E+02, 1.36560404631061
2.5760849E+02, 1.36653845114867
2.5761203E+02, 1.36747062434494
2.5761558E+02, 1.36840045709560
2.5761912E+02, 1.36932792151919
2.5762266E+02, 1.37025297413006
2.5762621E+02, 1.37117569135782
2.5762975E+02, 1.37209626137711
2.5763330E+02, 1.37301490528739
2.5763684E+02, 1.37393178059603
2.5764038E+02, 1.37484709618370
2.5764393E+02, 1.37576109007033
2.5764747E+02, 1.37667415066724
2.5765101E+02, 1.37758666633836
2.5765456E+02, 1.37849905112402
2.5765810E+02, 1.37941189890393
2.5766165E+02, 1.38032575335463
2.5766519E+02, 1.38124084855009
2.5766873E+02, 1.38215746390957
2.5767228E+02, 1.38307580651726
2.5767582E+02, 1.38399602532709
2.5767936E+02, 1.38491805396655
2.5768291E+02, 1.38584198651442
2.5768645E+02, 1.38676747948805
2.5769000E+02, 1.38769397519593
2.5769354E+02, 1.38862069759068
2.5769708E+02, 1.38954665978305
2.5770063E+02, 1.39047065853312
2.5770417E+02, 1.39282630924762
2.5770771E+02, 1.39375581277786
2.5771126E+02, 1.39468552615233
2.5771480E+02, 1.39561537255784
2.5771835E+02, 1.39654512254263
2.5772189E+02, 1.39747459544255
2.5772543E+02, 1.39840308621602
2.5772898E+02, 1.39933035516444
2.5773252E+02, 1.40024266862898
2.5773606E+02, 1.40114187990201
2.5773961E+02, 1.40204085830643
2.5774315E+02, 1.40294313766042
2.5774670E+02, 1.40384796086772
2.5775024E+02, 1.40475452454780
2.5775378E+02, 1.40566185086234
2.5775733E+02, 1.40656914399262
2.5776087E+02, 1.40747559232410
2.5776441E+02, 1.40837983678773
2.5776796E+02, 1.40928180901270
2.5777150E+02, 1.41018099123302
2.5777505E+02, 1.41107691479835
2.5777859E+02, 1.41196921916388
2.5778213E+02, 1.41285763172956
2.5778568E+02, 1.41374194525043
2.5778922E+02, 1.41462205976105
2.5779276E+02, 1.41549811519557
2.5779631E+02, 1.41636965870086
2.5779985E+02, 1.41723736893112
2.5780339E+02, 1.41810177125139
2.5780694E+02, 1.41896278882507
2.5781048E+02, 1.41982081213315
2.5781403E+02, 1.42067594590455
2.5781757E+02, 1.42152817345965
2.5782111E+02, 1.42237752270543
2.5782466E+02, 1.42322450679082
2.5782820E+02, 1.42406950464933
2.5783174E+02, 1.42491281639296
2.5783529E+02, 1.42575454762950
2.5783883E+02, 1.42659472276315
2.5784238E+02, 1.42743327411707
2.5784592E+02, 1.42826997564872
2.5784946E+02, 1.42910527937943
2.5785301E+02, 1.42993917132581
2.5785655E+02, 1.43077159767256
2.5786009E+02, 1.43160250726999
2.5786364E+02, 1.43243171560233
2.5786718E+02, 1.43325887399208
2.5787073E+02, 1.43408434211684
2.5787427E+02, 1.43490796395421
2.5787781E+02, 1.43572955784867
2.5788136E+02, 1.43654888778774
2.5788490E+02, 1.43736527559053
2.5788844E+02, 1.43817871988616
2.5789199E+02, 1.43898936552186
2.5789553E+02, 1.43979708608662
2.5789908E+02, 1.44060178953954
2.5790262E+02, 1.44140308206334
2.5790616E+02, 1.44105886559082
2.5790971E+02, 1.44186465752491
2.5791325E+02, 1.44266772537720
2.5791679E+02, 1.44346816237864
2.5792034E+02, 1.44426642164258
2.5792388E+02, 1.44506242971418
2.5792743E+02, 1.44585633435514
2.5793097E+02, 1.44664825679064
2.5793451E+02, 1.44743834833118
2.5793806E+02, 1.44822687028843
2.5794160E+02, 1.44901364571417
2.5794514E+02, 1.44979868954712
2.5794869E+02, 1.45058199786327
2.5795223E+02, 1.45136373486509
2.5795578E+02, 1.45214392908222
2.5795932E+02, 1.45292249360370
2.5796286E+02, 1.45369951449193
2.5796641E+02, 1.45447502712754
2.5796995E+02, 1.45524908352417
2.5797349E+02, 1.45602128679774
2.5797704E+02, 1.45679156875122
2.5798058E+02, 1.45755984369133
2.5798413E+02, 1.45832615658283
2.5798767E+02, 1.45909038380021
2.5799121E+02, 1.45985237097697
2.5799476E+02, 1.46061197655691
2.5799830E+02, 1.46136923105740
2.5800184E+02, 1.46212407469327
2.5800539E+02, 1.46287630760909
2.5800893E+02, 1.46362590379559
2.5801248E+02, 1.46437286104205
2.5801602E+02, 1.46511720201746
2.5801956E+02, 1.46585886215566
2.5802311E+02, 1.46659787854950
2.5802665E+02, 1.46733433711888
2.5803019E+02, 1.46806835871010
2.5803374E+02, 1.46879992013788
2.5803728E+02, 1.46952913689081
2.5804083E+02, 1.47025621231947
2.5804437E+02, 1.47098140244661
2.5804791E+02, 1.47170497061197
2.5805146E+02, 1.47242735297174
2.5805500E+02, 1.47314872532995
2.5805854E+02, 1.47386956577703
2.5806209E+02, 1.47459006462049
2.5806504E+02, 1.47519079935436
2.5806800E+02, 1.47579162733172
2.5807096E+02, 1.47639264690182
2.5807392E+02, 1.47699366350622
2.5807687E+02, 1.47759539482557
2.5807983E+02, 1.47819719626163
2.5808279E+02, 1.47879956880635
2.5808574E+02, 1.47940252478478
2.5808870E+02, 1.48000531954564
2.5809166E+02, 1.48060891892824
2.5809461E+02, 1.48121204385151
2.5809757E+02, 1.48181521101215
2.5810053E+02, 1.48241843558819
2.5810348E+02, 1.48159717359033
2.5810644E+02, 1.48219558035861
2.5810940E+02, 1.48279157810687
2.5811235E+02, 1.48338516364393
2.5811531E+02, 1.48397553743034
2.5811827E+02, 1.48456366715271
2.5812122E+02, 1.48514781413662
2.5812418E+02, 1.48572910055485
2.5812714E+02, 1.48630674332643
2.5813009E+02, 1.48688023838417
2.5813305E+02, 1.48745081933334
2.5813601E+02, 1.48801574869057
2.5813896E+02, 1.48857813135552
2.5814192E+02, 1.48913476671429
2.5814488E+02, 1.48968830395870
2.5814784E+02, 1.49023708370870
2.5815079E+02, 1.49078190662496
2.5815375E+02, 1.49132331258266
2.5815671E+02, 1.49186004653407
2.5815966E+02, 1.49239500965556
2.5816262E+02, 1.49292480963705
2.5816558E+02, 1.49345474471157
2.5816853E+02, 1.49397930094940
2.5817149E+02, 1.49450599250036
2.5817445E+02, 1.49502764697997
2.5817740E+02, 1.49555281695300
2.5818036E+02, 1.49607497844192
2.5818332E+02, 1.49660148661422
2.5818627E+02, 1.49712742008911
2.5818923E+02, 1.49765858138738
2.5819219E+02, 1.49819211395870
2.5819514E+02, 1.49873172550721
2.5819810E+02, 1.49927730147367
2.5820106E+02, 1.49981697486649
2.5820461E+02, 1.50045498977560
2.5820815E+02, 1.50106452863217
2.5821170E+02, 1.50166494947414
2.5821525E+02, 1.50226300189592
2.5821880E+02, 1.50285877965663
2.5822235E+02, 1.50345188215848
2.5822590E+02, 1.50404678511438
2.5822944E+02, 1.50464027037060
2.5823299E+02, 1.50523589285892
2.5823654E+02, 1.50583295484802
2.5824009E+02, 1.50643141052982
2.5824364E+02, 1.50703376772502
2.5824718E+02, 1.50763776340114
2.5825073E+02, 1.50824534924966
2.5825428E+02, 1.50885580394242
2.5825783E+02, 1.50946861809162
2.5826138E+02, 1.51008503902299
2.5826493E+02, 1.51070344916563
2.5826847E+02, 1.51132414550401
2.5827202E+02, 1.51194685663810
2.5827557E+02, 1.51257080957810
2.5827912E+02, 1.51319596839583
2.5828267E+02, 1.51382173593432
2.5828621E+02, 1.51444765338531
2.5828976E+02, 1.51507337428635
2.5829331E+02, 1.51569859052326
2.5829686E+02, 1.51632279075569
2.5830041E+02, 1.51694579578203
2.5830395E+02, 1.51702945962313
2.5830750E+02, 1.51765263216843
2.5831105E+02, 1.51827534355893
2.5831460E+02, 1.51889735939566
2.5831815E+02, 1.51951825316647
2.5832170E+02, 1.52013877556264
2.5832524E+02, 1.52075815098141
2.5832879E+02, 1.52137653910387
2.5833234E+02, 1.52199422002572
2.5833589E+02, 1.52261062819113
2.5833944E+02, 1.52322629716611
2.5834298E+02, 1.52384091484473
2.5834653E+02, 1.52445430281670
2.5835008E+02, 1.52506708278075
2.5835363E+02, 1.52567855947546
2.5835718E+02, 1.52628914627616
2.5836073E+02, 1.52689882413599
2.5836427E+02, 1.52750716317994
2.5836782E+02, 1.52811506807417
2.5837137E+02, 1.52872169901824
2.5837492E+02, 1.52932742302191
2.5837847E+02, 1.52993242252086
2.5838201E+02, 1.53053614455429
2.5838556E+02, 1.53113955636763
2.5838911E+02, 1.53174186656003
2.5839266E+02, 1.53234340075341
2.5839621E+02, 1.53294446636770
2.5839976E+02, 1.53354442483521
2.5840330E+02, 1.53414435703837
2.5840685E+02, 1.53474343075672
2.5841040E+02, 1.53534201487750
2.5841395E+02, 1.53594044395193
2.5841750E+02, 1.53653803294469
2.5842104E+02, 1.53713598409092
2.5842459E+02, 1.53773334154792
2.5842814E+02, 1.53833056094725
2.5843169E+02, 1.53892790199588
2.5843524E+02, 1.53952466881703
2.5843879E+02, 1.54012212590968
2.5844233E+02, 1.54071916753392
2.5844588E+02, 1.54131631789511
2.5844943E+02, 1.54191370043245
2.5845298E+02, 1.54251064420927
2.5845653E+02, 1.54310834675322
2.5846007E+02, 1.54370563034229
2.5846362E+02, 1.54430301891357
2.5846717E+02, 1.54490049538606
2.5847072E+02, 1.54549746033130
2.5847427E+02, 1.54609488318695
2.5847782E+02, 1.54669167801934
2.5848136E+02, 1.54728830009961
2.5848491E+02, 1.54788461828752
2.5848846E+02, 1.54848013065996
2.5849201E+02, 1.54907556593606
2.5849627E+02, 1.54978889296822
2.5850052E+02, 1.55050094915322
2.5850478E+02, 1.55105400550852
2.5850904E+02, 1.55175603021818
2.5851330E+02, 1.55245733280818
2.5851755E+02, 1.55315797141188
2.5852181E+02, 1.55385767090616
2.5852607E+02, 1.55455630768322
2.5853033E+02, 1.55525407865244
2.5853459E+02, 1.55595070908041
2.5853884E+02, 1.55664602953673
2.5854240E+02, 1.55722588853777
2.5854596E+02, 1.55780475569927
2.5854951E+02, 1.55838253429288
2.5855307E+02, 1.55895943575795
2.5855663E+02, 1.55953498989230
2.5856018E+02, 1.56010972344146
2.5856374E+02, 1.56068305574888
2.5856729E+02, 1.56125524799975
2.5857085E+02, 1.56182616395231
2.5857441E+02, 1.56239563074772
2.5857796E+02, 1.56296393459105
2.5858152E+02, 1.56353050711301
2.5858508E+02, 1.56409598678657
2.5858863E+02, 1.56465966817894
2.5859219E+02, 1.56522193399816
2.5859574E+02, 1.56578251957848
2.5859930E+02, 1.56634137964287
2.5860286E+02, 1.56689865910106
2.5860641E+02, 1.56745391609341
2.5860997E+02, 1.56800767567128
2.5861353E+02, 1.56855919458803
2.5861708E+02, 1.56910915676962
2.5862064E+02, 1.56965684877449
2.5862419E+02, 1.57020270034445
2.5862775E+02, 1.57074636592708
2.5863131E+02, 1.57128793325081
2.5863557E+02, 1.57193505776601
2.5863984E+02, 1.57257875857349
2.5864411E+02, 1.57321960047864
2.5864838E+02, 1.57385707465907
2.5865264E+02, 1.57449105221186
2.5865691E+02, 1.57512225025853
2.5866118E+02, 1.57574992861219
2.5866545E+02, 1.57637443389120
2.5866971E+02, 1.57699609794138
2.5867398E+02, 1.57761435201766
2.5867825E+02, 1.57823013851085
2.5868252E+02, 1.57884303173117
2.5868678E+02, 1.57945302330228
2.5869105E+02, 1.58006119681331
2.5869532E+02, 1.58066654609996
2.5869959E+02, 1.58127020315861
2.5870385E+02, 1.58187196533745
2.5870812E+02, 1.58364192275558
2.5871239E+02, 1.58424088011845
2.5871666E+02, 1.58483705222275
2.5872092E+02, 1.58543043562548
2.5872448E+02, 1.58592293341888
2.5872804E+02, 1.58641364614587
2.5873160E+02, 1.58690261758801
2.5873515E+02, 1.58738983706440
2.5873871E+02, 1.58787542801997
2.5874227E+02, 1.58835926112018
2.5874582E+02, 1.58884147675613
2.5874938E+02, 1.58932185817179
2.5875365E+02, 1.58989599670830
2.5875792E+02, 1.59046710502279
2.5876218E+02, 1.59103538374454
2.5876645E+02, 1.59159989534359
2.5877072E+02, 1.59216077789284
2.5877499E+02, 1.59271701515406
2.5877926E+02, 1.59326825777845
2.5878353E+02, 1.59381373354221
2.5878779E+02, 1.59435258919316
2.5879206E+02, 1.59488421594730
2.5879633E+02, 1.59540750446651
2.5880060E+02, 1.59592183846660
2.5880487E+02, 1.59642620844391
2.5880914E+02, 1.59691982755452
2.5881340E+02, 1.59740210048729
2.5881767E+02, 1.59787207761350
2.5882194E+02, 1.59832961824271
2.5882621E+02, 1.59877401164082
2.5883048E+02, 1.59920505685113
2.5883475E+02, 1.59963953165780
2.5883901E+02, 1.60012127570061
2.5884328E+02, 1.60060850966767
2.5884755E+02, 1.60117042543912
2.5885182E+02, 1.60172916310110
2.5885609E+02, 1.60227951996918
2.5886036E+02, 1.60282236854848
2.5886462E+02, 1.60335749470601
2.5886889E+02, 1.60388240039613
2.5887316E+02, 1.60439979972966
2.5887743E+02, 1.60490573611279
2.5888170E+02, 1.60540398030217
2.5888597E+02, 1.60589070198598
2.5889023E+02, 1.60636924197175
2.5889450E+02, 1.60683704777251
2.5889877E+02, 1.60729599679407
2.5890304E+02, 1.60774553324734
2.5890731E+02, 1.61029514173106
2.5891157E+02, 1.61071796362758
2.5891584E+02, 1.61113516237654
2.5892011E+02, 1.61154682278082
2.5892438E+02, 1.61195238898115
2.5892865E+02, 1.61235228865373
2.5893292E+02, 1.61274615084152
2.5893718E+02, 1.61313387392458
2.5894145E+02, 1.61351598611750
2.5894572E+02, 1.61389129573198
2.5894999E+02, 1.61426082547742
2.5895426E+02, 1.61462439996931
2.5895853E+02, 1.61498109929779
2.5896279E+02, 1.61533211292218
2.5896706E+02, 1.61567679421952
2.5897133E+02, 1.61601466833994
2.5897560E+02, 1.61634684650650
2.5897987E+02, 1.61667255732054
2.5898414E+02, 1.61699133461905
2.5898840E+02, 1.61730438322173
2.5899267E+02, 1.61761124729478
2.5899694E+02, 1.61791070226103
2.5900121E+02, 1.61820439123072
2.5900548E+02, 1.61849236704555
2.5900975E+02, 1.61877273825189
2.5901401E+02, 1.61904695356185
2.5901828E+02, 1.61931543344605
2.5902255E+02, 1.61957788974800
2.5902682E+02, 1.61983269387080
2.5903109E+02, 1.62008179522438
2.5903536E+02, 1.62032525021034
2.5903962E+02, 1.62056289805667
2.5904389E+02, 1.62079297754971
2.5904816E+02, 1.62101752654305
2.5905243E+02, 1.62123661809766
2.5905670E+02, 1.62145032623150
2.5906097E+02, 1.62165754732835
2.5906523E+02, 1.62185864399703
2.5906950E+02, 1.62205459622077
2.5907377E+02, 1.62224550272577
2.5907804E+02, 1.62243146538479
2.5908231E+02, 1.62261186216750
2.5908657E+02, 1.62278645546271
2.5909084E+02, 1.62295646855493
2.5909511E+02, 1.62312202767169
2.5909938E+02, 1.62328326180044
2.5910365E+02, 1.62344030253488
2.5910792E+02, 1.62451920951494
2.5911218E+02, 1.62469085849162
2.5911645E+02, 1.62485872123321
2.5912072E+02, 1.62502299040032
2.5912499E+02, 1.62518383319629
2.5912926E+02, 1.62534141434444
2.5913353E+02, 1.62549588678030
2.5913779E+02, 1.62564697646978
2.5914206E+02, 1.62579506933007
2.5914633E+02, 1.62594047701204
2.5915060E+02, 1.62608333497411
2.5915487E+02, 1.62622377165092
2.5915914E+02, 1.62636189630833
2.5916340E+02, 1.62649781112728
2.5916767E+02, 1.62663130807358
2.5917194E+02, 1.62676264836401
2.5917621E+02, 1.62689205695739
2.5918048E+02, 1.62701958834481
2.5918475E+02, 1.62714527647347
2.5918901E+02, 1.62726913178882
2.5919328E+02, 1.62739114009214
2.5919755E+02, 1.62751126469823
2.5920182E+02, 1.62762923694858
2.5920609E+02, 1.62774515840170
2.5921036E+02, 1.62785904135956
2.5921462E+02, 1.62797080667215
2.5921889E+02, 1.62808035905819
2.5922316E+02, 1.62818758442342
2.5922743E+02, 1.62829234942965
2.5923170E+02, 1.62839450189883
2.5923596E+02, 1.62849387141439
2.5924023E+02, 1.62859020849552
2.5924450E+02, 1.62868332673069
2.5924877E+02, 1.62877307716470
2.5925304E+02, 1.62885923058726
2.5925816E+02, 1.62895756026500
2.5926328E+02, 1.62904996929310
2.5926840E+02, 1.62913604814056
2.5927353E+02, 1.62921542699968
2.5927865E+02, 1.62928778115588
2.5928377E+02, 1.62935278124070
2.5928889E+02, 1.62941001945576
2.5929401E+02, 1.62945904439136
2.5929914E+02, 1.62949942129754
2.5930426E+02, 1.62953073580068
2.5930938E+02, 1.63096914015577
2.5931450E+02, 1.63101380060329
2.5931962E+02, 1.63104698545128
2.5932475E+02, 1.63106831281516
2.5932987E+02, 1.63107753039050
2.5933499E+02, 1.63107443487685
2.5934011E+02, 1.63105886448173
2.5934429E+02, 1.63103683154296
2.5934847E+02, 1.63100633606733
2.5935265E+02, 1.63096733188158
2.5935683E+02, 1.63091980410592
2.5936101E+02, 1.63086375778154
2.5936519E+02, 1.63079920983825
2.5936936E+02, 1.63072618666703
2.5937354E+02, 1.63064472490255
2.5937772E+02, 1.63055487334414
2.5938190E+02, 1.63045675402670
2.5938608E+02, 1.63035044896465
2.5939026E+02, 1.63023605107907
2.5939444E+02, 1.63011367349385
2.5939862E+02, 1.62998344636640
2.5940280E+02, 1.62984551520807
2.5940698E+02, 1.62970003813151
2.5941116E+02, 1.62954718395130
2.5941533E+02, 1.62938751484905
2.5941951E+02, 1.62922094074720
2.5942369E+02, 1.62904764922432
2.5942787E+02, 1.62886784289512
2.5943205E+02, 1.62868172988757
2.5943623E+02, 1.62848970767729
2.5944124E+02, 1.62825217370182
2.5944626E+02, 1.62800680197410
2.5945127E+02, 1.62775400198104
2.5945629E+02, 1.62749432309459
2.5946130E+02, 1.62722892373286
2.5946632E+02, 1.62695730963126
2.5947133E+02, 1.62667986109114
2.5947635E+02, 1.62639768586020
2.5948136E+02, 1.62611121831344
2.5948638E+02, 1.62582016170334
2.5949139E+02, 1.62552496815328
2.5949641E+02, 1.62522741500107
2.5950142E+02, 1.62492639610207
2.5950644E+02, 1.62690081980037
2.5951145E+02, 1.62663127339140
2.5951647E+02, 1.62635919350575
2.5952148E+02, 1.62608468554988
2.5952650E+02, 1.62580791893286
2.5953151E+02, 1.62552913916133
2.5953653E+02, 1.62524882590605
2.5954154E+02, 1.62496686703345
2.5954656E+02, 1.62468339692772
2.5955157E+02, 1.62439864594293
2.5955659E+02, 1.62411272928725
2.5956160E+02, 1.62382563149146
2.5956662E+02, 1.62353743425220
2.5957163E+02, 1.62324827421088
2.5957665E+02, 1.62295814321639
2.5958166E+02, 1.62266709403653
2.5958668E+02, 1.62237509153733
2.5959169E+02, 1.62208218452620
2.5959671E+02, 1.62178846630317
2.5960172E+02, 1.62149390701557
2.5960674E+02, 1.62119827033555
2.5961175E+02, 1.62090191235378
2.5961676E+02, 1.62060487318226
2.5962178E+02, 1.62030670022700
2.5962679E+02, 1.62000783022880
2.5963181E+02, 1.61970848551509
2.5963682E+02, 1.61940838141980
2.5964184E+02, 1.61910756573283
2.5964685E+02, 1.61880669158570
2.5965187E+02, 1.61850580065384
2.5965688E+02, 1.61820429870700
2.5966190E+02, 1.61790337284034
2.5966691E+02, 1.61760324947890
2.5967193E+02, 1.61730336937965
2.5967694E+02, 1.61700483388942
2.5968196E+02, 1.61670818775756
2.5968697E+02, 1.61641323031736
2.5969199E+02, 1.61612018057420
2.5969700E+02, 1.61582991169416
2.5970202E+02, 1.61554256655573
2.5970703E+02, 1.61687280206523
2.5971205E+02, 1.61661311650801
2.5971706E+02, 1.61635443553024
2.5972208E+02, 1.61609644062952
2.5972709E+02, 1.61583890741328
2.5973211E+02, 1.61558157314631
2.5973712E+02, 1.61532389205314
2.5974214E+02, 1.61506556971284
2.5974625E+02, 1.61485266831883
2.5975037E+02, 1.61463860041499
2.5975449E+02, 1.61442289977111
2.5975860E+02, 1.61420533009457
2.5976272E+02, 1.61398582586461
2.5976683E+02, 1.61376410898227
2.5977095E+02, 1.61353989226602
2.5977507E+02, 1.61331222873023
2.5977918E+02, 1.61308147224011
2.5978330E+02, 1.61284736025237
2.5978742E+02, 1.61260962256739
2.5979153E+02, 1.61236741676431
2.5979565E+02, 1.61212084547404
2.5979976E+02, 1.61186991128645
2.5980388E+02, 1.61161435889581
2.5980800E+02, 1.61135335333375
2.5981211E+02, 1.61108709566083
2.5981623E+02, 1.61081559619583
2.5982035E+02, 1.61053857860543
2.5982446E+02, 1.61025523921556
2.5982858E+02, 1.60996612220359
2.5983269E+02, 1.60967094273440
2.5983681E+02, 1.60936936795080
2.5984093E+02, 1.60906148950844
2.5984504E+02, 1.60874712915100
2.5984916E+02, 1.60842621551907
2.5985328E+02, 1.60809913518324
2.5985739E+02, 1.60776523454700
2.5986151E+02, 1.60742474006708
2.5986562E+02, 1.60707850416829
2.5986974E+02, 1.60672494878949
2.5987386E+02, 1.60636515580780
2.5987797E+02, 1.60599942699105
2.5988209E+02, 1.60562531271903
2.5988621E+02, 1.60524610218113
2.5989032E+02, 1.60485888526483
2.5989444E+02, 1.60446252798475
2.5989855E+02, 1.60406093863727
2.5990267E+02, 1.60364723960761
2.5990679E+02, 1.60160868115596
2.5991090E+02, 1.60120484136524
2.5991502E+02, 1.60078836972953
2.5991914E+02, 1.60034201385683
2.5992325E+02, 1.59986151698488
2.5992737E+02, 1.59935407253765
2.5993148E+02, 1.59881347265623
2.5993560E+02, 1.59827390985747
2.5993972E+02, 1.59773545279064
2.5994383E+02, 1.59719726824598
2.5994795E+02, 1.59666106249462
2.5995207E+02, 1.59612262814694
2.5995618E+02, 1.59558644606593
2.5996030E+02, 1.59504427473625
2.5996441E+02, 1.59450352274780
2.5996853E+02, 1.59395335125617
2.5997265E+02, 1.59340124578480
2.5997676E+02, 1.59283906808471
2.5998088E+02, 1.59226947870391
2.5998500E+02, 1.59168996222730
2.5998911E+02, 1.59109705073740
2.5999323E+02, 1.59049469146671
2.5999734E+02, 1.58987450255976
2.6000146E+02, 1.58924198216501
2.6000558E+02, 1.58859551341259
2.6000969E+02, 1.58793138967311
2.6001381E+02, 1.58725424050998
2.6001793E+02, 1.58656361230793
2.6002204E+02, 1.58585756884152
2.6002616E+02, 1.58514053379334
2.6003027E+02, 1.58441355830250
2.6003439E+02, 1.58367689926548
2.6003851E+02, 1.58293268400721
2.6004262E+02, 1.58218328944286
2.6004674E+02, 1.58143017510774
2.6005086E+02, 1.58067419874286
2.6005497E+02, 1.57991688533762
2.6005909E+02, 1.57915958224607
2.6006320E+02, 1.57840306020677
2.6006732E+02, 1.57764767772568
2.6007144E+02, 1.57689371672894
2.6007555E+02, 1.57614147382346
2.6007967E+02, 1.57539088353133
2.6008379E+02, 1.57464163852559
2.6008790E+02, 1.57389325132465
2.6009202E+02, 1.57314531167710
2.6009613E+02, 1.57239729227110
2.6010025E+02, 1.57164858685283
2.6010437E+02, 1.57776777127542
2.6010848E+02, 1.57690514590704
2.6011260E+02, 1.57603867770592
2.6011672E+02, 1.57516901386174
2.6012083E+02, 1.57429613463318
2.6012495E+02, 1.57341976789014
2.6012906E+02, 1.57253962777909
2.6013318E+02, 1.57165573284900
2.6013730E+02, 1.57076741984428
2.6014141E+02, 1.56987441264785
2.6014553E+02, 1.56897649149407
2.6014965E+02, 1.56807349847114
2.6015376E+02, 1.56716534171258
2.6015788E+02, 1.56625199817481
2.6016199E+02, 1.56533351512825
2.6016611E+02, 1.56441001029041
2.6017023E+02, 1.56348167082741
2.6017434E+02, 1.56254896561452
2.6017846E+02, 1.56161229398733
2.6018258E+02, 1.56067173915984
2.6018669E+02, 1.55972773120421
2.6019081E+02, 1.55878074716709
2.6019492E+02, 1.55783130225386
2.6019904E+02, 1.55687993931077
2.6020316E+02, 1.55592721670752
2.6020727E+02, 1.55497369468921
2.6021139E+02, 1.55401992045043
2.6021551E+02, 1.55306641243443
2.6021962E+02, 1.55211364430811
2.6022374E+02, 1.55116202956012
2.6022785E+02, 1.55021190729315
2.6023197E+02, 1.54926353017357
2.6023609E+02, 1.54831705536243
2.6024020E+02, 1.54737253910492
2.6024432E+02, 1.54642993565054
2.6024844E+02, 1.54548910093426
2.6025255E+02, 1.54455014982946
2.6025667E+02, 1.54361267870826
2.6026078E+02, 1.54267604990019
2.6026490E+02, 1.54173985759660
2.6026902E+02, 1.54080369145231
2.6027313E+02, 1.53986716753173
2.6027725E+02, 1.53892996112412
2.6028137E+02, 1.53799184015543
2.6028548E+02, 1.53705269735868
2.6028960E+02, 1.53611257901229
2.6029371E+02, 1.53517170794870
2.6029783E+02, 1.53423049817849
2.6030195E+02, 1.53328955872040
2.6030606E+02, 1.53344307373508
2.6031018E+02, 1.53251763710944
2.6031430E+02, 1.53159531239870
2.6031841E+02, 1.53067637219883
2.6032253E+02, 1.52976135301667
2.6032664E+02, 1.52885079153939
2.6033076E+02, 1.52794519926447
2.6033488E+02, 1.52704504056925
2.6033899E+02, 1.52615071275520
2.6034311E+02, 1.52526252866499
2.6034723E+02, 1.52438070311661
2.6035134E+02, 1.52350534472401
2.6035546E+02, 1.52263683499017
2.6035957E+02, 1.52177464223298
2.6036369E+02, 1.52091853791117
2.6036781E+02, 1.52006822322378
2.6037192E+02, 1.51922334351007
2.6037604E+02, 1.51838351418007
2.6038016E+02, 1.51754840239796
2.6038427E+02, 1.51671765321529
2.6038839E+02, 1.51589073802698
2.6039250E+02, 1.51506743095765
2.6039662E+02, 1.51424762558425
2.6040074E+02, 1.51343135808374
2.6040485E+02, 1.51261872865312
2.6040897E+02, 1.51181003224514
2.6041309E+02, 1.51100588012112
2.6041720E+02, 1.51020703012409
2.6042132E+02, 1.50941439678462
2.6042543E+02, 1.50862891021497
2.6042955E+02, 1.50785177710944
2.6043367E+02, 1.50708429158303
2.6043778E+02, 1.50632760689542
2.6044190E+02, 1.50558285798932
2.6044602E+02, 1.50485128488820
2.6045013E+02, 1.50413333804684
2.6045425E+02, 1.50342924023276
2.6045836E+02, 1.50274025605909
2.6046248E+02, 1.50206552298287
2.6046660E+02, 1.50140367622548
2.6047071E+02, 1.50075594481444
2.6047483E+02, 1.50004003093928
2.6047895E+02, 1.49922622637832
2.6048306E+02, 1.49829194760039
2.6048718E+02, 1.49738015834966
2.6049129E+02, 1.49648861052082
2.6049541E+02, 1.49561616474937
2.6049953E+02, 1.49475880426237
2.6050364E+02, 1.49391396102525
2.6050776E+02, 1.49003176965195
2.6051188E+02, 1.48926194807006
2.6051599E+02, 1.48848920840819
2.6052011E+02, 1.48771302684071
2.6052422E+02, 1.48693261109958
2.6052834E+02, 1.48614748313210
2.6053246E+02, 1.48535721552212
2.6053657E+02, 1.48456144253784
2.6054069E+02, 1.48375982743798
2.6054481E+02, 1.48295209073818
2.6054892E+02, 1.48213805245029
2.6055304E+02, 1.48131758865048
2.6055715E+02, 1.48049062571762
2.6056127E+02, 1.47965712997245
2.6056539E+02, 1.47881709215474
2.6056950E+02, 1.47797053490828
2.6057362E+02, 1.47711749016736
2.6057705E+02, 1.47640224165198
2.6058047E+02, 1.47568255258034
2.6058390E+02, 1.47495840669432
2.6058733E+02, 1.47422979422798
2.6059076E+02, 1.47349670810455
2.6059418E+02, 1.47275912425985
2.6059761E+02, 1.47201697416115
2.6060104E+02, 1.47127021745492
2.6060447E+02, 1.47051880266564
2.6060789E+02, 1.46976264689571
2.6061132E+02, 1.46900164971394
2.6061475E+02, 1.46823573213936
2.6061818E+02, 1.46746481000847
2.6062160E+02, 1.46668878784195
2.6062503E+02, 1.46590755325321
2.6062846E+02, 1.46512102445758
2.6063188E+02, 1.46432912546390
2.6063531E+02, 1.46353179018118
2.6063874E+02, 1.46272895318423
2.6064217E+02, 1.46192055174756
2.6064559E+02, 1.46110655486108
2.6064902E+02, 1.46028694501337
2.6065245E+02, 1.45946171879056
2.6065588E+02, 1.45863092011842
2.6065930E+02, 1.45779454105807
2.6066273E+02, 1.45695261646444
2.6066616E+02, 1.45610519884713
2.6066959E+02, 1.45525235066630
2.6067301E+02, 1.45439414247172
2.6067644E+02, 1.45353067864402
2.6067987E+02, 1.45266206512734
2.6068330E+02, 1.45178833016130
2.6068672E+02, 1.45090955456343
2.6069015E+02, 1.45002581565243
2.6069358E+02, 1.44913718534902
2.6069701E+02, 1.44824372869625
2.6070043E+02, 1.44734550271539
2.6070386E+02, 1.45341600485534
2.6070729E+02, 1.45250807009989
2.6071072E+02, 1.45159474702777
2.6071414E+02, 1.45067616270908
2.6071757E+02, 1.44975238074973
2.6072100E+02, 1.44882344098776
2.6072442E+02, 1.44788937570299
2.6072785E+02, 1.44695021431223
2.6073128E+02, 1.44600598552104
2.6073471E+02, 1.44505671899851
2.6073813E+02, 1.44410244707489
2.6074156E+02, 1.44314320669126
2.6074499E+02, 1.44217904143372
2.6074842E+02, 1.44121000355407
2.6075184E+02, 1.44023615575035
2.6075527E+02, 1.43925757242624
2.6075870E+02, 1.43827434035154
2.6076213E+02, 1.43728655858156
2.6076555E+02, 1.43629433731649
2.6076898E+02, 1.43529779556027
2.6077241E+02, 1.43429705762388
2.6077584E+02, 1.43329224854955
2.6077926E+02, 1.43228348875614
2.6078269E+02, 1.43127088783117
2.6078612E+02, 1.43025453808755
2.6078955E+02, 1.42923450819557
2.6079297E+02, 1.42821083752623
2.6079640E+02, 1.42718353142861
2.6079983E+02, 1.42615255816056
2.6080326E+02, 1.42511784779047
2.6080668E+02, 1.42407929385445
2.6081011E+02, 1.42303675742092
2.6081354E+02, 1.42199007398307
2.6081697E+02, 1.42093906314592
2.6082039E+02, 1.41988354141004
2.6082382E+02, 1.41882333746043
2.6082725E+02, 1.41775830969503
2.6083067E+02, 1.41668836557930
2.6083410E+02, 1.41561348215037
2.6083753E+02, 1.41453372678247
2.6084096E+02, 1.41344932505260
2.6084438E+02, 1.41236069573446
2.6084781E+02, 1.41126816950713
2.6085124E+02, 1.41017236072803
2.6085467E+02, 1.40907403967000
2.6085809E+02, 1.40797412487556
2.6086152E+02, 1.40687366580866
2.6086495E+02, 1.40577381427954
2.6086838E+02, 1.40467578471162
2.6087180E+02, 1.40358080413864
2.6087523E+02, 1.40249005402334
2.6087866E+02, 1.40140502173831
2.6088209E+02, 1.40032063489523
2.6088551E+02, 1.39919261983886
2.6088894E+02, 1.39803415170636
2.6089237E+02, 1.39687786368432
2.6089580E+02, 1.39572412416746
2.6089922E+02, 1.39457300952128
2.6090265E+02, 1.39342454668838
2.6090608E+02, 1.39752177965751
2.6090951E+02, 1.39636528114606
2.6091293E+02, 1.39521223924565
2.6091636E+02, 1.39406153598951
2.6091979E+02, 1.39291234965120
2.6092321E+02, 1.39176390497491
2.6092664E+02, 1.39061551797607
2.6093007E+02, 1.38946661927491
2.6093350E+02, 1.38831715625518
2.6093692E+02, 1.38716642412640
2.6094035E+02, 1.38601423342333
2.6094378E+02, 1.38486051333576
2.6094721E+02, 1.38370528601232
2.6095063E+02, 1.38254864708569
2.6095406E+02, 1.38139088072191
2.6095749E+02, 1.38023220965348
2.6096092E+02, 1.37907265610307
2.6096434E+02, 1.37791240577982
2.6096777E+02, 1.37675162559934
2.6097120E+02, 1.37559045492092
2.6097463E+02, 1.37442903827398
2.6097805E+02, 1.37326760552632
2.6098148E+02, 1.37210601015648
2.6098491E+02, 1.37094426185307
2.6098834E+02, 1.36978234685703
2.6099176E+02, 1.36862023435810
2.6099519E+02, 1.36745788308806
2.6099862E+02, 1.36629545011412
2.6100205E+02, 1.36513272559239
2.6100547E+02, 1.36396967396367
2.6100890E+02, 1.36280627131696
2.6101233E+02, 1.36164250566268
2.6101575E+02, 1.36047837901201
2.6101918E+02, 1.35931410540778
2.6102261E+02, 1.35814960463565
2.6102604E+02, 1.35698490215782
2.6102946E+02, 1.35582007659485
2.6103289E+02, 1.35465523101851
2.6103632E+02, 1.35349049601015
2.6103975E+02, 1.35232625277376
2.6104317E+02, 1.35116259294052
2.6104660E+02, 1.34999968064256
2.6105003E+02, 1.34883777353552
2.6105346E+02, 1.34767715587400
2.6105688E+02, 1.34651813204775
2.6106031E+02, 1.34536120976850
2.6106374E+02, 1.34420670047915
2.6106717E+02, 1.34305475662569
2.6107059E+02, 1.34190563739824
2.6107402E+02, 1.34075955235237
2.6107745E+02, 1.33961664694424
2.6108088E+02, 1.33847699039910
2.6108430E+02, 1.33734085041195
2.6108773E+02, 1.33620794457362
2.6109116E+02, 1.33507799618054
2.6109459E+02, 1.33395072588838
2.6109801E+02, 1.33282578510291
2.6110144E+02, 1.33170277287767
2.6110487E+02, 1.32668958521710
2.6110829E+02, 1.32558365404100
2.6111110E+02, 1.32467951742481
2.6111391E+02, 1.32377622444532
2.6111671E+02, 1.32287378297750
2.6111952E+02, 1.32197222784162
2.6112232E+02, 1.32107163268808
2.6112513E+02, 1.32017210780454
2.6112793E+02, 1.31927379500872
2.6113074E+02, 1.31837686297232
2.6113354E+02, 1.31748160689108
2.6113635E+02, 1.31658829973857
2.6113915E+02, 1.31569700678324
2.6114196E+02, 1.31480793915376
2.6114477E+02, 1.31392129126132
2.6114757E+02, 1.31303722823182
2.6115038E+02, 1.31215587301016
2.6115318E+02, 1.31127729355612
2.6115599E+02, 1.31040149070227
2.6115879E+02, 1.30952875608530
2.6116160E+02, 1.30865873070967
2.6116440E+02, 1.30779100592529
2.6116721E+02, 1.30692520232661
2.6117001E+02, 1.30606082623683
2.6117282E+02, 1.30519726494980
2.6117562E+02, 1.30433378157803
2.6117843E+02, 1.30346966217401
2.6118124E+02, 1.30260414729325
2.6118404E+02, 1.30173560162424
2.6118685E+02, 1.30086268321590
2.6118965E+02, 1.30000021420640
2.6119246E+02, 1.29916074064440
2.6119526E+02, 1.29834043953454
2.6119807E+02, 1.29752075326637
2.6120087E+02, 1.29670109631369
2.6120368E+02, 1.29588187707911
2.6120648E+02, 1.29506264727104
2.6120929E+02, 1.29424304327407
2.6121209E+02, 1.29342278671720
2.6121490E+02, 1.29260036634766
2.6121771E+02, 1.29177704906222
2.6122051E+02, 1.29095285392376
2.6122332E+02, 1.29012779699492
2.6122612E+02, 1.28930195162090
2.6122893E+02, 1.28847517263134
2.6123173E+02, 1.28764720897515
2.6123454E+02, 1.28681902381340
2.6123734E+02, 1.28599082175486
2.6124015E+02, 1.28516282396426
2.6124295E+02, 1.28433526248592
2.6124576E+02, 1.28350803842612
2.6124857E+02, 1.28268136471002
2.6125137E+02, 1.28185586160404
2.6125418E+02, 1.28103174133761
2.6125698E+02, 1.28020920651442
2.6125979E+02, 1.27938844724589
2.6126259E+02, 1.27856916103775
2.6126540E+02, 1.27775184430255
2.6126820E+02, 1.27693675307429
2.6127101E+02, 1.27612399974456
2.6127381E+02, 1.27531367637474
2.6127662E+02, 1.27450560454654
2.6127942E+02, 1.27369970341745
2.6128223E+02, 1.27289632045016
2.6128504E+02, 1.27209545018097
2.6128784E+02, 1.27129706459263
2.6129065E+02, 1.27050087486950
2.6129345E+02, 1.26970661149271
2.6129626E+02, 1.26891455067925
2.6129906E+02, 1.26812457732734
2.6130187E+02, 1.26733655874598
2.6130467E+02, 1.26047657637238
2.6130748E+02, 1.25969061703357
2.6131028E+02, 1.25890659749833
2.6131309E+02, 1.25812443670765
2.6131589E+02, 1.25734404893064
2.6131870E+02, 1.25656540389271
2.6132151E+02, 1.25578832081736
2.6132431E+02, 1.25501266933049
2.6132712E+02, 1.25423836729966
2.6132992E+02, 1.25346535359228
2.6133273E+02, 1.25269355659073
2.6133553E+02, 1.25192283515768
2.6133834E+02, 1.25115314779749
2.6134114E+02, 1.25038446749646
2.6134395E+02, 1.24961680159151
2.6134675E+02, 1.24885007018765
2.6134956E+02, 1.24808427983887
2.6135237E+02, 1.24731945958686
2.6135517E+02, 1.24655566917792
2.6135798E+02, 1.24579290395142
2.6136078E+02, 1.24503119288353
2.6136359E+02, 1.24427058808304
2.6136639E+02, 1.24351115559391
2.6136920E+02, 1.24275290206078
2.6137200E+02, 1.24199580638354
2.6137481E+02, 1.24123987895123
2.6137761E+02, 1.24048513327455
2.6138042E+02, 1.23973153315003
2.6138322E+02, 1.23897895823472
2.6138603E+02, 1.23822733764795
2.6138884E+02, 1.23747659998592
2.6139164E+02, 1.23672662791710
2.6139445E+02, 1.23597718701328
2.6139725E+02, 1.23522810417928
2.6140006E+02, 1.23447920535001
2.6140286E+02, 1.23373026945187
2.6140567E+02, 1.23298096628568
2.6140847E+02, 1.23223105280113
2.6141128E+02, 1.23148031650892
2.6141408E+02, 1.23072853634385
2.6141689E+02, 1.22997540486396
2.6141970E+02, 1.22922073897280
2.6142250E+02, 1.22846441907566
2.6142531E+02, 1.22770639790174
2.6142811E+02, 1.22694648754646
2.6143092E+02, 1.22618467308673
2.6143372E+02, 1.22542100003062
2.6143653E+02, 1.22465579118843
2.6143933E+02, 1.22388896043614
2.6144214E+02, 1.22312069708098
2.6144494E+02, 1.22235122652224
2.6144775E+02, 1.22158115849783
2.6145055E+02, 1.22081059857136
2.6145336E+02, 1.22003972895871
2.6145617E+02, 1.21926882395042
2.6145897E+02, 1.21849841620405
2.6146178E+02, 1.21772891430466
2.6146458E+02, 1.21696004848908
2.6146739E+02, 1.21619186439616
2.6147019E+02, 1.21542438277082
2.6147300E+02, 1.21465820796029
2.6147580E+02, 1.21389218923796
2.6147861E+02, 1.21312584694858
2.6148141E+02, 1.21235855216282
2.6148422E+02, 1.21159015290342
2.6148702E+02, 1.21081902038681
2.6148983E+02, 1.21004377165667
2.6149264E+02, 1.20926300854604
2.6149544E+02, 1.20847519588565
2.6149825E+02, 1.20767823688732
2.6150105E+02, 1.20686970805937
2.6150386E+02, 1.20948003671667
2.6150666E+02, 1.20869113509985
2.6150947E+02, 1.20789793178289
2.6151227E+02, 1.20709965229159
2.6151508E+02, 1.20629556586681
2.6151788E+02, 1.20548489793872
2.6152069E+02, 1.20466686067559
2.6152350E+02, 1.20384111510134
2.6152630E+02, 1.20300752268182
2.6152911E+02, 1.20216630512530
2.6153191E+02, 1.20131815223814
2.6153472E+02, 1.20046390674878
2.6153752E+02, 1.19966091517483
2.6154033E+02, 1.19887944409909
2.6154313E+02, 1.19809952697088
2.6154594E+02, 1.19730878889476
2.6154874E+02, 1.19650697119558
2.6155155E+02, 1.19569439604339
2.6155435E+02, 1.19487144316056
2.6155716E+02, 1.19403886242653
2.6155997E+02, 1.19319770188827
2.6156277E+02, 1.19234922296801
2.6156558E+02, 1.19149538019142
2.6156838E+02, 1.19063730281874
2.6157119E+02, 1.18977604531279
2.6157399E+02, 1.18891284576729
2.6157680E+02, 1.18804880249871
2.6157960E+02, 1.18718483868688
2.6158241E+02, 1.18632168145129
2.6158521E+02, 1.18546024941080
2.6158802E+02, 1.18460084705800
2.6159082E+02, 1.18374311407224
2.6159363E+02, 1.18288699780423
2.6159644E+02, 1.18203229499694
2.6159924E+02, 1.18117867453805
2.6160205E+02, 1.18032570095625
2.6160485E+02, 1.17947318951994
2.6160766E+02, 1.17862044752215
2.6161046E+02, 1.17776658882314
2.6161327E+02, 1.17691102882533
2.6161607E+02, 1.17605320230978
2.6161888E+02, 1.17519258606455
2.6162168E+02, 1.17432872037293
2.6162449E+02, 1.17346146285222
2.6162730E+02, 1.17259049317697
2.6163010E+02, 1.17171543712194
2.6163291E+02, 1.17083624413116
2.6163571E+02, 1.16995297712896
2.6163852E+02, 1.16906581174092
2.6164132E+02, 1.16817502823050
2.6164413E+02, 1.16728099911603
2.6164693E+02, 1.16638417417092
2.6164974E+02, 1.16548547713336
2.6165254E+02, 1.16458507266821
2.6165535E+02, 1.16368350502983
2.6165815E+02, 1.16278133257285
2.6166096E+02, 1.16187908781690
2.6166377E+02, 1.16097725868813
2.6166657E+02, 1.16007627243190
2.6166938E+02, 1.15917648237342
2.6167218E+02, 1.15827816065395
2.6167499E+02, 1.15738149452062
2.6167779E+02, 1.15648700775699
2.6168060E+02, 1.15559429622369
2.6168340E+02, 1.15470328785352
2.6168621E+02, 1.15381386022897
2.6168901E+02, 1.15292582384719
2.6169182E+02, 1.15203892791230
2.6169463E+02, 1.15115287162736
2.6169743E+02, 1.15026731744147
2.6170024E+02, 1.14938189884033
2.6170304E+02, 1.15443235915448
2.6170585E+02, 1.15351969000471
2.6170865E+02, 1.15260828516661
2.6171146E+02, 1.15169811528440
2.6171426E+02, 1.15078908946231
2.6171707E+02, 1.14988104776526
2.6171987E+02, 1.14897378339055
2.6172268E+02, 1.14806705719001
2.6172548E+02, 1.14716061189140
2.6172829E+02, 1.14625418619859
2.6173110E+02, 1.14534752842354
2.6173390E+02, 1.14444041605304
2.6173671E+02, 1.14353263425622
2.6173951E+02, 1.14262402649568
2.6174232E+02, 1.14171449980023
2.6174512E+02, 1.14080402454691
2.6174793E+02, 1.13989263931679
2.6175073E+02, 1.13898045316006
2.6175354E+02, 1.13806764357157
2.6175634E+02, 1.13715445363034
2.6175915E+02, 1.13624118478041
2.6176195E+02, 1.13532818432083
2.6176476E+02, 1.13441581587683
2.6176757E+02, 1.13350446239906
2.6177037E+02, 1.13259452656112
2.6177318E+02, 1.13168636863514
2.6177598E+02, 1.13078030366855
2.6177879E+02, 1.12987658305140
2.6178159E+02, 1.12897537834522
2.6178440E+02, 1.12807676826670
2.6178720E+02, 1.12718072944548
2.6179001E+02, 1.12628713176796
2.6179281E+02, 1.12539572049992
2.6179562E+02, 1.12450605498908
2.6179843E+02, 1.12361776583802
2.6180123E+02, 1.12273033647415
2.6180404E+02, 1.12184319432480
2.6180684E+02, 1.12095573367550
2.6180965E+02, 1.12006734360296
2.6181245E+02, 1.11917743501318
2.6181526E+02, 1.11828547569092
2.6181806E+02, 1.11739095364489
2.6182087E+02, 1.11649324604163
2.6182367E+02, 1.11559254553936
2.6182648E+02, 1.11468896266807
2.6182928E+02, 1.11378287680693
2.6183209E+02, 1.11287497384323
2.6183490E+02, 1.11196627576939
2.6183770E+02, 1.11105815615452
2.6184051E+02, 1.11015233498384
2.6184331E+02, 1.10925084811670
2.6184612E+02, 1.10835598813311
2.6184892E+02, 1.10746998409662
2.6185173E+02, 1.10659576066728
2.6185453E+02, 1.10573587618747
2.6185734E+02, 1.10489260284583
2.6186014E+02, 1.10406780441114
2.6186295E+02, 1.10326278743907
2.6186575E+02, 1.10247904580606
2.6186856E+02, 1.10171732739689
2.6187137E+02, 1.10097635692001
2.6187417E+02, 1.10021144964550
2.6187698E+02, 1.09920494407769
2.6187978E+02, 1.09802239890856
2.6188259E+02, 1.09689922037640
2.6188539E+02, 1.09582495736227
2.6188820E+02, 1.09479109144824
2.6189100E+02, 1.09379060401550
2.6189381E+02, 1.09281764905375
2.6189661E+02, 1.09186730743611
2.6189942E+02, 1.09093540223148
2.6190223E+02, 1.09001836083499
2.6190503E+02, 1.08960296656658
2.6190784E+02, 1.08872022546116
2.6191064E+02, 1.08783971581043
2.6191345E+02, 1.08696091220202
2.6191625E+02, 1.08608343208792
2.6191906E+02, 1.08520698679077
2.6192186E+02, 1.08433136212480
2.6192467E+02, 1.08345673440988
2.6192747E+02, 1.08258275025455
2.6193028E+02, 1.08170925319557
2.6193308E+02, 1.08083622845382
2.6193589E+02, 1.07996368647904
2.6193870E+02, 1.07909165453612
2.6194150E+02, 1.07822016440851
2.6194431E+02, 1.07734925013881
2.6194711E+02, 1.07647930289994
2.6194992E+02, 1.07561000348550
2.6195272E+02, 1.07474135301775
2.6195553E+02, 1.07387337637759
2.6195833E+02, 1.07300608752190
2.6196114E+02, 1.07213949191941
2.6196394E+02, 1.07127358676962
2.6196675E+02, 1.07040850186697
2.6196956E+02, 1.06954428707803
2.6197236E+02, 1.06868067248699
2.6197517E+02, 1.06781762348233
2.6197797E+02, 1.06695510639598
2.6198078E+02, 1.06609308199379
2.6198358E+02, 1.06523148440371
2.6198639E+02, 1.06437026504923
2.6198919E+02, 1.06350959527618
2.6199200E+02, 1.06264897931957
2.6199480E+02, 1.06178824773407
2.6199761E+02, 1.06092731903481
2.6200041E+02, 1.06006608507636
2.6200322E+02, 1.05920446465341
2.6200603E+02, 1.05834235657505
2.6200883E+02, 1.05747999650731
2.6201164E+02, 1.05661698799090
2.6201444E+02, 1.05575327871844
2.6201725E+02, 1.05488931686187
2.6202005E+02, 1.05402492112598
2.6202286E+02, 1.05316016184868
2.6202566E+02, 1.05229507564088
2.6202847E+02, 1.05142993501198
2.6203127E+02, 1.05056474972154
2.6203408E+02, 1.04969945692586
2.6203688E+02, 1.04883413628271
2.6203969E+02, 1.04796887899275
2.6204250E+02, 1.04710378259473
2.6204530E+02, 1.04623894106154
2.6204811E+02, 1.04537451303441
2.6205091E+02, 1.04451080158125
2.6205372E+02, 1.04364751677579
2.6205652E+02, 1.04278467423052
2.6205933E+02, 1.04192226280785
2.6206213E+02, 1.04106024470832
2.6206494E+02, 1.04019855368231
2.6206774E+02, 1.03933709883792
2.6207055E+02, 1.03847610598802
2.6207336E+02, 1.03761509428871
2.6207616E+02, 1.03675388881836
2.6207897E+02, 1.03589233145377
2.6208177E+02, 1.03503026169678
2.6208458E+02, 1.03416752245732
2.6208738E+02, 1.03330396510549
2.6209019E+02, 1.03243964235856
2.6209250E+02, 1.03172775674372
2.6209480E+02, 1.03101489620398
2.6209711E+02, 1.03030105808257
2.6209942E+02, 1.02958664934631
2.6210173E+02, 1.02887128401532
2.6210404E+02, 1.03077171265944
2.6210635E+02, 1.03006514857315
2.6210865E+02, 1.02935620953876
2.6211096E+02, 1.02864555304617
2.6211327E+02, 1.02793278590134
2.6211558E+02, 1.02721803879083
2.6211789E+02, 1.02650169315835
2.6212020E+02, 1.02578376117321
2.6212250E+02, 1.02506414500762
2.6212481E+02, 1.02434296271373
2.6212712E+02, 1.02362073496683
2.6212943E+02, 1.02289709686872
2.6213174E+02, 1.02217214001518
2.6213405E+02, 1.02144609315766
2.6213635E+02, 1.02071906440040
2.6213866E+02, 1.01999083499708
2.6214097E+02, 1.01926142628903
2.6214328E+02, 1.01853105622281
2.6214559E+02, 1.01779949826955
2.6214790E+02, 1.01706660287181
2.6215020E+02, 1.01633230467529
2.6215251E+02, 1.01559666182654
2.6215482E+02, 1.01485929748503
2.6215713E+02, 1.01412008387751
2.6215944E+02, 1.01337889240579
2.6216175E+02, 1.01263546965843
2.6216405E+02, 1.01188960884052
2.6216636E+02, 1.01114117810806
2.6216867E+02, 1.01038999397217
2.6217098E+02, 1.00963562127433
2.6217375E+02, 1.00872630962905
2.6217652E+02, 1.00781229519436
2.6217929E+02, 1.00689350578397
2.6218206E+02, 1.00597001172487
2.6218483E+02, 1.00504204876238
2.6218760E+02, 1.00411004596720
2.6219037E+02, 1.00317465399943
2.6219314E+02, 1.00223677000022
2.6219591E+02, 1.00129755636381
2.6219868E+02, 1.00035826665470
2.6220145E+02, 0.999435574223167
2.6220422E+02, 0.998514009848745
2.6220699E+02, 0.997586107448831
2.6220976E+02, 0.996652611212254
2.6221253E+02, 0.995714786740484
2.6221530E+02, 0.994773775940943
2.6221807E+02, 0.993830572155016
2.6222084E+02, 0.992886006723692
2.6222361E+02, 0.991940745834904
2.6222638E+02, 0.990995292897395
2.6222915E+02, 0.990050003218572
2.6223192E+02, 0.989105099817307
2.6223469E+02, 0.988160689035214
2.6223746E+02, 0.987216781306246
2.6224023E+02, 0.986273312321101
2.6224300E+02, 0.985330168512915
2.6224577E+02, 0.984387345457877
2.6224909E+02, 0.983255816744400
2.6225242E+02, 0.982124061039703
2.6225574E+02, 0.980991656438354
2.6225907E+02, 0.979858392973451
2.6226239E+02, 0.978724123555067
2.6226571E+02, 0.977588774767512
2.6226904E+02, 0.976452351304450
2.6227236E+02, 0.975314953775655
2.6227569E+02, 0.974176961414936
2.6227901E+02, 0.973038350445813
2.6228233E+02, 0.971899383567390
2.6228566E+02, 0.970760356426732
2.6228898E+02, 0.969621583538530
2.6229231E+02, 0.968483384724876
2.6229563E+02, 0.967346072788666
2.6229895E+02, 0.966210164934201
2.6230228E+02, 0.965075763622196
2.6230560E+02, 0.966189727190605
2.6230893E+02, 0.965062361603596
2.6231225E+02, 0.963937110152666
2.6231557E+02, 0.962814089042468
2.6231890E+02, 0.961693374148376
2.6232222E+02, 0.960575019880692
2.6232555E+02, 0.959459061364496
2.6232887E+02, 0.958345519701282
2.6233219E+02, 0.957234568517699
2.6233552E+02, 0.956126108870119
2.6233884E+02, 0.955020100188452
2.6234217E+02, 0.953916557862579
2.6234549E+02, 0.952815509146711
2.6234881E+02, 0.951716990057547
2.6235214E+02, 0.950621049542666
2.6235546E+02, 0.949527751464642
2.6235879E+02, 0.948437175395231
2.6236211E+02, 0.947349415142732
2.6236544E+02, 0.946264679295156
2.6236876E+02, 0.945183053165304
2.6237208E+02, 0.944104594572912
2.6237541E+02, 0.943029429438283
2.6237873E+02, 0.941957682025944
2.6238206E+02, 0.940889470379674
2.6238538E+02, 0.939824901536109
2.6238870E+02, 0.938764066772283
2.6239203E+02, 0.937707037208902
2.6239535E+02, 0.936653859801475
2.6239868E+02, 0.935604553705846
2.6240200E+02, 0.934559108686382
2.6240532E+02, 0.933517483930142
2.6240865E+02, 0.932479608953338
2.6241197E+02, 0.931445381915362
2.6241530E+02, 0.930414674113173
2.6241862E+02, 0.929387334313454
2.6242194E+02, 0.928363195717204
2.6242527E+02, 0.927342084477824
2.6242859E+02, 0.926323824849972
2.6243192E+02, 0.925308249119983
2.6243524E+02, 0.924295239433157
2.6243856E+02, 0.923284631117299
2.6244189E+02, 0.922276335086477
2.6244521E+02, 0.921270309533265
2.6244854E+02, 0.920266557966841
2.6245186E+02, 0.919265133096668
2.6245518E+02, 0.918266135850580
2.6245851E+02, 0.917269710223709
2.6246183E+02, 0.916276032944561
2.6246516E+02, 0.915285298830070
2.6246848E+02, 0.914297701054160
2.6247180E+02, 0.913313442232665
2.6247513E+02, 0.912332646516575
2.6247845E+02, 0.911355316215446
2.6248178E+02, 0.910381360561569
2.6248510E+02, 0.909410535807771
2.6248842E+02, 0.908442412963036
2.6249175E+02, 0.907476347713678
2.6249507E+02, 0.906511453725245
2.6249840E+02, 0.905546579455075
2.6250172E+02, 0.904580288979917
2.6250504E+02, 0.903494637025982
2.6250837E+02, 0.902531255306499
2.6251169E+02, 0.901565252310539
2.6251502E+02, 0.900594787157020
2.6251834E+02, 0.899630939475808
2.6252166E+02, 0.898680237760301
2.6252499E+02, 0.897737566508712
2.6252831E+02, 0.896798847300555
2.6253164E+02, 0.895862982574350
2.6253496E+02, 0.894928952226736
2.6253828E+02, 0.893995839374651
2.6254161E+02, 0.893062835476922
2.6254493E+02, 0.892129270155469
2.6254826E+02, 0.891194622769401
2.6255158E+02, 0.890258517981850
2.6255490E+02, 0.889320678375132
2.6255823E+02, 0.888380980029236
2.6256155E+02, 0.887439489854207
2.6256432E+02, 0.886653795542839
2.6256709E+02, 0.885867089130075
2.6256986E+02, 0.885079489382461
2.6257263E+02, 0.884291122499487
2.6257540E+02, 0.883501885809505
2.6257817E+02, 0.882712122824158
2.6258094E+02, 0.881921975114595
2.6258371E+02, 0.881131574610175
2.6258647E+02, 0.880340990559744
2.6258924E+02, 0.879550159951797
2.6259201E+02, 0.878759303196449
2.6259478E+02, 0.877968472948694
2.6259755E+02, 0.877177699602222
2.6260032E+02, 0.876386858573589
2.6260309E+02, 0.875595839405378
2.6260586E+02, 0.874804737220858
2.6260863E+02, 0.874013492989237
2.6261140E+02, 0.873222029508791
2.6261417E+02, 0.872429991630287
2.6261694E+02, 0.871637328912273
2.6261970E+02, 0.870844042275161
2.6262247E+02, 0.870050010978825
2.6262524E+02, 0.869255109602681
2.6262801E+02, 0.868458818933073
2.6263078E+02, 0.867661260859301
2.6263355E+02, 0.866862395490002
2.6263632E+02, 0.866062116403866
2.6263909E+02, 0.865260326483323
2.6264186E+02, 0.864456512641008
2.6264463E+02, 0.863650921744924
2.6264740E+02, 0.862843575022931
2.6265017E+02, 0.862034443155690
2.6265293E+02, 0.861223514127251
2.6265570E+02, 0.860410483928691
2.6265847E+02, 0.859595514593831
2.6266124E+02, 0.858778812641209
2.6266401E+02, 0.857960448528036
2.6266678E+02, 0.857140488180402
2.6266955E+02, 0.856318955872562
2.6267232E+02, 0.855495709631703
2.6267509E+02, 0.854671202426562
2.6267786E+02, 0.853845568691736
2.6268063E+02, 0.853018947937368
2.6268340E+02, 0.852191483493298
2.6268616E+02, 0.851363157579689
2.6268893E+02, 0.850534073164393
2.6269170E+02, 0.849704542576680
2.6269447E+02, 0.848874684401459
2.6269724E+02, 0.848044605734346
2.6270001E+02, 0.847214401686112
2.6270278E+02, 0.846275173992745
2.6270555E+02, 0.845450898856668
2.6270832E+02, 0.844625755038414
2.6271109E+02, 0.843799734675783
2.6271386E+02, 0.842972845563449
2.6271663E+02, 0.842145109641190
2.6271939E+02, 0.841316559647372
2.6272216E+02, 0.840487213109095
2.6272493E+02, 0.839657131361769
2.6272770E+02, 0.838826401178745
2.6273047E+02, 0.837995127537838
2.6273324E+02, 0.837163432865754
2.6273601E+02, 0.836331439782345
2.6273933E+02, 0.835332847724058
2.6274266E+02, 0.834334347275540
2.6274598E+02, 0.833336242328424
2.6274930E+02, 0.832338841709918
2.6275262E+02, 0.831342453939123
2.6275595E+02, 0.830347375015794
2.6275927E+02, 0.829353876402413
2.6276259E+02, 0.828362193501222
2.6276592E+02, 0.827372495234664
2.6276924E+02, 0.826384858560307
2.6277256E+02, 0.825399357326406
2.6277589E+02, 0.824415976520908
2.6277921E+02, 0.823434631973536
2.6278253E+02, 0.822455181305051
2.6278585E+02, 0.821477458493288
2.6278918E+02, 0.820501259074101
2.6279250E+02, 0.819526338057183
2.6279582E+02, 0.818552449077140
2.6279915E+02, 0.817579342142094
2.6280247E+02, 0.816606784692762
2.6280579E+02, 0.815634598905006
2.6280911E+02, 0.814662677998870
2.6281244E+02, 0.813691002604078
2.6281576E+02, 0.812719664801780
2.6281908E+02, 0.811748890010044
2.6282241E+02, 0.810779053706194
2.6282573E+02, 0.809810695707517
2.6282905E+02, 0.808844528177568
2.6283238E+02, 0.807881432533293
2.6283570E+02, 0.806922457341050
2.6283902E+02, 0.805968821394343
2.6284234E+02, 0.805021855166208
2.6284567E+02, 0.804083017270258
2.6284899E+02, 0.803153866441047
2.6285231E+02, 0.802235967353963
2.6285564E+02, 0.801330579424662
2.6285896E+02, 0.800439332239719
2.6286228E+02, 0.799457579738188
2.6286561E+02, 0.798416366776368
2.6286893E+02, 0.797379363714467
2.6287225E+02, 0.796358248422846
2.6287557E+02, 0.795352568294274
2.6287890E+02, 0.794361650773773
2.6288222E+02, 0.793384692134249
2.6288554E+02, 0.792420811581458
2.6288887E+02, 0.791469093426974
2.6289219E+02, 0.790528642220936
2.6289551E+02, 0.789598596881266
2.6289884E+02, 0.788677966492986
2.6290216E+02, 0.787766036133768
2.6290548E+02, 0.787120139713468
2.6290880E+02, 0.786234714700687
2.6291213E+02, 0.785352328479908
2.6291545E+02, 0.784472896732409
2.6291877E+02, 0.783596454681973
2.6292210E+02, 0.782723076047524
2.6292542E+02, 0.781852857579072
2.6292874E+02, 0.780985916324173
2.6293207E+02, 0.780122386306311
2.6293539E+02, 0.779262397238688
2.6293871E+02, 0.778406013876982
2.6294203E+02, 0.777553391863185
2.6294536E+02, 0.776704644251534
2.6294868E+02, 0.775859877410075
2.6295200E+02, 0.775019186287712
2.6295533E+02, 0.774182647471468
2.6295865E+02, 0.773350261703526
2.6296197E+02, 0.772522042124840
2.6296530E+02, 0.771698041877092
2.6296862E+02, 0.770878259439198
2.6297194E+02, 0.770062712412588
2.6297526E+02, 0.769251287989805
2.6297859E+02, 0.768443711272989
2.6298191E+02, 0.767640069033682
2.6298523E+02, 0.766840277509544
2.6298856E+02, 0.766044234747603
2.6299188E+02, 0.765251831124868
2.6299520E+02, 0.764462617909579
2.6299853E+02, 0.763676724961587
2.6300185E+02, 0.762894040748565
2.6300517E+02, 0.762114450130207
2.6300849E+02, 0.761337678631294
2.6301182E+02, 0.760563454798488
2.6301514E+02, 0.759791931174042
2.6301846E+02, 0.759023022006176
2.6302179E+02, 0.758256642064642
2.6302511E+02, 0.757492159782889
2.6302843E+02, 0.756730002900833
2.6303176E+02, 0.755970128135046
2.6303508E+02, 0.755212500615720
2.6303840E+02, 0.754456517145784
2.6304172E+02, 0.753702533105570
2.6304505E+02, 0.752950633687974
2.6304837E+02, 0.752200803155745
2.6305169E+02, 0.751452400066806
2.6305502E+02, 0.750705811298724
2.6305834E+02, 0.749961160118408
2.6306166E+02, 0.749218414696557
2.6306499E+02, 0.748476749499849
2.6306831E+02, 0.747736724692951
2.6307163E+02, 0.746998419545891
2.6307495E+02, 0.746261759650327
2.6307828E+02, 0.745525766013880
2.6308160E+02, 0.744791275331478
2.6308492E+02, 0.744058250309638
2.6308825E+02, 0.743326325635530
2.6309157E+02, 0.742594911364892
2.6309489E+02, 0.741864711216291
2.6309821E+02, 0.741135690906244
2.6310154E+02, 0.740407077829381
2.6310486E+02, 0.736989230112146
2.6310818E+02, 0.736272473111435
2.6311151E+02, 0.735555143821995
2.6311483E+02, 0.734837336513850
2.6311815E+02, 0.734119103737532
2.6312148E+02, 0.733400334371898
2.6312480E+02, 0.732681085149436
2.6312812E+02, 0.731961648750671
2.6313144E+02, 0.731242214489894
2.6313477E+02, 0.730522481479710
2.6313809E+02, 0.729803068039174
2.6314141E+02, 0.729084226739551
2.6314474E+02, 0.728365954406091
2.6314806E+02, 0.727648335550251
2.6315138E+02, 0.726931915733691
2.6315471E+02, 0.726216927427453
2.6315803E+02, 0.725502856104693
2.6316135E+02, 0.724790355523101
2.6316467E+02, 0.724079615880374
2.6316800E+02, 0.723370290127983
2.6317132E+02, 0.722662120316427
2.6317464E+02, 0.721955569327824
2.6317797E+02, 0.721250532094807
2.6318129E+02, 0.720545505363814
2.6318461E+02, 0.719841393671173
2.6318794E+02, 0.719138003074858
2.6319126E+02, 0.718433832266042
2.6319458E+02, 0.717728819166769
2.6319790E+02, 0.717023280783119
2.6320123E+02, 0.716316296587610
2.6320455E+02, 0.715606026187314
2.6320787E+02, 0.714893871876336
2.6321120E+02, 0.714179678478652
2.6321452E+02, 0.713460572412638
2.6321784E+02, 0.712737958998368
2.6322117E+02, 0.712012613029481
2.6322449E+02, 0.711284117798477
2.6322781E+02, 0.710549864588227
2.6323113E+02, 0.709813613135145
2.6323446E+02, 0.709076350344770
2.6323778E+02, 0.708337461019165
2.6324110E+02, 0.707597033489719
2.6324443E+02, 0.706859823404297
2.6324775E+02, 0.706128190831419
2.6325107E+02, 0.705401464853499
2.6325440E+02, 0.704683417300484
2.6325772E+02, 0.703979323006418
2.6326104E+02, 0.703291404660329
2.6326436E+02, 0.702619143947020
2.6326769E+02, 0.701969977393265
2.6327101E+02, 0.701344746514655
2.6327433E+02, 0.700743419502682
2.6327766E+02, 0.700142970949105
2.6328098E+02, 0.699329790433799
2.6328430E+02, 0.698419095041593
2.6328763E+02, 0.697511823293483
2.6329095E+02, 0.696626344613218
2.6329427E+02, 0.695762709639643
2.6329759E+02, 0.694920469562572
2.6330092E+02, 0.694098872093421
2.6330424E+02, 0.692429964438657
2.6330756E+02, 0.691699940962462
2.6331089E+02, 0.690973147721916
2.6331421E+02, 0.690249796417302
2.6331753E+02, 0.689530027412104
2.6332086E+02, 0.688813849488618
2.6332418E+02, 0.688101346258691
2.6332750E+02, 0.687392559367045
2.6333082E+02, 0.686687410059105
2.6333415E+02, 0.685985865157297
2.6333747E+02, 0.685287870047200
2.6334079E+02, 0.684593220043597
2.6334412E+02, 0.683901854546985
2.6334744E+02, 0.683213690539399
2.6335076E+02, 0.682528393315158
2.6335409E+02, 0.681845969294846
2.6335741E+02, 0.681166350207283
2.6336073E+02, 0.680489186930568
2.6336405E+02, 0.679814519539944
2.6336738E+02, 0.679142365594996
2.6337070E+02, 0.678472387100731
2.6337402E+02, 0.677804681426424
2.6337735E+02, 0.677139355027910
2.6338067E+02, 0.676476066720077
2.6338399E+02, 0.675815001493113
2.6338731E+02, 0.675156339298066
2.6339064E+02, 0.674499684817842
2.6339396E+02, 0.673845351053804
2.6339728E+02, 0.673193527604768
2.6340061E+02, 0.672543687752194
2.6340393E+02, 0.671896346859749
2.6340725E+02, 0.671251596297770
2.6341058E+02, 0.670608845493421
2.6341390E+02, 0.669968763326528
2.6341722E+02, 0.669331184546219
2.6342054E+02, 0.668695734026581
2.6342387E+02, 0.668063001638728
2.6342719E+02, 0.667432495474656
2.6343051E+02, 0.666804254783981
2.6343384E+02, 0.666178704497285
2.6343716E+02, 0.665554881247967
2.6344048E+02, 0.664933491276770
2.6344381E+02, 0.664314390338181
2.6344713E+02, 0.663696869278702
2.6345045E+02, 0.663081767802831
2.6345377E+02, 0.662468240556464
2.6345710E+02, 0.661856510889172
2.6346042E+02, 0.661246944796572
2.6346374E+02, 0.660638242521659
2.6346707E+02, 0.660031630779014
2.6347039E+02, 0.659426329226536
2.6347371E+02, 0.658822288746470
2.6347704E+02, 0.658220232913716
2.6348036E+02, 0.657618538115667
2.6348368E+02, 0.657018733807782
2.6348700E+02, 0.656420025650307
2.6349033E+02, 0.655822341858427
2.6349365E+02, 0.655226518829528
2.6349697E+02, 0.654630894671025
2.6350030E+02, 0.654037147542224
2.6350362E+02, 0.652550488162617
2.6350694E+02, 0.651962177656256
2.6351027E+02, 0.651375348621238
2.6351359E+02, 0.650789852921459
2.6351691E+02, 0.650205932616012
2.6352023E+02, 0.649623154554799
2.6352356E+02, 0.649041929071773
2.6352688E+02, 0.648462009100005
2.6353020E+02, 0.647883444087133
2.6353353E+02, 0.647306440117376
2.6353685E+02, 0.646730560133445
2.6354017E+02, 0.646156467088126
2.6354350E+02, 0.645583474095148
2.6354682E+02, 0.645012233715614
2.6355014E+02, 0.644442457903136
2.6355346E+02, 0.643874182245551
2.6355679E+02, 0.643307780988894
2.6356011E+02, 0.642742561410525
2.6356343E+02, 0.642179543270857
2.6356676E+02, 0.641617527163657
2.6357008E+02, 0.641057663560601
2.6357340E+02, 0.640499194128850
2.6357673E+02, 0.639942541135366
2.6358005E+02, 0.639387738533387
2.6358337E+02, 0.638834433303209
2.6358669E+02, 0.638283552163230
2.6359002E+02, 0.637733942332599
2.6359334E+02, 0.637187280700469
2.6359666E+02, 0.636641691724431
2.6359999E+02, 0.636098994407704
2.6360331E+02, 0.635557781216341
2.6360663E+02, 0.635019176976212
2.6360996E+02, 0.634482509296558
2.6361328E+02, 0.633948197890224
2.6361660E+02, 0.633416303704493
2.6361992E+02, 0.632886556380302
2.6362325E+02, 0.632359723900481
2.6362657E+02, 0.631834884775224
2.6362989E+02, 0.631313457721150
2.6363322E+02, 0.630793917755617
2.6363654E+02, 0.630278245532466
2.6363986E+02, 0.629764399478291
2.6364319E+02, 0.629254837776193
2.6364651E+02, 0.628747074066524
2.6364983E+02, 0.628243860008323
2.6365315E+02, 0.627742405482162
2.6365648E+02, 0.627245628345555
2.6365980E+02, 0.626750555780716
2.6366312E+02, 0.626260128435704
2.6366645E+02, 0.625771366639554
2.6366977E+02, 0.625287058720537
2.6367309E+02, 0.624804409656661
2.6367641E+02, 0.624325844222702
2.6367974E+02, 0.623848924428563
2.6368306E+02, 0.623375491732287
2.6368638E+02, 0.622903715613781
2.6368971E+02, 0.622434636765838
2.6369303E+02, 0.621967313637462
2.6369635E+02, 0.621501711472780
2.6369968E+02, 0.621038057322326
2.6370300E+02, 0.620574844466236
2.6370632E+02, 0.617293061159289
2.6370964E+02, 0.616813575213436
2.6371297E+02, 0.616334488574497
2.6371629E+02, 0.615855886945623
2.6371961E+02, 0.615377698739915
2.6372294E+02, 0.614900034889322
2.6372626E+02, 0.614422858116046
2.6372958E+02, 0.613946181753181
2.6373291E+02, 0.613469991907974
2.6373623E+02, 0.612994176017406
2.6373955E+02, 0.612518731988992
2.6374287E+02, 0.612043565477040
2.6374620E+02, 0.611568912620304
2.6374952E+02, 0.611094396143315
2.6375284E+02, 0.610620443401059
2.6375617E+02, 0.610146466512800
2.6375949E+02, 0.609673053743290
2.6376281E+02, 0.609199281499613
2.6376614E+02, 0.608725970564641
2.6376946E+02, 0.608251917502420
2.6377278E+02, 0.607777786106938
2.6377610E+02, 0.607302398616639
2.6377943E+02, 0.606826119420503
2.6378275E+02, 0.606347956032613
2.6378607E+02, 0.605867896024711
2.6378940E+02, 0.605385620138571
2.6379272E+02, 0.604901560738342
2.6379604E+02, 0.604414997333740
2.6379937E+02, 0.603925536367408
2.6380269E+02, 0.603432641820362
2.6380601E+02, 0.602935777378162
2.6380933E+02, 0.602434406280826
2.6381266E+02, 0.601927931470539
2.6381598E+02, 0.601415952590432
2.6381930E+02, 0.600897825539616
2.6382263E+02, 0.600373320187584
2.6382595E+02, 0.599892773708540
2.6382927E+02, 0.599438107136645
2.6383260E+02, 0.598990671146078
2.6383592E+02, 0.598551601587806
2.6383924E+02, 0.598113825570859
2.6384256E+02, 0.597672499115307
2.6384533E+02, 0.597306469373249
2.6384810E+02, 0.596937423140197
2.6385086E+02, 0.596567562303676
2.6385363E+02, 0.596198161493598
2.6385640E+02, 0.595823981270113
2.6385916E+02, 0.595450049433621
2.6386193E+02, 0.595074549802698
2.6386469E+02, 0.594695925697430
2.6386746E+02, 0.594317155420913
2.6387023E+02, 0.593935212315968
2.6387299E+02, 0.593551781759877
2.6387576E+02, 0.593167693749415
2.6387853E+02, 0.592779861428536
2.6388129E+02, 0.592391770965748
2.6388406E+02, 0.592001644369255
2.6388682E+02, 0.591609700071083
2.6388959E+02, 0.591217508393871
2.6389236E+02, 0.590822379689059
2.6389512E+02, 0.590427077611107
2.6389789E+02, 0.590030598834686
2.6390065E+02, 0.589632785143209
2.6390342E+02, 0.586244359971319
2.6390619E+02, 0.585857087947448
2.6390895E+02, 0.585469873495561
2.6391172E+02, 0.585082789531035
2.6391449E+02, 0.584695918660505
2.6391725E+02, 0.584309383552525
2.6392002E+02, 0.583923240609336
2.6392278E+02, 0.583537647943662
2.6392555E+02, 0.583152674860356
2.6392832E+02, 0.582768494952896
2.6393108E+02, 0.582385187477568
2.6393385E+02, 0.582002868959741
2.6393662E+02, 0.581621704508578
2.6393938E+02, 0.581241726027823
2.6394215E+02, 0.580863132298864
2.6394491E+02, 0.580485972472626
2.6394768E+02, 0.580110305200156
2.6395045E+02, 0.579736314200405
2.6395321E+02, 0.579363975069694
2.6395598E+02, 0.578993396867993
2.6395875E+02, 0.578624684536549
2.6396151E+02, 0.578257828172583
2.6396428E+02, 0.577892948054180
2.6396704E+02, 0.577530084168813
2.6396981E+02, 0.577169244144728
2.6397258E+02, 0.576810520629245
2.6397534E+02, 0.576453934255186
2.6397811E+02, 0.576099491243942
2.6398088E+02, 0.575747252758201
2.6398364E+02, 0.575397273303818
2.6398641E+02, 0.575049540831929
2.6398917E+02, 0.574704108933310
2.6399194E+02, 0.574361037094623
2.6399471E+02, 0.574020230600961
2.6399747E+02, 0.573681648138378
2.6400024E+02, 0.573345251495451
2.6400300E+02, 0.573010907678125
2.6400577E+02, 0.572678640472018
2.6400854E+02, 0.572348518409661
2.6401130E+02, 0.572020423307211
2.6401407E+02, 0.571694430029681
2.6401684E+02, 0.571370676546359
2.6401960E+02, 0.571049026025707
2.6402237E+02, 0.570729479325962
2.6402513E+02, 0.570412202960571
2.6402790E+02, 0.570097065981795
2.6403067E+02, 0.569783946825578
2.6403343E+02, 0.569473121776061
2.6403620E+02, 0.569164567968880
2.6403897E+02, 0.568857979133875
2.6404173E+02, 0.568553752847388
2.6404450E+02, 0.568251891133147
2.6404726E+02, 0.567952048780513
2.6405003E+02, 0.567654508451039
2.6405280E+02, 0.567359350662312
2.6405556E+02, 0.567066351940717
2.6405833E+02, 0.566775429657817
2.6406110E+02, 0.566486849597999
2.6406386E+02, 0.566200586527060
2.6406718E+02, 0.565859479166245
2.6407050E+02, 0.565521756298813
2.6407382E+02, 0.565187404770711
2.6407714E+02, 0.564855600291027
2.6408046E+02, 0.564526996188367
2.6408319E+02, 0.564259094738589
2.6408592E+02, 0.563992631620285
2.6408865E+02, 0.563727874918113
2.6409138E+02, 0.563464977067146
2.6409411E+02, 0.563203892265101
2.6409684E+02, 0.562943800151431
2.6409957E+02, 0.562685314551279
2.6410230E+02, 0.562428396091579
2.6410503E+02, 0.562681499334097
2.6410775E+02, 0.562422139059223
2.6411048E+02, 0.562156323532770
2.6411321E+02, 0.561883962144999
2.6411594E+02, 0.561606068214584
2.6411867E+02, 0.561322771953425
2.6412140E+02, 0.561033606587995
2.6412413E+02, 0.560738704436949
2.6412686E+02, 0.560438628603377
2.6412959E+02, 0.560133232221752
2.6413232E+02, 0.559821797378086
2.6413505E+02, 0.559505402945205
2.6413778E+02, 0.559184108546989
2.6414051E+02, 0.558856650850282
2.6414379E+02, 0.558457475763673
2.6414706E+02, 0.558051007907534
2.6415034E+02, 0.557636812203108
2.6415361E+02, 0.557216275092878
2.6415689E+02, 0.556787757616727
2.6416016E+02, 0.556353146126398
2.6416344E+02, 0.555911449652402
2.6416737E+02, 0.555373105493657
2.6417130E+02, 0.554825257188438
2.6417523E+02, 0.554269147574443
2.6417916E+02, 0.553703705579520
2.6418309E+02, 0.553131057294595
2.6418702E+02, 0.552549673758299
2.6419095E+02, 0.551961477178461
2.6419488E+02, 0.551366201339877
2.6419881E+02, 0.550763986713110
2.6420275E+02, 0.550156389197162
2.6420668E+02, 0.549541950042300
2.6421061E+02, 0.548922789400701
2.6421454E+02, 0.548298910116678
2.6421847E+02, 0.547669990762862
2.6422240E+02, 0.547037811570506
2.6422633E+02, 0.546401720315915
2.6423026E+02, 0.545762525441020
2.6423419E+02, 0.545121435622394
2.6423812E+02, 0.544477418508573
2.6424205E+02, 0.543832087269970
2.6424598E+02, 0.543186196731809
2.6424991E+02, 0.542538478911026
2.6425384E+02, 0.541891081822755
2.6425777E+02, 0.541244158503709
2.6426170E+02, 0.540596998931402
2.6426564E+02, 0.539951442328067
2.6426957E+02, 0.539307311505488
2.6427350E+02, 0.538664476679814
2.6427743E+02, 0.538024475094698
2.6428136E+02, 0.537386715099453
2.6428529E+02, 0.536751796884010
2.6428922E+02, 0.536120909342823
2.6429315E+02, 0.535492899740666
2.6429708E+02, 0.534869377589354
2.6430101E+02, 0.534250710609145
2.6430494E+02, 0.535800262661740
2.6430887E+02, 0.535187959617388
2.6431280E+02, 0.534579814977612
2.6431673E+02, 0.533976663275576
2.6432066E+02, 0.533378613453425
2.6432460E+02, 0.532785907815361
2.6432853E+02, 0.532199119749226
2.6433246E+02, 0.531618073834260
2.6433639E+02, 0.531043556582267
2.6434032E+02, 0.530475521135395
2.6434425E+02, 0.529914403972058
2.6434818E+02, 0.529360463982183
2.6435211E+02, 0.528813785259497
2.6435604E+02, 0.528274867475955
2.6435997E+02, 0.527743504072122
2.6436390E+02, 0.527220360410895
2.6436783E+02, 0.526704989629210
2.6437176E+02, 0.526198159204330
2.6437569E+02, 0.525699232572671
2.6437962E+02, 0.525209016323860
2.6438355E+02, 0.524726751631040
2.6438749E+02, 0.524253204391678
2.6439142E+02, 0.523787598822542
2.6439535E+02, 0.523330540996450
2.6439928E+02, 0.522881404431706
2.6440321E+02, 0.522440451302600
2.6440714E+02, 0.522007454525124
2.6441107E+02, 0.521582059124275
2.6441500E+02, 0.521164790003208
2.6441893E+02, 0.520754292842819
2.6442286E+02, 0.520351674498640
2.6442679E+02, 0.519955990158503
2.6443072E+02, 0.519567261341075
2.6443465E+02, 0.519185937268218
2.6443858E+02, 0.518810414732390
2.6444251E+02, 0.518441970742579
2.6444644E+02, 0.518080067744304
2.6445038E+02, 0.517723817849378
2.6445431E+02, 0.517374273750479
2.6445824E+02, 0.517030583559407
2.6446217E+02, 0.516692375109589
2.6446610E+02, 0.516360489482641
2.6447003E+02, 0.516034054247577
2.6447396E+02, 0.515712738693249
2.6447789E+02, 0.515397389217893
2.6448182E+02, 0.515087389903374
2.6448575E+02, 0.514781895384555
2.6448968E+02, 0.514482011053907
2.6449361E+02, 0.514187574632413
2.6449754E+02, 0.513896918654939
2.6450147E+02, 0.513611404277746
2.6450540E+02, 0.510233962953763
2.6450933E+02, 0.509987116505508
2.6451327E+02, 0.509744500122674
2.6451720E+02, 0.509506132664571
2.6452113E+02, 0.509271844436491
2.6452506E+02, 0.509041051743802
2.6452899E+02, 0.508813748300929
2.6453292E+02, 0.508590138349925
2.6453685E+02, 0.508370085596261
2.6454078E+02, 0.508153408591946
2.6454471E+02, 0.507939393020093
2.6454864E+02, 0.507728660839671
2.6455257E+02, 0.507521120831953
2.6455650E+02, 0.507316696956246
2.6456043E+02, 0.507115148223678
2.6456436E+02, 0.506916166339113
2.6456829E+02, 0.506720244524309
2.6457223E+02, 0.506527372759830
2.6457616E+02, 0.506337558341962
2.6458009E+02, 0.506150773422008
2.6458402E+02, 0.505966675251070
2.6458795E+02, 0.505785849376272
2.6459188E+02, 0.505608369027970
2.6459581E+02, 0.505434320555376
2.6459974E+02, 0.505263801816201
2.6460367E+02, 0.505096813080475
2.6460760E+02, 0.504933521645592
2.6461153E+02, 0.504774228214048
2.6461546E+02, 0.504619062134784
2.6461939E+02, 0.504468154699637
2.6462332E+02, 0.504321637371846
2.6462725E+02, 0.504179640114286
2.6463118E+02, 0.504042477765255
2.6463512E+02, 0.503910225237958
2.6463905E+02, 0.503782985401021
2.6464298E+02, 0.503660865652567
2.6464691E+02, 0.503543965909814
2.6465084E+02, 0.503432378537982
2.6465477E+02, 0.503326188320845
2.6465870E+02, 0.503225472507828
2.6466263E+02, 0.503130539638640
2.6466656E+02, 0.503041620402768
2.6467049E+02, 0.502958426635148
2.6467442E+02, 0.502881000015918
2.6467835E+02, 0.502809379107286
2.6468228E+02, 0.502743600659899
2.6468621E+02, 0.502683700888894
2.6469014E+02, 0.502629716541577
2.6469407E+02, 0.502581685824064
2.6469801E+02, 0.502539649075093
2.6470194E+02, 0.502503649317408
2.6470587E+02, 0.496150387383568
2.6470980E+02, 0.496095690988922
2.6471373E+02, 0.496050497412405
2.6471766E+02, 0.496015163252800
2.6472159E+02, 0.495990038138333
2.6472552E+02, 0.495975429335676
2.6472945E+02, 0.495971617029228
2.6473338E+02, 0.495978860927824
2.6473731E+02, 0.495997404095765
2.6474124E+02, 0.496027475654624
2.6474517E+02, 0.496069293165490
2.6474910E+02, 0.496123065045607
2.6475303E+02, 0.496188666624574
2.6475696E+02, 0.496265783421266
2.6476090E+02, 0.496355129893433
2.6476483E+02, 0.496456875337731
2.6476876E+02, 0.496571205249015
2.6477269E+02, 0.496698330016389
2.6477662E+02, 0.496838492879436
2.6478055E+02, 0.496991977577719
2.6478448E+02, 0.497159116301393
2.6478841E+02, 0.497336312747861
2.6479234E+02, 0.497527208662806
2.6479627E+02, 0.497732448933526
2.6480020E+02, 0.497952622594039
2.6480413E+02, 0.498187807226676
2.6480806E+02, 0.498432929057567
2.6481199E+02, 0.498694565649917
2.6481592E+02, 0.498973764687918
2.6481986E+02, 0.499258796143224
2.6482379E+02, 0.499535627958092
2.6482772E+02, 0.499827760287293
2.6483165E+02, 0.500136099737770
2.6483558E+02, 0.500354331267944
2.6483951E+02, 0.500564941627771
2.6484344E+02, 0.500778430066967
2.6484737E+02, 0.500994547901601
2.6485130E+02, 0.501214186097417
2.6485523E+02, 0.501440201764595
2.6485916E+02, 0.501668136937770
2.6486309E+02, 0.501897801347635
2.6486702E+02, 0.502129029760632
2.6487095E+02, 0.502366074252639
2.6487488E+02, 0.502605150744785
2.6487881E+02, 0.502845262613387
2.6488275E+02, 0.503086321951528
2.6488668E+02, 0.503331586780049
2.6489061E+02, 0.503579181216158
2.6489454E+02, 0.503827340731249
2.6489925E+02, 0.504125893199262
2.6490397E+02, 0.504429771461779
2.6490869E+02, 0.494676330951059
2.6491340E+02, 0.495145656589055
2.6491812E+02, 0.495625936923626
2.6492284E+02, 0.496119443659643
2.6492755E+02, 0.496623790860553
2.6493227E+02, 0.497142163485759
2.6493699E+02, 0.497671162518133
2.6494170E+02, 0.498215082915389
2.6494642E+02, 0.498770009211630
2.6495114E+02, 0.499331255418576
2.6495586E+02, 0.499880443437482
2.6496057E+02, 0.500375395401357
2.6496529E+02, 0.500796403803727
2.6497001E+02, 0.501207351543076
2.6497472E+02, 0.501609969485521
2.6497944E+02, 0.502003267240673
2.6498416E+02, 0.502388520624786
2.6498887E+02, 0.502765762893321
2.6499359E+02, 0.503134896961102
2.6499831E+02, 0.503497095554115
2.6500302E+02, 0.503851735989341
2.6500774E+02, 0.504199191917702
2.6501246E+02, 0.504540001941127
2.6501717E+02, 0.504873821448495
2.6502189E+02, 0.505200981715799
2.6502661E+02, 0.505521542764594
2.6503132E+02, 0.505835500157914
2.6503604E+02, 0.506143097694765
2.6504076E+02, 0.506443999119740
2.6504547E+02, 0.506738439968169
2.6505019E+02, 0.507026625450697
2.6505491E+02, 0.507308255082136
2.6505962E+02, 0.507583132498510
2.6506434E+02, 0.507851728054034
2.6506906E+02, 0.508114146394956
2.6507377E+02, 0.508369462592558
2.6507849E+02, 0.508618168855984
2.6508321E+02, 0.508860574300922
2.6508792E+02, 0.509096737450686
2.6509264E+02, 0.509325701492430
2.6509736E+02, 0.509547822853256
2.6510207E+02, 0.509763564135476
2.6510679E+02, 0.508461779692194
2.6511151E+02, 0.508631604918007
2.6511623E+02, 0.508792866845826
2.6512094E+02, 0.508945779742153
2.6512566E+02, 0.509090319506354
2.6513038E+02, 0.509226537271026
2.6513509E+02, 0.509354495647960
2.6513981E+02, 0.509474194768043
2.6514453E+02, 0.509585721946576
2.6514924E+02, 0.509689174798143
2.6515396E+02, 0.509784659784647
2.6515868E+02, 0.509872292581142
2.6516339E+02, 0.509952199217398
2.6516811E+02, 0.510024517343607
2.6517283E+02, 0.510089397466333
2.6517754E+02, 0.510147004091172
2.6518149E+02, 0.510189799875645
2.6518543E+02, 0.510227975728494
2.6518937E+02, 0.510261552677896
2.6519332E+02, 0.510290605472928
2.6519726E+02, 0.510315231885283
2.6520120E+02, 0.510335553509229
2.6520514E+02, 0.510351708943783
2.6520844E+02, 0.510362134584582
2.6521173E+02, 0.510369932551662
2.6521503E+02, 0.510375182810349
2.6521832E+02, 0.510377952482816
2.6522161E+02, 0.510378322206195
2.6522491E+02, 0.510376385914491
2.6522820E+02, 0.510372245884028
2.6523150E+02, 0.510366009076121
2.6523479E+02, 0.510357785291522
2.6523808E+02, 0.510347686331128
2.6524138E+02, 0.510335825555104
2.6524467E+02, 0.510322317669055
2.6524796E+02, 0.510307278529457
2.6525126E+02, 0.510290824928525
2.6525455E+02, 0.510273074428636
2.6525785E+02, 0.510254145127655
2.6526114E+02, 0.510234155479798
2.6526443E+02, 0.510213224060313
2.6526773E+02, 0.510191469330175
2.6527102E+02, 0.510169028842989
2.6527432E+02, 0.510146425296690
2.6527827E+02, 0.510118724924019
2.6528222E+02, 0.510090569859814
2.6528617E+02, 0.510062172803818
2.6529013E+02, 0.510033743592890
2.6529408E+02, 0.510005478127234
2.6529803E+02, 0.509977559739734
2.6530198E+02, 0.509950162859242
2.6530594E+02, 0.514112359498758
2.6530989E+02, 0.514097042158929
2.6531384E+02, 0.514081247341615
2.6531780E+02, 0.514065173053311
2.6532175E+02, 0.514048962230281
2.6532570E+02, 0.514032750578043
2.6532965E+02, 0.514016680941913
2.6533361E+02, 0.514000897322811
2.6533756E+02, 0.513985540162523
2.6534151E+02, 0.513970744440169
2.6534546E+02, 0.513956638989040
2.6534942E+02, 0.513943346350566
2.6535337E+02, 0.513930982854685
2.6535732E+02, 0.513919658520466
2.6536127E+02, 0.513909476994844
2.6536523E+02, 0.513900535463080
2.6536918E+02, 0.513892924600155
2.6537313E+02, 0.513886728630006
2.6537709E+02, 0.513882025306397
2.6538104E+02, 0.513878886034388
2.6538499E+02, 0.513877376008423
2.6538894E+02, 0.513877554405196
2.6539290E+02, 0.513879474679406
2.6539685E+02, 0.513883184748825
2.6540080E+02, 0.513888727292048
2.6540475E+02, 0.513896140058382
2.6540871E+02, 0.513905456274878
2.6541266E+02, 0.513916704965685
2.6541661E+02, 0.513929911344771
2.6542057E+02, 0.513945097172668
2.6542452E+02, 0.513962281144076
2.6542847E+02, 0.513981479247852
2.6543242E+02, 0.514002705152209
2.6543638E+02, 0.514025970585839
2.6544033E+02, 0.514051285634295
2.6544428E+02, 0.514078659115733
2.6544823E+02, 0.514108098906934
2.6545219E+02, 0.514139612267711
2.6545614E+02, 0.514173250880259
2.6546009E+02, 0.514209835854528
2.6546404E+02, 0.514248613436753
2.6546800E+02, 0.514289593442392
2.6547195E+02, 0.514332786072243
2.6547590E+02, 0.514378202124462
2.6547986E+02, 0.514425853208642
2.6548381E+02, 0.514475751904523
2.6548776E+02, 0.514527911826758
2.6549171E+02, 0.514582347663101
2.6549567E+02, 0.514639075366110
2.6549962E+02, 0.514698112133355
2.6550357E+02, 0.514759476404081
2.6550752E+02, 0.517691301091687
2.6551148E+02, 0.517769451580764
2.6551543E+02, 0.517849736278609
2.6551938E+02, 0.517932237074370
2.6552333E+02, 0.518017021193603
2.6552729E+02, 0.518104151854391
2.6553124E+02, 0.518193713374703
2.6553519E+02, 0.518285866293032
2.6553915E+02, 0.518380538796716
2.6554310E+02, 0.518477753992960
2.6554705E+02, 0.518577532599297
2.6555100E+02, 0.518679893470429
2.6555496E+02, 0.518784853668633
2.6555891E+02, 0.518892428554321
2.6556286E+02, 0.519002631753805
2.6556681E+02, 0.519115475033152
2.6557077E+02, 0.519231214545869
2.6557472E+02, 0.519349891426259
2.6557867E+02, 0.519471269071223
2.6558262E+02, 0.519595344450282
2.6558658E+02, 0.519722111983608
2.6559053E+02, 0.519851563603374
2.6559448E+02, 0.519983688867302
2.6559844E+02, 0.520118475066487
2.6560239E+02, 0.520256314276768
2.6560634E+02, 0.520397061491701
2.6561029E+02, 0.520540417635768
2.6561425E+02, 0.520686352385288
2.6561820E+02, 0.520834833470262
2.6562215E+02, 0.520985826963557
2.6562610E+02, 0.521139297464898
2.6563006E+02, 0.521295782829554
2.6563401E+02, 0.521454804071030
2.6563796E+02, 0.521616143785579
2.6564192E+02, 0.521779750538995
2.6564587E+02, 0.521945571911787
2.6564982E+02, 0.522113554692728
2.6565377E+02, 0.522284101827260
2.6565773E+02, 0.522456896695753
2.6566168E+02, 0.522631607026230
2.6566563E+02, 0.522808165480397
2.6566958E+02, 0.522986504740100
2.6567354E+02, 0.523166557842626
2.6567749E+02, 0.523348836585743
2.6568144E+02, 0.523532618187774
2.6568539E+02, 0.523717799190762
2.6568935E+02, 0.523904307347681
2.6569330E+02, 0.524092074370307
2.6569725E+02, 0.524281315758761
2.6570121E+02, 0.524471809088170
2.6570516E+02, 0.522017664242847
2.6570911E+02, 0.522220916179232
2.6571306E+02, 0.522424768675228
2.6571702E+02, 0.522629572739495
2.6572097E+02, 0.522835276926207
2.6572492E+02, 0.523041852754036
2.6572887E+02, 0.523248885806289
2.6573283E+02, 0.523455941995465
2.6573678E+02, 0.523663653795615
2.6574073E+02, 0.523872025374371
2.6574403E+02, 0.524046367369812
2.6574733E+02, 0.524220908312648
2.6575062E+02, 0.524395054514998
2.6575392E+02, 0.524569605239586
2.6575722E+02, 0.524744591659109
2.6576052E+02, 0.524920049793036
2.6576381E+02, 0.525096020534501
2.6576711E+02, 0.525271792913973
2.6577041E+02, 0.525447447252070
2.6577371E+02, 0.525623615863211
2.6577700E+02, 0.525800352351483
2.6578030E+02, 0.525977714368081
2.6578360E+02, 0.526155763423337
2.6578690E+02, 0.526333098709935
2.6579020E+02, 0.526510924044350
2.6579349E+02, 0.526689479730321
2.6579679E+02, 0.526868836996416
2.6580009E+02, 0.527049070486635
2.6580339E+02, 0.527229693800979
2.6580668E+02, 0.527409926745689
2.6580998E+02, 0.527591104206513
2.6581328E+02, 0.527773308809399
2.6581658E+02, 0.527956626066155
2.6581987E+02, 0.528141144240655
2.6582317E+02, 0.528325135009738
2.6582647E+02, 0.528509917765318
2.6582977E+02, 0.528695989165746
2.6583306E+02, 0.528883443255617
2.6583636E+02, 0.529072376299687
2.6583966E+02, 0.529261723396097
2.6584296E+02, 0.529451194485692
2.6584625E+02, 0.529642236805396
2.6584955E+02, 0.529834949481268
2.6585285E+02, 0.530029432545571
2.6585615E+02, 0.530225053278877
2.6585944E+02, 0.530420296541513
2.6586274E+02, 0.530617390458102
2.6586604E+02, 0.530816432280156
2.6586934E+02, 0.531017518404982
2.6587263E+02, 0.531220022757054
2.6587593E+02, 0.531421972272116
2.6587923E+02, 0.531626015919181
2.6588253E+02, 0.531832243084640
2.6588582E+02, 0.532040740879834
2.6588912E+02, 0.532250252858666
2.6589242E+02, 0.532459559785552
2.6589572E+02, 0.532671148678921
2.6589901E+02, 0.532885096350214
2.6590231E+02, 0.533101475577745
2.6590561E+02, 0.527265448165863
2.6590891E+02, 0.527468750320438
2.6591220E+02, 0.527674188991799
2.6591550E+02, 0.527881857059837
2.6591880E+02, 0.528091748747820
2.6592210E+02, 0.528303578652867
2.6592539E+02, 0.528517409927242
2.6592869E+02, 0.528733445890585
2.6593199E+02, 0.528951705488218
2.6593529E+02, 0.529172201254214
2.6593858E+02, 0.529394369803185
2.6594188E+02, 0.529618725709917
2.6594518E+02, 0.529845280437906
2.6594848E+02, 0.530074028522820
2.6595177E+02, 0.530304612976038
2.6595507E+02, 0.530537063864200
2.6595837E+02, 0.530771637946938
2.6596167E+02, 0.531008315395817
2.6596496E+02, 0.531246883778038
2.6596826E+02, 0.531487041732747
2.6597156E+02, 0.531729209743865
2.6597486E+02, 0.531973355187180
2.6597815E+02, 0.532219333894791
2.6598145E+02, 0.532466697651889
2.6598475E+02, 0.532715926753338
2.6598805E+02, 0.532966976515469
2.6599134E+02, 0.533219701886349
2.6599464E+02, 0.533473680189826
2.6599794E+02, 0.533729349998971
2.6600124E+02, 0.533986655784146
2.6600453E+02, 0.534245409031965
2.6600783E+02, 0.534505335729323
2.6601113E+02, 0.534766755756541
2.6601443E+02, 0.535029605226583
2.6601772E+02, 0.535293647762011
2.6602102E+02, 0.535558802435142
2.6602432E+02, 0.535825234855196
2.6602762E+02, 0.536092875264593
2.6603091E+02, 0.536361475108226
2.6603421E+02, 0.536631105104549
2.6603751E+02, 0.536901785409891
2.6604081E+02, 0.537173442486448
2.6604410E+02, 0.537445886056151
2.6604740E+02, 0.537719215588631
2.6605070E+02, 0.537993358629533
2.6605400E+02, 0.538268240057185
2.6605729E+02, 0.538543825546805
2.6606059E+02, 0.538820060252267
2.6606389E+02, 0.539096870376610
2.6606719E+02, 0.539374292046921
2.6607048E+02, 0.539652244285797
2.6607378E+02, 0.539930628381788
2.6607708E+02, 0.540209450925612
2.6608038E+02, 0.540489032349280
2.6608367E+02, 0.540768969084731
2.6608697E+02, 0.541049235026137
2.6609027E+02, 0.541330014202868
2.6609357E+02, 0.541611268855431
2.6609686E+02, 0.541892764370642
2.6610016E+02, 0.542174458488168
2.6610346E+02, 0.536988774791835
2.6610676E+02, 0.537288209278155
2.6611006E+02, 0.537593812213194
2.6611335E+02, 0.537905646144976
2.6611665E+02, 0.538223417784579
2.6611995E+02, 0.538546408468779
2.6612325E+02, 0.538875207156447
2.6612654E+02, 0.539209654669827
2.6612984E+02, 0.539549018175263
2.6613314E+02, 0.539893868570831
2.6613644E+02, 0.540243988337065
2.6613973E+02, 0.540598808908770
2.6614303E+02, 0.540958781856262
2.6614633E+02, 0.541323561817677
2.6614963E+02, 0.541692862601009
2.6615292E+02, 0.542066961681806
2.6615622E+02, 0.542445335894709
2.6615952E+02, 0.542828055844002
2.6616282E+02, 0.543215149470757
2.6616611E+02, 0.543606014337841
2.6616941E+02, 0.544000998688586
2.6617271E+02, 0.544399714191706
2.6617601E+02, 0.544802016968840
2.6617930E+02, 0.545207992200020
2.6618260E+02, 0.545617058858566
2.6618590E+02, 0.546029494590764
2.6618920E+02, 0.546444895341011
2.6619249E+02, 0.546863169083375
2.6619579E+02, 0.547284267032390
2.6619909E+02, 0.547707767323423
2.6620239E+02, 0.548133847302349
2.6620568E+02, 0.548561994103827
2.6620898E+02, 0.548992323019346
2.6621228E+02, 0.549424549559289
2.6621558E+02, 0.549858498181298
2.6621887E+02, 0.550294142588950
2.6622217E+02, 0.550731088006040
2.6622547E+02, 0.551169494065723
2.6622877E+02, 0.551608840556911
2.6623206E+02, 0.552049309735674
2.6623536E+02, 0.552490553213822
2.6623866E+02, 0.552932518502165
2.6624196E+02, 0.553375089231462
2.6624525E+02, 0.553818021015384
2.6624855E+02, 0.554261393948881
2.6625185E+02, 0.554704808567210
2.6625515E+02, 0.555148480882384
2.6625844E+02, 0.555591977573698
2.6626174E+02, 0.556035481315201
2.6626504E+02, 0.556478741815779
2.6626834E+02, 0.556921738311336
2.6627163E+02, 0.557364442851263
2.6627493E+02, 0.557806660462356
2.6627823E+02, 0.558248557199009
2.6628153E+02, 0.558689794431749
2.6628482E+02, 0.559130658439676
2.6628812E+02, 0.559570828438351
2.6629142E+02, 0.560010512442459
2.6629472E+02, 0.560449592793150
2.6629801E+02, 0.560888074074911
2.6630131E+02, 0.561326057748230
2.6630461E+02, 0.559004881171036
2.6630791E+02, 0.559442636379132
2.6631120E+02, 0.559880463508412
2.6631450E+02, 0.560318509495920
2.6631780E+02, 0.560756569429567
2.6632110E+02, 0.561195117180265
2.6632439E+02, 0.561633676933008
2.6632769E+02, 0.562072856580891
2.6633099E+02, 0.562512354791253
2.6633429E+02, 0.562952477744503
2.6633758E+02, 0.563393240452426
2.6634088E+02, 0.563834657984181
2.6634418E+02, 0.564277029648768
2.6634748E+02, 0.564720115740072
2.6635077E+02, 0.565164436523328
2.6635407E+02, 0.565609609009746
2.6635737E+02, 0.566056173283025
2.6636067E+02, 0.566503925712210
2.6636396E+02, 0.566953143377909
2.6636726E+02, 0.567403875836935
2.6637056E+02, 0.567856163432536
2.6637386E+02, 0.568310284708046
2.6637715E+02, 0.568766062588026
2.6638045E+02, 0.569223987197940
2.6638375E+02, 0.569683677057952
2.6638705E+02, 0.570145766771679
2.6639034E+02, 0.570609844940614
2.6639364E+02, 0.571076480801517
2.6639694E+02, 0.571545400989525
2.6640024E+02, 0.572017002332095
2.6640353E+02, 0.572491171451349
2.6640683E+02, 0.572968151429032
2.6641013E+02, 0.573447968444726
2.6641343E+02, 0.573930731874703
2.6641673E+02, 0.574416584519666
2.6642002E+02, 0.574905525775296
2.6642332E+02, 0.575397787364657
2.6642662E+02, 0.575893288516838
2.6642992E+02, 0.576392315533101
2.6643321E+02, 0.576894744944288
2.6643651E+02, 0.577400875110102
2.6643981E+02, 0.577910586482597
2.6644311E+02, 0.578424138333189
2.6644640E+02, 0.578941470977420
2.6644970E+02, 0.579462744853909
2.6645300E+02, 0.579988024560121
2.6645630E+02, 0.580517305410848
2.6645959E+02, 0.581050847043975
2.6646289E+02, 0.581588409933304
2.6646619E+02, 0.582130521661014
2.6646949E+02, 0.582676640068258
2.6647278E+02, 0.583227567190629
2.6647608E+02, 0.583782587333088
2.6647938E+02, 0.584342502000216
2.6648268E+02, 0.584906879097205
2.6648597E+02, 0.585476113144504
2.6648927E+02, 0.586050214794127
2.6649257E+02, 0.586629166606938
2.6649587E+02, 0.587213395941344
2.6649916E+02, 0.587802587124386
2.6650246E+02, 0.588397325231627
2.6650576E+02, 0.587417522592701
2.6650906E+02, 0.588009253212528
2.6651235E+02, 0.588605301855857
2.6651565E+02, 0.589206394703228
2.6651895E+02, 0.589810897554257
2.6652225E+02, 0.590420266178488
2.6652554E+02, 0.591033779986244
2.6652884E+02, 0.591651111084051
2.6653214E+02, 0.592273305261635
2.6653544E+02, 0.592898895081518
2.6653873E+02, 0.593529091867520
2.6654203E+02, 0.594164268939378
2.6654533E+02, 0.594803010053505
2.6654863E+02, 0.595447439685216
2.6655192E+02, 0.596097367451813
2.6655522E+02, 0.596752467696755
2.6655852E+02, 0.597414801808115
2.6656182E+02, 0.598084451205772
2.6656511E+02, 0.598761846964809
2.6656841E+02, 0.599445344772335
2.6657171E+02, 0.600130432456734
2.6657501E+02, 0.600778785484863
2.6657830E+02, 0.601422011241106
2.6658160E+02, 0.602066067376237
2.6658490E+02, 0.602711712747413
2.6658820E+02, 0.603357958337782
2.6659149E+02, 0.604006161219315
2.6659479E+02, 0.604656380746368
2.6659809E+02, 0.605308004073294
2.6660139E+02, 0.605962599897968
2.6660468E+02, 0.606619679050716
2.6660798E+02, 0.607278916857693
2.6661128E+02, 0.607941829695567
2.6661458E+02, 0.608607651983898
2.6661787E+02, 0.609276181745529
2.6662117E+02, 0.609948641101379
2.6662447E+02, 0.610624279814235
2.6662777E+02, 0.611302842899441
2.6663106E+02, 0.611985106776124
2.6663436E+02, 0.612670550823707
2.6663766E+02, 0.613358747892177
2.6664096E+02, 0.614050000533361
2.6664425E+02, 0.614744104807017
2.6664755E+02, 0.615440436663605
2.6665085E+02, 0.616138905204468
2.6665415E+02, 0.616839599672024
2.6665744E+02, 0.617541759512909
2.6666074E+02, 0.618245095570688
2.6666404E+02, 0.618949737396116
2.6666734E+02, 0.619655070852315
2.6667063E+02, 0.620360741123564
2.6667393E+02, 0.621066664360352
2.6667723E+02, 0.621772668007142
2.6668053E+02, 0.622478304274980
2.6668382E+02, 0.623183374459649
2.6668712E+02, 0.623888109416950
2.6669042E+02, 0.624592011878698
2.6669372E+02, 0.625294929022650
2.6669701E+02, 0.625997135729754
2.6670031E+02, 0.626698464996398
2.6670361E+02, 0.625831082676674
2.6670691E+02, 0.626515362855867
2.6671020E+02, 0.627199556900700
2.6671350E+02, 0.627883255811037
2.6671680E+02, 0.628566648003715
2.6672010E+02, 0.629249613276482
2.6672340E+02, 0.629931874155859
2.6672669E+02, 0.630613578792222
2.6672999E+02, 0.631294680293598
2.6673329E+02, 0.631975039404241
2.6673659E+02, 0.632654766927582
2.6673988E+02, 0.633333875224983
2.6674318E+02, 0.634012351641771
2.6674648E+02, 0.634690306174838
2.6674978E+02, 0.635367772474923
2.6675307E+02, 0.636044841153058
2.6675637E+02, 0.636721656088759
2.6675967E+02, 0.637398231813557
2.6676297E+02, 0.638074733267484
2.6676626E+02, 0.638751370072449
2.6676956E+02, 0.639428099586752
2.6677286E+02, 0.640105125176433
2.6677616E+02, 0.640782752663310
2.6677945E+02, 0.641460846088001
2.6678275E+02, 0.642139602321625
2.6678605E+02, 0.642819459625252
2.6678935E+02, 0.643500151656378
2.6679264E+02, 0.644181811816744
2.6679594E+02, 0.644865058556405
2.6679924E+02, 0.645549454132745
2.6680254E+02, 0.646235044578943
2.6680583E+02, 0.646922562906751
2.6680913E+02, 0.647611484409584
2.6681243E+02, 0.648301773670117
2.6681573E+02, 0.648993996577853
2.6681902E+02, 0.649687856778022
2.6682232E+02, 0.650383109074103
2.6682562E+02, 0.651080071600118
2.6682892E+02, 0.651778809633555
2.6683221E+02, 0.652478812065968
2.6683551E+02, 0.653180088200844
2.6683881E+02, 0.653883196346192
2.6684211E+02, 0.654587317796492
2.6684540E+02, 0.655292326274195
2.6684870E+02, 0.655998757843343
2.6685200E+02, 0.656706100075811
2.6685530E+02, 0.657414004474588
2.6685859E+02, 0.658122643370391
2.6686189E+02, 0.658832255578831
2.6686519E+02, 0.659542136961519
2.6686849E+02, 0.660252174849573
2.6687178E+02, 0.660963173179924
2.6687508E+02, 0.661674353023399
2.6687838E+02, 0.662385532798215
2.6688168E+02, 0.663097120690963
2.6688497E+02, 0.663809319385482
2.6688827E+02, 0.664521512207279
2.6689157E+02, 0.665233681044283
2.6689487E+02, 0.665947043086269
2.6689816E+02, 0.666660599119928
2.6690146E+02, 0.667374324575571
2.6690476E+02, 0.669706987674399
2.6690806E+02, 0.670416626458975
2.6691135E+02, 0.671126956037410
2.6691465E+02, 0.671837800475745
2.6691795E+02, 0.672549431099028
2.6692125E+02, 0.673261726817142
2.6692454E+02, 0.673974264801113
2.6692784E+02, 0.674687301914736
2.6693114E+02, 0.675400774438294
2.6693444E+02, 0.676114481361851
2.6693773E+02, 0.676828370163952
2.6694103E+02, 0.677542545580322
2.6694433E+02, 0.678256938515695
2.6694763E+02, 0.678971473927267
2.6695035E+02, 0.679562080270679
2.6695308E+02, 0.680152859720538
2.6695580E+02, 0.680743917411068
2.6695852E+02, 0.681335206267291
2.6696125E+02, 0.681926887170744
2.6696397E+02, 0.682518968968791
2.6696670E+02, 0.683111443304077
2.6696942E+02, 0.683704646532514
2.6697215E+02, 0.684298236353383
2.6697487E+02, 0.684892796643250
2.6697760E+02, 0.685487992439752
2.6698032E+02, 0.686083931848580
2.6698305E+02, 0.686681020620253
2.6698577E+02, 0.687278550839633
2.6698802E+02, 0.687774340398031
2.6699028E+02, 0.688270091237757
2.6699253E+02, 0.688767128615602
2.6699479E+02, 0.689263933232813
2.6699704E+02, 0.689762030575459
2.6699930E+02, 0.690259632635940
2.6700155E+02, 0.690758434339136
2.6700381E+02, 0.691256396114782
2.6700606E+02, 0.691755348253323
2.6700832E+02, 0.692253025083544
2.6701057E+02, 0.692751356238864
2.6701283E+02, 0.693247879150821
2.6701508E+02, 0.693744591900465
2.6701734E+02, 0.694238864687269
2.6701959E+02, 0.694732743598799
2.6702185E+02, 0.695223501082965
2.6702410E+02, 0.695713102833863
2.6702636E+02, 0.696198946314185
2.6702861E+02, 0.696682664551059
2.6703087E+02, 0.697162060737487
2.6703312E+02, 0.697638282587446
2.6703538E+02, 0.698109686173915
2.6703763E+02, 0.698576877165328
2.6703989E+02, 0.699038833726814
2.6704214E+02, 0.699509214401437
2.6704440E+02, 0.699985290197303
2.6704665E+02, 0.700504416644625
2.6704891E+02, 0.701077123144887
2.6705116E+02, 0.701646014074253
2.6705342E+02, 0.702214679846764
2.6705567E+02, 0.702777229295235
2.6705793E+02, 0.703339388351225
2.6706018E+02, 0.703896633363528
2.6706289E+02, 0.704562208224297
2.6706560E+02, 0.705224224921282
2.6706830E+02, 0.705879750698880
2.6707101E+02, 0.706532098144939
2.6707371E+02, 0.707180744695939
2.6707642E+02, 0.707824327265734
2.6707913E+02, 0.708465107094126
2.6708183E+02, 0.709102492125888
2.6708454E+02, 0.709736469067938
2.6708724E+02, 0.710368309106377
2.6708995E+02, 0.710997505401561
2.6709266E+02, 0.711624817823612
2.6709536E+02, 0.712250820343310
2.6709760E+02, 0.712768322701007
2.6709985E+02, 0.713285485104064
2.6710209E+02, 0.713802045050177
2.6710433E+02, 0.714268408882429
2.6710657E+02, 0.714790519924988
2.6710882E+02, 0.715312689504271
2.6711106E+02, 0.715835391967245
2.6711330E+02, 0.716358262234742
2.6711554E+02, 0.716881655903345
2.6711779E+02, 0.717405322882732
2.6712003E+02, 0.717929488670810
2.6712227E+02, 0.718454019688408
2.6712451E+02, 0.718979009982399
2.6712676E+02, 0.719504441866201
2.6712900E+02, 0.720030283262942
2.6713124E+02, 0.720556626671663
2.6713348E+02, 0.721083323969558
2.6713573E+02, 0.721610567644216
2.6713797E+02, 0.722138107546710
2.6714021E+02, 0.722666222293887
2.6714290E+02, 0.723300327027786
2.6714559E+02, 0.723935153289626
2.6714828E+02, 0.724570471551163
2.6715097E+02, 0.725206233685151
2.6715367E+02, 0.725842647206893
2.6715636E+02, 0.726479448211828
2.6715905E+02, 0.727116689813185
2.6716174E+02, 0.727754429542898
2.6716443E+02, 0.728392498622837
2.6716712E+02, 0.729030980710747
2.6716981E+02, 0.729669835342197
2.6717250E+02, 0.730308963483610
2.6717519E+02, 0.730948467108078
2.6717788E+02, 0.731588246113252
2.6718057E+02, 0.732228254792535
2.6718327E+02, 0.732868593765957
2.6718596E+02, 0.733509141247945
2.6718865E+02, 0.734149901932655
2.6719134E+02, 0.734790927030361
2.6719403E+02, 0.735432131432060
2.6719672E+02, 0.736073544505483
2.6719941E+02, 0.736715183239535
2.6720210E+02, 0.737356987421775
2.6720479E+02, 0.737999018743405
2.6720748E+02, 0.738641260636743
2.6721018E+02, 0.739283673813465
2.6721287E+02, 0.739926366402831
2.6721556E+02, 0.740569276033835
2.6721825E+02, 0.741212400710089
2.6722094E+02, 0.741855874968145
2.6722363E+02, 0.742499606228998
2.6722632E+02, 0.743143648624835
2.6722955E+02, 0.743917042334460
2.6723278E+02, 0.744690992293082
2.6723601E+02, 0.745465558805076
2.6723924E+02, 0.746240816693898
2.6724247E+02, 0.747016982206374
2.6724515E+02, 0.747662124853171
2.6724783E+02, 0.748307847331052
2.6725051E+02, 0.748954409732713
2.6725319E+02, 0.749601692405376
2.6725587E+02, 0.750249683497557
2.6725855E+02, 0.750898714518237
2.6726124E+02, 0.751548541182368
2.6726392E+02, 0.752199234554499
2.6726660E+02, 0.752851045131404
2.6726928E+02, 0.753503733007826
2.6727196E+02, 0.754157396718544
2.6727464E+02, 0.754812191288201
2.6727732E+02, 0.755467882801568
2.6728000E+02, 0.756124580435869
2.6728269E+02, 0.756782344285546
2.6728537E+02, 0.757440945106621
2.6728805E+02, 0.758100486193587
2.6729073E+02, 0.758760946195832
2.6729341E+02, 0.759422098759303
2.6729609E+02, 0.760084031850537
2.6729877E+02, 0.760746665538515
2.6730146E+02, 0.761409777119088
2.6730414E+02, 0.760769872824807
2.6730682E+02, 0.761438302734433
2.6730950E+02, 0.762108058700475
2.6731218E+02, 0.762779208842028
2.6731486E+02, 0.763451504015613
2.6731754E+02, 0.764125072747251
2.6732022E+02, 0.764800000846088
2.6732291E+02, 0.765476020137296
2.6732559E+02, 0.766153217419655
2.6732827E+02, 0.766831725614949
2.6733095E+02, 0.767511253036667
2.6733363E+02, 0.768191837707018
2.6733631E+02, 0.768873684268988
2.6733899E+02, 0.769556478999453
2.6734167E+02, 0.770240211571713
2.6734436E+02, 0.770925177679786
2.6734704E+02, 0.771611045382342
2.6734972E+02, 0.772297800593369
2.6735240E+02, 0.772985721996006
2.6735508E+02, 0.773674584802447
2.6735776E+02, 0.774364352821060
2.6736044E+02, 0.775055240078866
2.6736313E+02, 0.775747185536910
2.6736581E+02, 0.776440111758726
2.6736849E+02, 0.777134167947752
2.6737117E+02, 0.777829455454521
2.6737385E+02, 0.778525846698190
2.6737653E+02, 0.779223416397819
2.6737921E+02, 0.779922421065454
2.6738189E+02, 0.780622666260751
2.6738458E+02, 0.781324190129421
2.6738726E+02, 0.782027221074811
2.6738994E+02, 0.782731638467776
2.6739262E+02, 0.783437402785100
2.6739530E+02, 0.784144595580621
2.6739798E+02, 0.784853219587402
2.6740066E+02, 0.785563116024267
2.6740334E+02, 0.786274236467772
2.6740603E+02, 0.786986568689910
2.6740924E+02, 0.787842652903750
2.6741246E+02, 0.788699898220557
2.6741568E+02, 0.789557966654544
2.6741890E+02, 0.790416455289070
2.6742211E+02, 0.791274902591632
2.6742533E+02, 0.792132561533762
2.6742855E+02, 0.792988940896648
2.6743177E+02, 0.793843444673061
2.6743498E+02, 0.794695452726493
2.6743820E+02, 0.795544356736259
2.6744142E+02, 0.796389583844819
2.6744464E+02, 0.797230426683662
2.6744785E+02, 0.798065764383244
2.6745107E+02, 0.798895830409773
2.6745429E+02, 0.799737357078788
2.6745751E+02, 0.800624196569723
2.6746072E+02, 0.801566535542131
2.6746394E+02, 0.802502971734479
2.6746716E+02, 0.803433757555167
2.6747038E+02, 0.804359231845387
2.6747359E+02, 0.805279800495069
2.6747681E+02, 0.806195338797210
2.6748003E+02, 0.807106907936732
2.6748325E+02, 0.808015119347783
2.6748647E+02, 0.808920496446129
2.6748968E+02, 0.809823564495424
2.6749290E+02, 0.810724842485496
2.6749612E+02, 0.811624835633263
2.6749934E+02, 0.812524028901880
2.6750255E+02, 0.813422881559692
2.6750577E+02, 0.813729973248024
2.6750899E+02, 0.814620533658906
2.6751221E+02, 0.815512184034268
2.6751542E+02, 0.816405070679196
2.6751864E+02, 0.817299338687925
2.6752186E+02, 0.818195001254950
2.6752508E+02, 0.819092243730398
2.6752829E+02, 0.819991178821486
2.6753151E+02, 0.820891853913447
2.6753473E+02, 0.821794293784311
2.6753795E+02, 0.822698504026751
2.6754116E+02, 0.823604476032825
2.6754438E+02, 0.824512192348106
2.6754760E+02, 0.825421632334281
2.6755082E+02, 0.826332777470268
2.6755403E+02, 0.827245560713649
2.6755725E+02, 0.828159930385367
2.6756047E+02, 0.829076002047854
2.6756369E+02, 0.829993801272563
2.6756690E+02, 0.830913367345779
2.6757012E+02, 0.831834751271933
2.6757334E+02, 0.832758012247419
2.6757656E+02, 0.833683213798655
2.6757977E+02, 0.834610418934216
2.6758299E+02, 0.835539684685698
2.6758621E+02, 0.836471056725018
2.6758943E+02, 0.837404564694970
2.6759264E+02, 0.838340217855082
2.6759586E+02, 0.839277996239111
2.6759908E+02, 0.840217673789717
2.6760230E+02, 0.841159366464479
2.6760551E+02, 0.842102980279488
2.6760814E+02, 0.842873831736956
2.6761076E+02, 0.843645989762192
2.6761339E+02, 0.844419382253829
2.6761601E+02, 0.845193578517097
2.6761864E+02, 0.845968289228129
2.6762126E+02, 0.846743976595250
2.6762389E+02, 0.847520555989539
2.6762651E+02, 0.848297945835628
2.6762913E+02, 0.849075141771702
2.6763176E+02, 0.849852936754551
2.6763438E+02, 0.850631343931532
2.6763701E+02, 0.851410320079397
2.6763963E+02, 0.852189376010967
2.6764226E+02, 0.852968346966290
2.6764488E+02, 0.853747854295885
2.6764750E+02, 0.854527917075580
2.6765013E+02, 0.855308569929730
2.6765275E+02, 0.856088855213347
2.6765538E+02, 0.856869741171079
2.6765800E+02, 0.857651427367608
2.6766063E+02, 0.858434002428238
2.6766325E+02, 0.859217189949944
2.6766587E+02, 0.860000678109158
2.6766850E+02, 0.860785378845879
2.6767112E+02, 0.861571396924009
2.6767375E+02, 0.862358834162156
2.6767637E+02, 0.863146982378918
2.6767900E+02, 0.863936326919505
2.6768162E+02, 0.864727345353168
2.6768425E+02, 0.865520089285910
2.6768687E+02, 0.866314592218263
2.6768949E+02, 0.867109750382366
2.6769212E+02, 0.867906493025359
2.6769474E+02, 0.868704939740286
2.6769737E+02, 0.869505025746450
2.6769999E+02, 0.870306662724402
2.6770262E+02, 0.871108472083510
2.6770524E+02, 0.868510493441709
2.6770786E+02, 0.869310553769212
2.6771049E+02, 0.870112049498554
2.6771311E+02, 0.870914838752983
2.6771574E+02, 0.871718809109414
2.6771836E+02, 0.872523845643738
2.6772099E+02, 0.873329826081801
2.6772361E+02, 0.874136534583234
2.6772623E+02, 0.874943853466871
2.6772886E+02, 0.875751666725435
2.6773148E+02, 0.876559848819189
2.6773411E+02, 0.877368284933192
2.6773673E+02, 0.878176701701372
2.6773936E+02, 0.878985025639713
2.6774198E+02, 0.879793297811661
2.6774460E+02, 0.880601484057415
2.6774723E+02, 0.881409576829810
2.6774985E+02, 0.882217421214952
2.6775248E+02, 0.883024947604465
2.6775510E+02, 0.883832493152409
2.6775773E+02, 0.884640171918346
2.6776035E+02, 0.885448123753002
2.6776298E+02, 0.886256406582911
2.6776560E+02, 0.887064899281988
2.6776822E+02, 0.887874225880737
2.6777085E+02, 0.888684613694804
2.6777347E+02, 0.889496297770296
2.6777610E+02, 0.890309515838762
2.6777872E+02, 0.891124079128065
2.6778135E+02, 0.891940664634026
2.6778397E+02, 0.892759528157245
2.6778659E+02, 0.893580868527825
2.6778922E+02, 0.894404852012042
2.6779184E+02, 0.895231480547518
2.6779447E+02, 0.896060807460217
2.6779709E+02, 0.896893059352743
2.6779972E+02, 0.897728166071721
2.6780234E+02, 0.898565963431556
2.6780496E+02, 0.899404295311240
2.6780759E+02, 0.900232465423100
2.6781021E+02, 0.901034717087174
2.6781284E+02, 0.901838638336566
2.6781546E+02, 0.902646415765387
2.6781809E+02, 0.903457745059449
2.6782071E+02, 0.904272080540124
2.6782334E+02, 0.905088211826307
2.6782596E+02, 0.905906829163196
2.6782858E+02, 0.906727545430642
2.6783121E+02, 0.907549974994594
2.6783383E+02, 0.908373742561004
2.6783646E+02, 0.909197766092124
2.6783908E+02, 0.910022019233940
2.6784171E+02, 0.910846712731856
2.6784433E+02, 0.911671580971887
2.6784695E+02, 0.912496392254997
2.6784958E+02, 0.913320950613235
2.6785220E+02, 0.914144109288598
2.6785483E+02, 0.914966738459782
2.6785745E+02, 0.915788859202521
2.6786008E+02, 0.916610418804501
2.6786270E+02, 0.917431396839348
2.6786532E+02, 0.918251506950618
2.6786795E+02, 0.919070469418327
2.6787057E+02, 0.919889067691291
2.6787320E+02, 0.920707379622888
2.6787582E+02, 0.921525501463549
2.6787845E+02, 0.922343544900358
2.6788107E+02, 0.923160970967417
2.6788369E+02, 0.923978488372302
2.6788632E+02, 0.924796396507875
2.6788894E+02, 0.925614823698100
2.6789157E+02, 0.926433897063915
2.6789419E+02, 0.927253504730536
2.6789682E+02, 0.928073503012862
2.6789944E+02, 0.928894534412502
2.6790207E+02, 0.929716678650896
2.6790469E+02, 0.929118698333764
2.6790731E+02, 0.929967488327827
2.6790994E+02, 0.930815393432590
2.6791256E+02, 0.931662439089474
2.6791519E+02, 0.932508679187556
2.6791781E+02, 0.933354182288944
2.6792044E+02, 0.934198877897179
2.6792306E+02, 0.935042955121265
2.6792568E+02, 0.935886564140629
2.6792831E+02, 0.936729796530978
2.6793093E+02, 0.937572741912932
2.6793356E+02, 0.938415485135536
2.6793618E+02, 0.939258023374290
2.6793881E+02, 0.940100364244846
2.6794143E+02, 0.940942716917197
2.6794405E+02, 0.941785122809001
2.6794668E+02, 0.942627609058929
2.6794930E+02, 0.943470187960149
2.6795193E+02, 0.944312853650567
2.6795455E+02, 0.945155335138668
2.6795718E+02, 0.945997866740425
2.6795980E+02, 0.946840404537097
2.6796243E+02, 0.947682894262943
2.6796505E+02, 0.948525273295336
2.6796767E+02, 0.949367472773575
2.6797030E+02, 0.950209209489107
2.6797292E+02, 0.951050526423629
2.6797555E+02, 0.951891453176731
2.6797817E+02, 0.952731921538705
2.6798080E+02, 0.953571868956036
2.6798342E+02, 0.954411240143287
2.6798604E+02, 0.955249837897852
2.6798867E+02, 0.956087581442850
2.6799129E+02, 0.956924656695079
2.6799392E+02, 0.957761050947323
2.6799654E+02, 0.958596762151989
2.6799917E+02, 0.959431798226005
2.6800179E+02, 0.960266052479721
2.6800441E+02, 0.961099431065995
2.6800704E+02, 0.961932231788928
2.6800966E+02, 0.962764491423652
2.6801229E+02, 0.963596248986295
2.6801491E+02, 0.964427543785406
2.6801754E+02, 0.965258268821232
2.6802016E+02, 0.966088377016374
2.6802278E+02, 0.966918145887082
2.6802541E+02, 0.967747595285527
2.6802803E+02, 0.968576736381304
2.6803066E+02, 0.969405570645067
2.6803328E+02, 0.970233887630779
2.6803591E+02, 0.971061699231702
2.6803853E+02, 0.971889165740292
2.6804116E+02, 0.972716246218974
2.6804378E+02, 0.973542891620018
2.6804640E+02, 0.974369046525422
2.6804903E+02, 0.975194359904181
2.6805165E+02, 0.976018982589485
2.6805428E+02, 0.976842956940324
2.6805690E+02, 0.977666227473428
2.6805953E+02, 0.978488744794387
2.6806215E+02, 0.979310433579698
2.6806477E+02, 0.980130973448439
2.6806740E+02, 0.980950716046409
2.6807002E+02, 0.981769661971782
2.6807265E+02, 0.982587823600295
2.6807527E+02, 0.983405223364517
2.6807790E+02, 0.984221733088514
2.6808052E+02, 0.985037494765535
2.6808314E+02, 0.985852681246536
2.6808577E+02, 0.986667323888587
2.6808839E+02, 0.987481434850224
2.6809102E+02, 0.988294979065490
2.6809364E+02, 0.989107907411445
2.6809627E+02, 0.989920246908615
2.6809889E+02, 0.990731829136938
2.6810152E+02, 0.991542405058486
2.6810414E+02, 0.992906035499929
2.6810676E+02, 0.993721149483406
2.6810939E+02, 0.994535092871396
2.6811201E+02, 0.995348437451242
2.6811464E+02, 0.996161267643588
2.6811726E+02, 0.996974110435167
2.6811989E+02, 0.997786956022487
2.6812251E+02, 0.998599558471066
2.6812513E+02, 0.999410812413791
2.6812776E+02, 1.00021575771523
2.6813038E+02, 1.00101008146167
2.6813301E+02, 1.00180350794255
2.6813563E+02, 1.00259764037576
2.6813826E+02, 1.00339250037747
2.6814088E+02, 1.00418701769806
2.6814350E+02, 1.00498153974847
2.6814613E+02, 1.00577614821992
2.6814875E+02, 1.00657051344120
2.6815138E+02, 1.00736429956653
2.6815400E+02, 1.00815608625226
2.6815663E+02, 1.00894664940567
2.6815925E+02, 1.00973598247551
2.6816187E+02, 1.01052396373156
2.6816450E+02, 1.01131040397682
2.6816712E+02, 1.01209455115894
2.6816975E+02, 1.01287759152884
2.6817237E+02, 1.01365969504214
2.6817500E+02, 1.01444108978165
2.6817762E+02, 1.01522158320572
2.6818025E+02, 1.01600164592433
2.6818287E+02, 1.01678204818003
2.6818549E+02, 1.01756312230555
2.6818812E+02, 1.01834520070788
2.6819074E+02, 1.01912796867594
2.6819337E+02, 1.01991242245064
2.6819599E+02, 1.02069882952005
2.6819862E+02, 1.02148740199398
2.6820124E+02, 1.02227814680006
2.6820386E+02, 1.02307099738230
2.6820649E+02, 1.02386641668894
2.6820911E+02, 1.02466442537404
2.6821174E+02, 1.02546500277228
2.6821436E+02, 1.02626791307638
2.6821699E+02, 1.02707296493012
2.6821961E+02, 1.02788034533374
2.6822223E+02, 1.02868992494804
2.6822486E+02, 1.02950156708447
2.6822748E+02, 1.03031506860546
2.6823011E+02, 1.03113000778134
2.6823273E+02, 1.03194664794359
2.6823536E+02, 1.03276489265677
2.6823798E+02, 1.03358466671812
2.6824060E+02, 1.03440591829717
2.6824323E+02, 1.03522836361530
2.6824585E+02, 1.03605214176049
2.6824848E+02, 1.03687740977553
2.6825110E+02, 1.03770420540440
2.6825373E+02, 1.03853258190784
2.6825635E+02, 1.03936260418303
2.6825950E+02, 1.04036067587534
2.6826265E+02, 1.04136130286675
2.6826580E+02, 1.04236461004810
2.6826895E+02, 1.04337069629809
2.6827210E+02, 1.04437963181811
2.6827525E+02, 1.04539145066125
2.6827840E+02, 1.04640614389200
2.6828154E+02, 1.04742365484998
2.6828469E+02, 1.04844387732944
2.6828784E+02, 1.04946665616481
2.6829099E+02, 1.05049179035059
2.6829414E+02, 1.05151903837864
2.6829729E+02, 1.05254812518037
2.6830044E+02, 1.05357875062832
2.6830359E+02, 1.05033418037560
2.6830674E+02, 1.05137554811213
2.6830989E+02, 1.05241795207952
2.6831304E+02, 1.05346115652513
2.6831619E+02, 1.05450501116211
2.6831934E+02, 1.05554938085786
2.6832248E+02, 1.05659414218253
2.6832563E+02, 1.05763918542052
2.6832878E+02, 1.05868441676942
2.6833193E+02, 1.05972975880816
2.6833508E+02, 1.06077514992366
2.6833823E+02, 1.06182054239275
2.6834138E+02, 1.06286589896997
2.6834453E+02, 1.06391118826914
2.6834768E+02, 1.06495637894528
2.6835083E+02, 1.06600143296971
2.6835398E+02, 1.06704629838365
2.6835713E+02, 1.06809090211430
2.6836027E+02, 1.06913514348798
2.6836342E+02, 1.07017888898537
2.6836657E+02, 1.07122196911675
2.6836972E+02, 1.07226417840489
2.6837287E+02, 1.07330527863133
2.6837602E+02, 1.07434500676694
2.6837917E+02, 1.07538303510825
2.6838232E+02, 1.07641911373332
2.6838547E+02, 1.07745302332832
2.6838862E+02, 1.07848456599141
2.6839177E+02, 1.07951361631128
2.6839492E+02, 1.08054014617657
2.6839807E+02, 1.08156424801948
2.6840121E+02, 1.08258615446315
2.6840436E+02, 1.08360625224103
2.6840751E+02, 1.08462508903843
2.6841066E+02, 1.08564337116748
2.6841381E+02, 1.08666195107525
2.6841696E+02, 1.08768180322998
2.6842011E+02, 1.08870398713262
2.6842326E+02, 1.08972959618084
2.6842641E+02, 1.09075969111126
2.6842956E+02, 1.09179521626151
2.6843271E+02, 1.09283689756713
2.6843586E+02, 1.09388512102505
2.6843901E+02, 1.09493979262863
2.6844215E+02, 1.09600018236133
2.6844530E+02, 1.09706476050448
2.6844845E+02, 1.09813103852124
2.6845160E+02, 1.09919543727033
2.6845475E+02, 1.10022749266649
2.6845790E+02, 1.10121931334000
2.6846105E+02, 1.10221995737528
2.6846420E+02, 1.10323151371913
2.6846735E+02, 1.10425059900156
2.6847050E+02, 1.10527398146328
2.6847365E+02, 1.10629875397902
2.6847680E+02, 1.10732245205849
2.6847994E+02, 1.10834311750482
2.6848309E+02, 1.10935931494451
2.6848624E+02, 1.11037011158835
2.6848939E+02, 1.11137495950851
2.6849254E+02, 1.11237394662001
2.6849569E+02, 1.11336724572577
2.6849884E+02, 1.11435529176092
2.6850199E+02, 1.11533882665936
2.6850514E+02, 1.11331930705396
2.6850829E+02, 1.11432065919125
2.6851144E+02, 1.11532208642931
2.6851459E+02, 1.11632385468799
2.6851774E+02, 1.11732615729169
2.6852088E+02, 1.11832915298716
2.6852403E+02, 1.11933296383389
2.6852718E+02, 1.12033767182289
2.6853033E+02, 1.12134331900938
2.6853348E+02, 1.12234991131637
2.6853663E+02, 1.12335742555594
2.6853978E+02, 1.12436581813875
2.6854293E+02, 1.12537503474029
2.6854608E+02, 1.12638500144817
2.6854923E+02, 1.12739568598546
2.6855238E+02, 1.12840705398286
2.6855553E+02, 1.12941908949570
2.6855867E+02, 1.13043179794639
2.6856182E+02, 1.13144520640004
2.6856497E+02, 1.13245936230319
2.6856812E+02, 1.13347432999819
2.6857127E+02, 1.13449018592491
2.6857442E+02, 1.13550701297257
2.6857757E+02, 1.13652489459794
2.6858072E+02, 1.13754390860976
2.6858387E+02, 1.13856412167662
2.6858702E+02, 1.13958558445869
2.6859017E+02, 1.14060832775677
2.6859332E+02, 1.14163235976672
2.6859647E+02, 1.14265766491725
2.6859961E+02, 1.14368420413153
2.6860276E+02, 1.14471191576382
2.6860591E+02, 1.14574071824377
2.6860906E+02, 1.14677051333059
2.6861221E+02, 1.14780119021422
2.6861536E+02, 1.14883263013600
2.6861851E+02, 1.14986471124052
2.6862166E+02, 1.15089731362455
2.6862481E+02, 1.15193032384086
2.6862796E+02, 1.15296363904291
2.6863111E+02, 1.15399717097213
2.6863426E+02, 1.15503084916861
2.6863741E+02, 1.15606462307125
2.6864055E+02, 1.15709846363601
2.6864370E+02, 1.15813236361594
2.6864685E+02, 1.15916633774547
2.6865000E+02, 1.16020042162319
2.6865315E+02, 1.16123466969283
2.6865630E+02, 1.16226915244608
2.6865945E+02, 1.16330395282284
2.6866260E+02, 1.16433916185292
2.6866575E+02, 1.16537487352152
2.6866890E+02, 1.16641107057063
2.6867205E+02, 1.16744786720788
2.6867520E+02, 1.16848539490651
2.6867834E+02, 1.16952369991937
2.6868149E+02, 1.17056280132571
2.6868464E+02, 1.17160268542070
2.6868779E+02, 1.17264330119634
2.6869094E+02, 1.17368455697637
2.6869409E+02, 1.17472631822260
2.6869724E+02, 1.17576840771059
2.6870039E+02, 1.17681060837314
2.6870354E+02, 1.17780358649469
2.6870669E+02, 1.17881732042856
2.6870984E+02, 1.17983071541324
2.6871299E+02, 1.18084366594854
2.6871614E+02, 1.18185604811889
2.6871928E+02, 1.18286772713843
2.6872243E+02, 1.18387856146295
2.6872558E+02, 1.18488840759089
2.6872873E+02, 1.18589712608918
2.6873188E+02, 1.18690458881818
2.6873503E+02, 1.18791068797882
2.6873818E+02, 1.18891534703071
2.6874133E+02, 1.18991853243611
2.6874448E+02, 1.19092026634510
2.6874763E+02, 1.19192064048175
2.6875078E+02, 1.19291982958074
2.6875393E+02, 1.19391810509261
2.6875707E+02, 1.19491584814703
2.6876022E+02, 1.19591355965104
2.6876337E+02, 1.19691187064399
2.6876652E+02, 1.19791154763832
2.6876967E+02, 1.19891349588328
2.6877282E+02, 1.19990968056410
2.6877597E+02, 1.20088530252053
2.6877912E+02, 1.20184595139074
2.6878227E+02, 1.20280594980506
2.6878542E+02, 1.20376570383672
2.6878857E+02, 1.20472554993552
2.6879172E+02, 1.20568574757203
2.6879487E+02, 1.20664647367335
2.6879801E+02, 1.20760782058590
2.6880116E+02, 1.20856979597128
2.6880431E+02, 1.20953232616562
2.6880746E+02, 1.21049526272766
2.6881061E+02, 1.21145839124683
2.6881376E+02, 1.21242144290599
2.6881691E+02, 1.21338407231741
2.6882006E+02, 1.21434593822198
2.6882321E+02, 1.21530671913315
2.6882636E+02, 1.21626606783041
2.6882951E+02, 1.21722365177333
2.6883266E+02, 1.21817916517832
2.6883581E+02, 1.21913233912813
2.6883895E+02, 1.22008294986393
2.6884210E+02, 1.22103082477365
2.6884525E+02, 1.22197584603425
2.6884840E+02, 1.22291795128996
2.6885155E+02, 1.22385713321188
2.6885470E+02, 1.22479343699210
2.6885785E+02, 1.22572695604372
2.6886100E+02, 1.22665782642852
2.6886415E+02, 1.22758622017988
2.6886730E+02, 1.22851233804658
2.6887045E+02, 1.22943640158704
2.6887360E+02, 1.23035854513988
2.6887674E+02, 1.23127905860290
2.6887989E+02, 1.23219822501848
2.6888304E+02, 1.23311626125389
2.6888619E+02, 1.23403336412578
2.6888934E+02, 1.23494970405843
2.6889249E+02, 1.23586541972125
2.6889564E+02, 1.23678061372483
2.6889879E+02, 1.23769534953707
2.6890194E+02, 1.23860964998874
2.6890509E+02, 1.23859118499895
2.6890824E+02, 1.23947179939087
2.6891139E+02, 1.24035011396544
2.6891454E+02, 1.24122628692165
2.6891768E+02, 1.24210055543728
2.6892083E+02, 1.24297305089037
2.6892398E+02, 1.24384390631000
2.6892713E+02, 1.24471325359574
2.6893028E+02, 1.24558122062952
2.6893343E+02, 1.24644792860264
2.6893658E+02, 1.24731338330880
2.6893973E+02, 1.24817778848757
2.6894288E+02, 1.24904126724615
2.6894603E+02, 1.24990388948621
2.6894918E+02, 1.25076570930512
2.6895233E+02, 1.25162676514966
2.6895547E+02, 1.25248708037491
2.6895862E+02, 1.25334661224582
2.6896177E+02, 1.25420538253074
2.6896492E+02, 1.25506343858001
2.6896807E+02, 1.25592076287990
2.6897122E+02, 1.25677733547107
2.6897437E+02, 1.25763313674692
2.6897752E+02, 1.25848815093742
2.6898067E+02, 1.25934231809516
2.6898382E+02, 1.26019566515000
2.6898697E+02, 1.26104825785159
2.6899012E+02, 1.26190012472572
2.6899327E+02, 1.26275130986975
2.6899641E+02, 1.26360187371797
2.6899956E+02, 1.26445189353837
2.6900271E+02, 1.26530137465507
2.6900586E+02, 1.26615051039924
2.6900901E+02, 1.26699944384245
2.6901216E+02, 1.26784830334850
2.6901531E+02, 1.26869722356801
2.6901846E+02, 1.26954634199676
2.6902161E+02, 1.27039576612755
2.6902476E+02, 1.27124553382986
2.6902791E+02, 1.27209590285115
2.6903106E+02, 1.27294698061501
2.6903421E+02, 1.27379885851288
2.6903735E+02, 1.27465160841392
2.6904050E+02, 1.27550527912435
2.6904365E+02, 1.27635977742157
2.6904680E+02, 1.27721506744841
2.6904995E+02, 1.27807125408884
2.6905310E+02, 1.27892827337906
2.6905625E+02, 1.27978603437132
2.6905940E+02, 1.28064442108624
2.6906255E+02, 1.28150329513827
2.6906570E+02, 1.28236229501502
2.6906885E+02, 1.28322119156910
2.6907200E+02, 1.28408003969519
2.6907514E+02, 1.28493866781283
2.6907829E+02, 1.28579691984517
2.6908144E+02, 1.28665466763252
2.6908459E+02, 1.28751182549766
2.6908774E+02, 1.28836805420144
2.6909089E+02, 1.28922325455633
2.6909404E+02, 1.29007797851603
2.6909719E+02, 1.29093248647884
2.6910034E+02, 1.29178717579223
2.6910349E+02, 1.29187780830980
2.6910664E+02, 1.29273236069632
2.6910979E+02, 1.29358722670476
2.6911294E+02, 1.29444243665794
2.6911608E+02, 1.29529755607900
2.6911923E+02, 1.29615324081780
2.6912238E+02, 1.29700980159363
2.6912553E+02, 1.29786760612982
2.6912868E+02, 1.29872713909853
2.6913183E+02, 1.29958785448909
2.6913498E+02, 1.30044364119592
2.6913813E+02, 1.30128879356569
2.6914128E+02, 1.30213331915794
2.6914443E+02, 1.30297750879818
2.6914758E+02, 1.30382169308756
2.6915073E+02, 1.30466620023101
2.6915387E+02, 1.30551134498980
2.6915702E+02, 1.30635764565155
2.6916017E+02, 1.30720533617635
2.6916332E+02, 1.30805439361207
2.6916647E+02, 1.30890497039349
2.6916962E+02, 1.30975716295159
2.6917277E+02, 1.31061100695243
2.6917592E+02, 1.31146647647218
2.6917907E+02, 1.31232368630715
2.6918222E+02, 1.31318232399391
2.6918537E+02, 1.31404214860328
2.6918852E+02, 1.31490293268352
2.6919167E+02, 1.31576441690446
2.6919481E+02, 1.31662632105445
2.6919796E+02, 1.31748835514765
2.6920111E+02, 1.31835030556015
2.6920426E+02, 1.31921187560637
2.6920741E+02, 1.32007277991937
2.6921056E+02, 1.32093280198295
2.6921371E+02, 1.32179176097437
2.6921686E+02, 1.32264951656097
2.6922001E+02, 1.32350597155639
2.6922316E+02, 1.32436113052556
2.6922631E+02, 1.32521500882389
2.6922946E+02, 1.32606760422233
2.6923261E+02, 1.32691898737131
2.6923575E+02, 1.32776926056965
2.6923890E+02, 1.32861855219340
2.6924205E+02, 1.32946701058288
2.6924520E+02, 1.33031490798832
2.6924835E+02, 1.33116235363798
2.6925150E+02, 1.33200948887488
2.6925465E+02, 1.33285646344886
2.6925780E+02, 1.33370341203097
2.6926095E+02, 1.33455044841456
2.6926410E+02, 1.33539768341084
2.6926725E+02, 1.33624520612423
2.6927040E+02, 1.33709298421244
2.6927354E+02, 1.33794099922155
2.6927669E+02, 1.33878919788442
2.6927984E+02, 1.33963749125150
2.6928299E+02, 1.34048575650822
2.6928614E+02, 1.34133379008453
2.6928929E+02, 1.34218142754632
2.6929244E+02, 1.34302847819092
2.6929559E+02, 1.34387472041656
2.6929874E+02, 1.34471992218374
2.6930189E+02, 1.34556384653424
2.6930504E+02, 1.34507068687451
2.6930819E+02, 1.34590305145913
2.6931134E+02, 1.34673375526902
2.6931448E+02, 1.34756281127964
2.6931763E+02, 1.34839021179313
2.6932078E+02, 1.34921598480183
2.6932393E+02, 1.35004023593292
2.6932708E+02, 1.35086298657679
2.6933023E+02, 1.35168425238797
2.6933338E+02, 1.35250404243610
2.6933653E+02, 1.35332231711614
2.6933968E+02, 1.35413913049504
2.6934283E+02, 1.35495448943188
2.6934598E+02, 1.35576836684059
2.6934913E+02, 1.35658072595297
2.6935227E+02, 1.35739150239227
2.6935542E+02, 1.35820064398489
2.6935857E+02, 1.35900812789012
2.6936172E+02, 1.35981387127043
2.6936487E+02, 1.36061778266248
2.6936802E+02, 1.36141975170816
2.6937117E+02, 1.36221965138444
2.6937432E+02, 1.36301743322136
2.6937747E+02, 1.36381298042787
2.6938062E+02, 1.36460617454349
2.6938377E+02, 1.36539687667349
2.6938692E+02, 1.36618496234507
2.6939007E+02, 1.36697039477893
2.6939321E+02, 1.36775307767373
2.6939636E+02, 1.36853292737264
2.6939951E+02, 1.36930981515671
2.6940266E+02, 1.37008375974690
2.6940581E+02, 1.37085477288853
2.6940896E+02, 1.37162284641187
2.6941211E+02, 1.37238796228795
2.6941526E+02, 1.37315016245737
2.6941841E+02, 1.37390960455037
2.6942156E+02, 1.37466636918009
2.6942471E+02, 1.37542054143682
2.6942786E+02, 1.37617224883593
2.6943101E+02, 1.37692172367579
2.6943415E+02, 1.37766910185361
2.6943730E+02, 1.37841451956222
2.6944045E+02, 1.37915819641301
2.6944360E+02, 1.37990030888030
2.6944675E+02, 1.38064096452660
2.6944990E+02, 1.38138027542920
2.6945305E+02, 1.38211842552599
2.6945620E+02, 1.38285540314640
2.6945935E+02, 1.38359116776578
2.6946250E+02, 1.38432569735902
2.6946565E+02, 1.38505890941887
2.6946880E+02, 1.38579052272374
2.6947194E+02, 1.38652023209447
2.6947509E+02, 1.38724767341709
2.6947824E+02, 1.38797238512053
2.6948139E+02, 1.38869383310152
2.6948454E+02, 1.38941138058895
2.6948769E+02, 1.39012407584955
2.6949084E+02, 1.39083149440996
2.6949399E+02, 1.39153300694141
2.6949714E+02, 1.39222707409670
2.6950029E+02, 1.39291347022714
2.6950344E+02, 1.39332753436721
2.6950659E+02, 1.39403052569764
2.6950974E+02, 1.39472909608576
2.6951288E+02, 1.39542265943561
2.6951603E+02, 1.39610998140434
2.6951918E+02, 1.39679146776384
2.6952233E+02, 1.39746688563220
2.6952548E+02, 1.39813440487600
2.6952863E+02, 1.39879547522770
2.6953178E+02, 1.39945026834081
2.6953493E+02, 1.40012286152132
2.6953808E+02, 1.40080941593160
2.6954123E+02, 1.40151021163457
2.6954438E+02, 1.40220914872711
2.6954753E+02, 1.40290522797117
2.6955068E+02, 1.40359779101159
2.6955382E+02, 1.40428730115650
2.6955697E+02, 1.40497353947970
2.6956012E+02, 1.40565578333992
2.6956327E+02, 1.40633480993818
2.6956642E+02, 1.40701121447013
2.6956957E+02, 1.40768400904649
2.6957272E+02, 1.40835421519898
2.6957587E+02, 1.40902294969758
2.6957902E+02, 1.40968895074034
2.6958217E+02, 1.41035345778758
2.6958532E+02, 1.41101769309850
2.6958847E+02, 1.41168022307584
2.6959161E+02, 1.41234244161589
2.6959476E+02, 1.41300534464193
2.6959791E+02, 1.41366743668063
2.6960106E+02, 1.41433014721805
2.6960421E+02, 1.41499409815547
2.6960736E+02, 1.41565778020884
2.6961051E+02, 1.41632252022785
2.6961366E+02, 1.41698860312820
2.6961681E+02, 1.41765450688000
2.6961996E+02, 1.41832135968037
2.6962311E+02, 1.41898924143828
2.6962626E+02, 1.41965660968011
2.6962941E+02, 1.42032438382946
2.6963255E+02, 1.42099257163643
2.6963570E+02, 1.42165962633016
2.6963885E+02, 1.42232633001572
2.6964200E+02, 1.42299268907596
2.6964515E+02, 1.42365719993851
2.6964830E+02, 1.42432063526393
2.6965145E+02, 1.42498297894881
2.6965460E+02, 1.42564283976967
2.6965775E+02, 1.42630114173072
2.6966090E+02, 1.42695773933585
2.6966405E+02, 1.42761143568485
2.6966720E+02, 1.42826347280345
2.6967034E+02, 1.42891336588472
2.6967349E+02, 1.42956019251792
2.6967664E+02, 1.43020567370535
2.6967979E+02, 1.43084870398481
2.6968294E+02, 1.43148874351516
2.6968609E+02, 1.43212815156604
2.6968924E+02, 1.43276486429693
2.6969239E+02, 1.43339936338947
2.6969554E+02, 1.43403320665863
2.6969869E+02, 1.43466460757278
2.6970184E+02, 1.43529487921676
2.6970499E+02, 1.43610611516800
2.6970814E+02, 1.43672475411154
2.6971128E+02, 1.43734200671887
2.6971443E+02, 1.43795792309259
2.6971758E+02, 1.43857238976307
2.6972073E+02, 1.43918551292707
2.6972388E+02, 1.43979725600117
2.6972703E+02, 1.44040756190699
2.6973018E+02, 1.44101662770824
2.6973333E+02, 1.44162426081362
2.6973648E+02, 1.44223062214242
2.6973963E+02, 1.44283570619538
2.6974278E+02, 1.44343939754521
2.6974593E+02, 1.44404202670539
2.6974908E+02, 1.44464329382633
2.6975222E+02, 1.44524342175477
2.6975537E+02, 1.44584240770090
2.6975852E+02, 1.44644009515349
2.6976167E+02, 1.44703689499442
2.6976482E+02, 1.44763240889384
2.6976797E+02, 1.44822692784389
2.6977112E+02, 1.44882038489688
2.6977427E+02, 1.44941263952658
2.6977742E+02, 1.45000408635779
2.6978057E+02, 1.45059427249784
2.6978372E+02, 1.45118358667885
2.6978687E+02, 1.45177181081160
2.6979001E+02, 1.45235891312932
2.6979316E+02, 1.45294516316856
2.6979631E+02, 1.45353011475225
2.6979946E+02, 1.45411428972063
2.6980261E+02, 1.45469723116086
2.6980576E+02, 1.45527911837524
2.6980891E+02, 1.45585999664040
2.6981206E+02, 1.45643956627673
2.6981521E+02, 1.45701832955852
2.6981836E+02, 1.45759571014138
2.6982151E+02, 1.45817214260381
2.6982466E+02, 1.45874734861152
2.6982781E+02, 1.45932135196780
2.6983095E+02, 1.45989433308208
2.6983410E+02, 1.46046587931227
2.6983725E+02, 1.46103659072604
2.6984040E+02, 1.46160583667320
2.6984355E+02, 1.46217406394190
2.6984670E+02, 1.46274100575768
2.6984985E+02, 1.46330670230435
2.6985300E+02, 1.46387131136069
2.6985615E+02, 1.46443447152727
2.6985930E+02, 1.46499673091978
2.6986245E+02, 1.46555746369633
2.6986560E+02, 1.46611725127390
2.6986874E+02, 1.46667562981332
2.6987189E+02, 1.46723285807353
2.6987504E+02, 1.46778886871674
2.6987819E+02, 1.46834353741316
2.6988134E+02, 1.46889716768192
2.6988449E+02, 1.46944927480991
2.6988764E+02, 1.47000050959176
2.6989079E+02, 1.47055015200365
2.6989394E+02, 1.47109887090472
2.6989709E+02, 1.47164610562316
2.6990024E+02, 1.47219223559935
2.6990339E+02, 1.47341511047085
2.6990654E+02, 1.47396617352692
2.6990968E+02, 1.47451630441461
2.6991283E+02, 1.47506505002023
2.6991598E+02, 1.47561280088530
2.6991913E+02, 1.47615915144377
2.6992228E+02, 1.47670434585397
2.6992543E+02, 1.47724815936003
2.6992858E+02, 1.47779064184424
2.6993173E+02, 1.47833180140093
2.6993488E+02, 1.47887145212348
2.6993803E+02, 1.47940987897406
2.6994118E+02, 1.47994662884301
2.6994433E+02, 1.48048229531909
2.6994748E+02, 1.48101613768786
2.6995062E+02, 1.48154897240101
2.6995377E+02, 1.48208006743290
2.6995692E+02, 1.48261013575833
2.6996007E+02, 1.48313862609053
2.6996322E+02, 1.48366607373799
2.6996637E+02, 1.48419213610275
2.6996952E+02, 1.48471716338749
2.6997267E+02, 1.48524101262803
2.6997582E+02, 1.48576385198431
2.6997897E+02, 1.48628572480543
2.6998212E+02, 1.48680662939499
2.6998527E+02, 1.48732676874873
2.6998841E+02, 1.48784599570721
2.6999156E+02, 1.48836465245794
2.6999471E+02, 1.48888245287835
2.6999786E+02, 1.48939983204001
2.7000101E+02, 1.48991638896202
2.7000416E+02, 1.49043262052905
2.7000731E+02, 1.49094803460341
2.7001046E+02, 1.49146316124455
2.7001361E+02, 1.49197743550814
2.7001676E+02, 1.49249139663005
2.7001991E+02, 1.49300441972515
2.7002306E+02, 1.49351701739728
2.7002621E+02, 1.49402857325224
2.7002935E+02, 1.49453950621410
2.7003250E+02, 1.49504923548251
2.7003565E+02, 1.49555809728579
2.7003880E+02, 1.49606552278532
2.7004195E+02, 1.49657180187854
2.7004510E+02, 1.49707635757813
2.7004825E+02, 1.49757948558286
2.7005140E+02, 1.49808056894763
2.7005455E+02, 1.49857992805899
2.7005770E+02, 1.49907687377378
2.7006085E+02, 1.49956912101627
2.7006400E+02, 1.50004361931322
2.7006714E+02, 1.50051698085740
2.7007029E+02, 1.50097429102298
2.7007344E+02, 1.50143210054286
2.7007659E+02, 1.50188946687909
2.7007974E+02, 1.50234681045507
2.7008289E+02, 1.50280350170713
2.7008604E+02, 1.50325959400532
2.7008919E+02, 1.50371488781491
2.7009234E+02, 1.50416901969283
2.7009549E+02, 1.50462226520626
2.7009864E+02, 1.50507382981467
2.7010179E+02, 1.50552447133329
2.7010494E+02, 1.50581464612037
2.7010808E+02, 1.50626582663508
2.7011123E+02, 1.50671394716535
2.7011438E+02, 1.50715904389146
2.7011753E+02, 1.50760107056018
2.7012068E+02, 1.50804034081702
2.7012383E+02, 1.50847650367552
2.7012698E+02, 1.50891014336226
2.7013013E+02, 1.50934079075505
2.7013328E+02, 1.50976887763524
2.7013643E+02, 1.51019427250221
2.7013958E+02, 1.51061704189663
2.7014273E+02, 1.51103748452983
2.7014588E+02, 1.51145526841186
2.7014902E+02, 1.51187098842189
2.7015217E+02, 1.51228422296350
2.7015532E+02, 1.51269531785291
2.7015847E+02, 1.51310432519362
2.7016162E+02, 1.51351106497888
2.7016477E+02, 1.51391613879970
2.7016792E+02, 1.51431903873855
2.7017107E+02, 1.51472017869884
2.7017422E+02, 1.51511951281390
2.7017737E+02, 1.51551692268081
2.7018052E+02, 1.51591292857321
2.7018367E+02, 1.51630706018795
2.7018681E+02, 1.51669966474975
2.7018996E+02, 1.51709071724037
2.7019311E+02, 1.51748006575288
2.7019626E+02, 1.51786816585924
2.7019941E+02, 1.51825461275937
2.7020256E+02, 1.51863961294348
2.7020571E+02, 1.51902323648659
2.7020886E+02, 1.51940524513774
2.7021201E+02, 1.51978594500216
2.7021516E+02, 1.52016507408007
2.7021831E+02, 1.52054261622475
2.7022146E+02, 1.52091879572490
2.7022461E+02, 1.52129325631777
2.7022775E+02, 1.52166616913046
2.7023090E+02, 1.52203747540759
2.7023405E+02, 1.52240699858790
2.7023720E+02, 1.52277494620841
2.7024035E+02, 1.52314108270143
2.7024350E+02, 1.52350535983250
2.7024665E+02, 1.52386799463587
2.7024980E+02, 1.52422865625768
2.7025295E+02, 1.52458743525728
2.7025610E+02, 1.52494438791359
2.7025925E+02, 1.52529930189511
2.7026240E+02, 1.52565230426180
2.7026554E+02, 1.52600335112232
2.7026869E+02, 1.52635231988064
2.7027184E+02, 1.52669935847316
2.7027499E+02, 1.52704436935895
2.7027814E+02, 1.52738729215999
2.7028129E+02, 1.52772828706515
2.7028444E+02, 1.52806723593392
2.7028759E+02, 1.52840411903282
2.7029074E+02, 1.52873910186592
2.7029389E+02, 1.52907206870341
2.7029704E+02, 1.52940302244178
2.7030019E+02, 1.52973212762481
2.7030334E+02, 1.53007679100675
2.7030648E+02, 1.53039754129463
2.7030963E+02, 1.53071649118129
2.7031278E+02, 1.53103359984051
2.7031593E+02, 1.53134889826926
2.7031908E+02, 1.53166250085579
2.7032223E+02, 1.53197441906139
2.7032538E+02, 1.53228466046799
2.7032916E+02, 1.53265486917184
2.7033294E+02, 1.53302287087192
2.7033672E+02, 1.53338870231473
2.7034050E+02, 1.53375254545764
2.7034428E+02, 1.53411441136156
2.7034805E+02, 1.53447438302492
2.7035183E+02, 1.53483264888349
2.7035561E+02, 1.53518918090897
2.7035939E+02, 1.53554410022319
2.7036317E+02, 1.53589756410744
2.7036695E+02, 1.53624954193951
2.7037073E+02, 1.53660017300583
2.7037451E+02, 1.53694955690150
2.7037829E+02, 1.53729767945031
2.7038207E+02, 1.53764467574169
2.7038584E+02, 1.53799059330493
2.7038962E+02, 1.53833542122849
2.7039340E+02, 1.53867928212150
2.7039718E+02, 1.53902217443532
2.7040096E+02, 1.53936408085880
2.7040474E+02, 1.53970510391518
2.7040852E+02, 1.54004519695162
2.7041230E+02, 1.54038433012912
2.7041608E+02, 1.54072257839486
2.7041986E+02, 1.54105985442206
2.7042364E+02, 1.54139611117792
2.7042741E+02, 1.54173138853183
2.7043119E+02, 1.54206556486691
2.7043497E+02, 1.54239857266066
2.7043875E+02, 1.54273041048923
2.7044253E+02, 1.54306093033691
2.7044631E+02, 1.54339004339476
2.7045009E+02, 1.54371770468746
2.7045387E+02, 1.54404374716345
2.7045765E+02, 1.54436806203863
2.7046143E+02, 1.54469056293943
2.7046520E+02, 1.54501106844200
2.7046898E+02, 1.54532945479983
2.7047276E+02, 1.54564560301013
2.7047654E+02, 1.54595931282121
2.7048032E+02, 1.54627045385740
2.7048410E+02, 1.54657889270484
2.7048788E+02, 1.54688439575741
2.7049166E+02, 1.54718684136200
2.7049544E+02, 1.54748610059026
2.7049922E+02, 1.54778190696737
2.7050300E+02, 1.54807413949236
2.7050677E+02, 1.54861961734607
2.7051055E+02, 1.54885642661003
2.7051433E+02, 1.54908906251364
2.7051811E+02, 1.54931734678933
2.7052265E+02, 1.54958535877984
2.7052718E+02, 1.54984662583125
2.7053172E+02, 1.55010092347207
2.7053625E+02, 1.55034804194299
2.7054079E+02, 1.55058778297436
2.7054532E+02, 1.55081993229918
2.7054986E+02, 1.55104426592970
2.7055439E+02, 1.55126060046243
2.7055893E+02, 1.55146875892584
2.7056346E+02, 1.55166862488074
2.7056799E+02, 1.55185998025014
2.7057253E+02, 1.55204265622980
2.7057706E+02, 1.55221651215293
2.7058160E+02, 1.55238141529942
2.7058613E+02, 1.55253725645181
2.7059067E+02, 1.55268400222996
2.7059520E+02, 1.55282143813860
2.7059974E+02, 1.55294946579567
2.7060427E+02, 1.55306799383406
2.7060881E+02, 1.55317693818790
2.7061334E+02, 1.55327622175977
2.7061788E+02, 1.55336577580038
2.7062241E+02, 1.55344554045707
2.7062695E+02, 1.55351546455463
2.7063148E+02, 1.55357561046851
2.7063602E+02, 1.55362583575452
2.7064055E+02, 1.55366610803920
2.7064509E+02, 1.55369640682488
2.7064962E+02, 1.55371672022080
2.7065416E+02, 1.55372704561182
2.7065869E+02, 1.55372739052316
2.7066323E+02, 1.55371777274937
2.7066776E+02, 1.55369822113398
2.7067230E+02, 1.55366877609985
2.7067683E+02, 1.55362948923284
2.7068137E+02, 1.55358042434502
2.7068590E+02, 1.55352166139848
2.7069044E+02, 1.55345356359616
2.7069497E+02, 1.55337607227877
2.7069951E+02, 1.55328931378152
2.7070404E+02, 1.55319344521074
2.7070858E+02, 1.55405364240438
2.7071311E+02, 1.55392887738399
2.7071765E+02, 1.55379553662596
2.7072218E+02, 1.55365387670842
2.7072671E+02, 1.55350420502506
2.7073125E+02, 1.55334718781094
2.7073578E+02, 1.55318289202018
2.7074032E+02, 1.55301166999163
2.7074485E+02, 1.55283389222243
2.7074939E+02, 1.55264994471709
2.7075392E+02, 1.55246046949821
2.7075846E+02, 1.55226632058164
2.7076299E+02, 1.55206741566857
2.7076753E+02, 1.55186418746177
2.7077206E+02, 1.55165707451426
2.7077660E+02, 1.55144692567627
2.7078113E+02, 1.55123471180977
2.7078567E+02, 1.55102012625234
2.7079020E+02, 1.55080360894221
2.7079474E+02, 1.55058559554630
2.7079927E+02, 1.55036758932247
2.7080381E+02, 1.55014956533094
2.7080834E+02, 1.54993146107940
2.7081288E+02, 1.54971366736607
2.7081741E+02, 1.54949672014575
2.7082195E+02, 1.54928246444380
2.7082648E+02, 1.54906971921700
2.7083102E+02, 1.54885879908742
2.7083555E+02, 1.54865000008060
2.7084009E+02, 1.54844424962848
2.7084462E+02, 1.54824240177045
2.7084916E+02, 1.54804352052213
2.7085288E+02, 1.54788238022955
2.7085661E+02, 1.54772346667207
2.7086034E+02, 1.54756686091767
2.7086407E+02, 1.54741365598448
2.7086780E+02, 1.54726345386412
2.7087153E+02, 1.54711584678548
2.7087526E+02, 1.54697090462133
2.7087899E+02, 1.54682868994998
2.7088272E+02, 1.54668925822231
2.7088645E+02, 1.54655265808335
2.7089017E+02, 1.54641990605091
2.7089390E+02, 1.54629043113730
2.7089763E+02, 1.54616388828249
2.7090136E+02, 1.54604029824376
2.7090509E+02, 1.54857063036301
2.7090882E+02, 1.54844799729156
2.7091255E+02, 1.54832882566669
2.7091628E+02, 1.54821286571906
2.7092001E+02, 1.54810011896318
2.7092373E+02, 1.54799058731403
2.7092746E+02, 1.54788426654441
2.7093119E+02, 1.54778114640027
2.7093492E+02, 1.54768121081853
2.7093865E+02, 1.54758443763178
2.7094238E+02, 1.54749091417862
2.7094611E+02, 1.54740079291866
2.7094984E+02, 1.54731371372552
2.7095357E+02, 1.54722962635908
2.7095729E+02, 1.54714847407495
2.7096102E+02, 1.54707019332985
2.7096475E+02, 1.54699471356339
2.7096848E+02, 1.54692195693372
2.7097221E+02, 1.54685183817181
2.7097594E+02, 1.54678426464815
2.7097967E+02, 1.54671913633922
2.7098340E+02, 1.54665634506911
2.7098713E+02, 1.54659577495287
2.7099085E+02, 1.54653730232225
2.7099458E+02, 1.54648091750558
2.7099831E+02, 1.54642641917247
2.7100204E+02, 1.54637358003492
2.7100577E+02, 1.54632224351500
2.7100950E+02, 1.54627224490071
2.7101323E+02, 1.54622341148696
2.7101696E+02, 1.54617556257325
2.7102069E+02, 1.54612850986220
2.7102442E+02, 1.54608205768339
2.7102814E+02, 1.54603600313825
2.7103187E+02, 1.54599013648283
2.7103560E+02, 1.54594424143913
2.7103933E+02, 1.54589809531702
2.7104306E+02, 1.54585146985206
2.7104679E+02, 1.54580413135695
2.7105052E+02, 1.54575584111427
2.7105425E+02, 1.54570635615481
2.7105798E+02, 1.54565542939142
2.7106170E+02, 1.54560281010587
2.7106543E+02, 1.54554824443468
2.7106916E+02, 1.54549148897975
2.7107289E+02, 1.54543227981273
2.7107662E+02, 1.54537033284153
2.7108035E+02, 1.54530538570157
2.7108408E+02, 1.54523717524744
2.7108781E+02, 1.54516543805167
2.7109154E+02, 1.54508991081694
2.7109526E+02, 1.54501033083198
2.7109899E+02, 1.54492643662324
2.7110272E+02, 1.54483796808618
2.7110645E+02, 1.54778941738419
2.7111018E+02, 1.54768887987459
2.7111391E+02, 1.54758309914580
2.7111764E+02, 1.54747182078490
2.7112137E+02, 1.54735479928582
2.7112510E+02, 1.54723168455940
2.7112882E+02, 1.54710222288079
2.7113192E+02, 1.54698967552947
2.7113502E+02, 1.54687246264415
2.7113812E+02, 1.54675045887807
2.7114121E+02, 1.54662352218067
2.7114431E+02, 1.54649152555161
2.7114741E+02, 1.54635437501674
2.7115050E+02, 1.54621189023828
2.7115360E+02, 1.54606395054751
2.7115670E+02, 1.54591043879656
2.7115979E+02, 1.54575124103918
2.7116289E+02, 1.54558624640984
2.7116599E+02, 1.54541536087295
2.7116909E+02, 1.54523848052871
2.7117218E+02, 1.54505549801295
2.7117528E+02, 1.54486631824436
2.7117838E+02, 1.54467084924705
2.7118147E+02, 1.54446900287354
2.7118457E+02, 1.54426070752926
2.7118767E+02, 1.54404588780304
2.7119076E+02, 1.54382446777638
2.7119386E+02, 1.54359637386456
2.7119696E+02, 1.54336154744934
2.7120005E+02, 1.54311994661937
2.7120315E+02, 1.54287150957422
2.7120687E+02, 1.54256427484149
2.7121058E+02, 1.54224703785139
2.7121430E+02, 1.54191972842864
2.7121802E+02, 1.54158227167752
2.7122173E+02, 1.54123472219316
2.7122545E+02, 1.54087701358315
2.7122917E+02, 1.54050905689488
2.7123288E+02, 1.54013105592462
2.7123660E+02, 1.53974280828821
2.7124032E+02, 1.53934439935462
2.7124403E+02, 1.53893594258249
2.7124775E+02, 1.53851721429167
2.7125146E+02, 1.53808870466021
2.7125518E+02, 1.53764999497008
2.7125890E+02, 1.53720149287286
2.7126261E+02, 1.53674305038286
2.7126633E+02, 1.53627484091574
2.7127005E+02, 1.53579696450228
2.7127376E+02, 1.53530939879636
2.7127748E+02, 1.53481242435908
2.7128120E+02, 1.53430591216401
2.7128491E+02, 1.53379020024835
2.7128863E+02, 1.53326520505571
2.7129234E+02, 1.53273113378048
2.7129606E+02, 1.53218817284452
2.7129978E+02, 1.53163613579002
2.7130349E+02, 1.53107578713375
2.7130721E+02, 1.53805950148703
2.7131093E+02, 1.53747413728287
2.7131464E+02, 1.53688083387059
2.7131836E+02, 1.53627929725500
2.7132208E+02, 1.53567005316062
2.7132579E+02, 1.53505354706894
2.7132951E+02, 1.53442951625921
2.7133322E+02, 1.53379900253216
2.7133694E+02, 1.53316175762802
2.7134066E+02, 1.53251784647974
2.7134437E+02, 1.53186870290284
2.7134809E+02, 1.53121353729075
2.7135181E+02, 1.53055282631755
2.7135552E+02, 1.52988793673125
2.7135924E+02, 1.52921811723881
2.7136233E+02, 1.52865728395260
2.7136543E+02, 1.52809433126653
2.7136852E+02, 1.52752824749211
2.7137161E+02, 1.52696118950660
2.7137471E+02, 1.52639140100691
2.7137780E+02, 1.52582073791388
2.7138090E+02, 1.52524845873394
2.7138399E+02, 1.52467508683679
2.7138708E+02, 1.52410141488503
2.7139018E+02, 1.52352629022513
2.7139327E+02, 1.52295224697962
2.7139636E+02, 1.52237705788749
2.7139946E+02, 1.52180271880932
2.7140255E+02, 1.52122837786862
2.7140565E+02, 1.52065427711441
2.7140874E+02, 1.52008137558426
2.7141183E+02, 1.51950796334656
2.7141440E+02, 1.51903343094844
2.7141698E+02, 1.51855795865418
2.7141955E+02, 1.51808426348105
2.7142212E+02, 1.51760995221752
2.7142469E+02, 1.51713702958619
2.7142726E+02, 1.51666379227090
2.7142983E+02, 1.51619149808456
2.7143240E+02, 1.51571915083394
2.7143497E+02, 1.51524727640577
2.7143754E+02, 1.51477557382152
2.7144012E+02, 1.51430388359364
2.7144269E+02, 1.51383255740253
2.7144526E+02, 1.51336082970797
2.7144783E+02, 1.51288963544731
2.7145040E+02, 1.51241770955567
2.7145297E+02, 1.51194648123785
2.7145554E+02, 1.51147430935573
2.7145811E+02, 1.51100301979134
2.7146069E+02, 1.51053082558636
2.7146326E+02, 1.51005954557058
2.7146634E+02, 1.50949335959965
2.7146943E+02, 1.50892852417802
2.7147251E+02, 1.50836399481591
2.7147560E+02, 1.50780118229063
2.7147868E+02, 1.50724005786204
2.7148177E+02, 1.50668143805458
2.7148485E+02, 1.50612622131905
2.7148794E+02, 1.50557468574137
2.7149103E+02, 1.50502865433557
2.7149411E+02, 1.50448780053984
2.7149720E+02, 1.50395482081414
2.7150028E+02, 1.50342893902236
2.7150337E+02, 1.50493516493595
2.7150645E+02, 1.50436483074885
2.7150954E+02, 1.50379568670271
2.7151262E+02, 1.50322646721141
2.7151571E+02, 1.50265756110197
2.7151879E+02, 1.50209004321260
2.7152188E+02, 1.50152232075759
2.7152496E+02, 1.50095762625359
2.7152805E+02, 1.50039423838663
2.7153175E+02, 1.49972374682293
2.7153545E+02, 1.49905274156572
2.7153916E+02, 1.49837572638698
2.7154286E+02, 1.49769490748810
2.7154656E+02, 1.49701001719678
2.7155026E+02, 1.49632006820518
2.7155397E+02, 1.49562774551552
2.7155767E+02, 1.49493456780808
2.7156137E+02, 1.49423853117144
2.7156507E+02, 1.49354112573785
2.7156878E+02, 1.49284665658467
2.7157248E+02, 1.49215139446906
2.7157618E+02, 1.49145601144584
2.7157988E+02, 1.49076562130646
2.7158359E+02, 1.49007672375901
2.7158729E+02, 1.48938909360880
2.7159099E+02, 1.48870665610443
2.7159469E+02, 1.48802780302046
2.7159840E+02, 1.48735095901390
2.7160210E+02, 1.48667933808405
2.7160580E+02, 1.48601223762971
2.7160950E+02, 1.48534731973824
2.7161321E+02, 1.48468767770681
2.7161691E+02, 1.48403239621707
2.7162061E+02, 1.48337905684003
2.7162431E+02, 1.48273119693473
2.7162802E+02, 1.48208668096723
2.7163172E+02, 1.48144362433983
2.7163542E+02, 1.48080650454315
2.7163912E+02, 1.48017114182703
2.7164283E+02, 1.47953732050810
2.7164653E+02, 1.47890895645218
2.7165023E+02, 1.47828106306867
2.7165393E+02, 1.47765589723159
2.7165764E+02, 1.47703400325863
2.7166134E+02, 1.47641213791430
2.7166504E+02, 1.47579461510156
2.7166874E+02, 1.47517808315401
2.7167245E+02, 1.47456233283298
2.7167615E+02, 1.47395098040180
2.7167985E+02, 1.47333928513707
2.7168355E+02, 1.47273084901210
2.7168726E+02, 1.47212442900449
2.7169096E+02, 1.47151814500197
2.7169466E+02, 1.47091737710061
2.7169836E+02, 1.47031651372031
2.7170207E+02, 1.46971922410124
2.7170577E+02, 1.46772958503128
2.7170947E+02, 1.46714157085460
2.7171317E+02, 1.46655627947301
2.7171688E+02, 1.46597489583358
2.7172058E+02, 1.46539611083457
2.7172428E+02, 1.46482142085858
2.7172798E+02, 1.46424990911014
2.7173169E+02, 1.46368210486664
2.7173539E+02, 1.46311821718096
2.7173909E+02, 1.46255766542606
2.7174279E+02, 1.46200161104292
2.7174650E+02, 1.46144870819323
2.7175020E+02, 1.46090040491537
2.7175390E+02, 1.46035539222034
2.7175760E+02, 1.45981455065699
2.7176131E+02, 1.45927719379979
2.7176501E+02, 1.45874356476217
2.7176871E+02, 1.45821337004678
2.7177241E+02, 1.45768642090234
2.7177612E+02, 1.45716259725964
2.7177982E+02, 1.45664147474268
2.7178352E+02, 1.45612291842768
2.7178722E+02, 1.45560644281175
2.7179093E+02, 1.45509175169612
2.7179463E+02, 1.45457843940649
2.7179833E+02, 1.45406594187957
2.7180203E+02, 1.45355404206876
2.7180574E+02, 1.45304183287825
2.7180944E+02, 1.45252937525013
2.7181314E+02, 1.45201538040513
2.7181684E+02, 1.45150029456078
2.7182055E+02, 1.45098240954933
2.7182425E+02, 1.45046261722026
2.7182795E+02, 1.44993895985760
2.7183165E+02, 1.44941254048289
2.7183536E+02, 1.44888152039199
2.7183906E+02, 1.44834686818642
2.7184276E+02, 1.44780720475616
2.7184646E+02, 1.44726314704557
2.7185017E+02, 1.44671409280881
2.7185387E+02, 1.44616003241037
2.7185757E+02, 1.44560138007841
2.7186127E+02, 1.44503725591924
2.7186498E+02, 1.44446922563943
2.7186868E+02, 1.44389554575343
2.7187238E+02, 1.44331825261558
2.7187608E+02, 1.44273649724587
2.7187979E+02, 1.44215098184178
2.7188349E+02, 1.44156228481739
2.7188719E+02, 1.44096975693983
2.7189089E+02, 1.44037488846958
2.7189460E+02, 1.43977685839952
2.7189830E+02, 1.43917653711820
2.7190200E+02, 1.43857407358509
2.7190570E+02, 1.43391733028042
2.7190941E+02, 1.43337404208281
2.7191311E+02, 1.43282852186525
2.7191681E+02, 1.43227971272015
2.7192051E+02, 1.43172794559357
2.7192421E+02, 1.43117282088612
2.7192792E+02, 1.43061402086175
2.7193162E+02, 1.43005185040983
2.7193532E+02, 1.42948561470623
2.7193902E+02, 1.42891599828858
2.7194273E+02, 1.42834159840130
2.7194643E+02, 1.42776310101688
2.7195013E+02, 1.42718002785296
2.7195383E+02, 1.42659232122135
2.7195754E+02, 1.42600032383117
2.7196124E+02, 1.42540353429708
2.7196494E+02, 1.42480274118131
2.7196864E+02, 1.42419767273267
2.7197235E+02, 1.42358875891663
2.7197605E+02, 1.42297667941233
2.7197975E+02, 1.42236135249631
2.7198345E+02, 1.42174373839304
2.7198716E+02, 1.42112393648482
2.7199086E+02, 1.42050215232894
2.7199456E+02, 1.41987935494572
2.7199826E+02, 1.41925509659158
2.7200197E+02, 1.41862990307152
2.7200506E+02, 1.41810710456981
2.7200815E+02, 1.41758348940032
2.7201125E+02, 1.41705951270482
2.7201434E+02, 1.41653460098342
2.7201743E+02, 1.41600919393092
2.7202052E+02, 1.41548261452250
2.7202362E+02, 1.41495514742855
2.7202671E+02, 1.41442620052725
2.7202980E+02, 1.41389565952202
2.7203290E+02, 1.41336320568515
2.7203599E+02, 1.41282832562357
2.7203908E+02, 1.41229088448962
2.7204217E+02, 1.41175022610893
2.7204527E+02, 1.41120609804707
2.7204836E+02, 1.41065816773953
2.7205145E+02, 1.41010550104542
2.7205455E+02, 1.40954886035669
2.7205764E+02, 1.40898571928030
2.7206073E+02, 1.40841862561927
2.7206382E+02, 1.40784361705469
2.7206692E+02, 1.40726362517318
2.7207001E+02, 1.40667668409505
2.7207310E+02, 1.40608223474006
2.7207620E+02, 1.40548353686370
2.7207929E+02, 1.40487389063416
2.7208238E+02, 1.40426066638194
2.7208547E+02, 1.40364123832514
2.7208857E+02, 1.40301537702827
2.7209166E+02, 1.40239001936729
2.7209475E+02, 1.40175849198185
2.7209785E+02, 1.40112848841736
2.7210094E+02, 1.40050496187699
2.7210403E+02, 1.39627558190137
2.7210712E+02, 1.39566933051209
2.7211022E+02, 1.39506720420093
2.7211331E+02, 1.39446840336340
2.7211640E+02, 1.39387319984702
2.7211950E+02, 1.39328029986763
2.7212259E+02, 1.39268983898307
2.7212568E+02, 1.39210139065639
2.7212877E+02, 1.39151444086028
2.7213187E+02, 1.39092964714600
2.7213496E+02, 1.39034592186316
2.7213805E+02, 1.38976410403164
2.7214115E+02, 1.38918357664480
2.7214424E+02, 1.38860445907096
2.7214733E+02, 1.38802715518226
2.7215042E+02, 1.38745078243854
2.7215352E+02, 1.38687673874121
2.7215661E+02, 1.38630363671835
2.7215970E+02, 1.38573240456528
2.7216280E+02, 1.38516257738656
2.7216589E+02, 1.38459409818146
2.7216898E+02, 1.38402744106634
2.7217207E+02, 1.38346156309386
2.7217517E+02, 1.38289784840054
2.7217826E+02, 1.38233473729712
2.7218135E+02, 1.38177319921879
2.7218445E+02, 1.38121246633658
2.7218754E+02, 1.38065268996268
2.7219063E+02, 1.38009385117563
2.7219372E+02, 1.37953534680541
2.7219682E+02, 1.37897784568756
2.7219991E+02, 1.37842017216638
2.7220300E+02, 1.37786329287587
2.7220610E+02, 1.37730604452598
2.7220919E+02, 1.37674896252704
2.7221228E+02, 1.37619149440419
2.7221537E+02, 1.37563358504053
2.7221847E+02, 1.37507524507258
2.7222156E+02, 1.37451588148634
2.7222465E+02, 1.37395602483687
2.7222775E+02, 1.37339471883877
2.7223084E+02, 1.37283259310785
2.7223393E+02, 1.37226885933927
2.7223702E+02, 1.37170376622576
2.7224012E+02, 1.37113703647466
2.7224321E+02, 1.37056844406982
2.7224630E+02, 1.36999820492808
2.7224940E+02, 1.36942568800685
2.7225249E+02, 1.36885144475332
2.7225558E+02, 1.36827478508036
2.7225867E+02, 1.36769598689696
2.7226177E+02, 1.36711486534188
2.7226486E+02, 1.36653123443004
2.7226795E+02, 1.36594542668852
2.7227105E+02, 1.36535691811401
2.7227414E+02, 1.36476615195079
2.7227723E+02, 1.36417279261176
2.7228032E+02, 1.36357690012432
2.7228342E+02, 1.36297868986253
2.7228651E+02, 1.36237779315427
2.7228960E+02, 1.36177468913792
2.7229270E+02, 1.36116904561995
2.7229579E+02, 1.36056095891636
2.7229888E+02, 1.35995068045482
2.7230197E+02, 1.35933786018843
2.7230507E+02, 1.36057065872061
2.7230816E+02, 1.35989820214043
2.7231125E+02, 1.35922316965116
2.7231435E+02, 1.35854570956993
2.7231744E+02, 1.35786604943339
2.7232053E+02, 1.35718372913214
2.7232362E+02, 1.35649883627558
2.7232672E+02, 1.35581178314916
2.7232981E+02, 1.35512203668080
2.7233290E+02, 1.35442960280074
2.7233600E+02, 1.35373503276134
2.7233909E+02, 1.35303779914092
2.7234218E+02, 1.35233787214234
2.7234527E+02, 1.35163562435378
2.7234837E+02, 1.35093090091717
2.7235146E+02, 1.35022349903508
2.7235455E+02, 1.34951356783042
2.7235765E+02, 1.34880142322575
2.7236074E+02, 1.34808664090325
2.7236383E+02, 1.34736925588555
2.7236692E+02, 1.34664968705845
2.7237002E+02, 1.34592770703479
2.7237311E+02, 1.34520320278724
2.7237620E+02, 1.34447627634233
2.7237930E+02, 1.34374737274325
2.7238239E+02, 1.34301605071762
2.7238548E+02, 1.34228236564736
2.7238857E+02, 1.34154656747872
2.7239167E+02, 1.34080881299128
2.7239476E+02, 1.34006883283308
2.7239785E+02, 1.33932669147907
2.7240095E+02, 1.33858272313018
2.7240404E+02, 1.33783693273046
2.7240713E+02, 1.33708914820873
2.7241022E+02, 1.33633944358413
2.7241332E+02, 1.33558818457875
2.7241641E+02, 1.33483534609005
2.7241950E+02, 1.33408078884108
2.7242260E+02, 1.33332459868486
2.7242569E+02, 1.33256712418167
2.7242878E+02, 1.33180842208539
2.7243187E+02, 1.33104832449006
2.7243497E+02, 1.33028692778606
2.7243806E+02, 1.32952450958524
2.7244115E+02, 1.32876130475057
2.7244425E+02, 1.32799705047760
2.7244734E+02, 1.32723184066552
2.7245043E+02, 1.32646582002636
2.7245352E+02, 1.32569946046018
2.7245662E+02, 1.32493233571432
2.7245971E+02, 1.32416450822426
2.7246280E+02, 1.32339603066192
2.7246590E+02, 1.32262730602667
2.7246899E+02, 1.32185798919349
2.7247208E+02, 1.32108797569943
2.7247517E+02, 1.32031724102313
2.7247827E+02, 1.31954590006840
2.7248136E+02, 1.31877379473158
2.7248445E+02, 1.31800059450859
2.7248755E+02, 1.31722617057892
2.7249064E+02, 1.31645038263231
2.7249373E+02, 1.31567306157424
2.7249682E+02, 1.31489376212746
2.7249992E+02, 1.31411225470155
2.7250301E+02, 1.31332829996324
2.7250610E+02, 1.31768532960568
2.7250920E+02, 1.31684483184995
2.7251229E+02, 1.31600343603526
2.7251538E+02, 1.31516098715294
2.7251847E+02, 1.31431731126893
2.7252157E+02, 1.31347225569648
2.7252466E+02, 1.31262567674453
2.7252837E+02, 1.31160698751451
2.7253208E+02, 1.31058493068521
2.7253579E+02, 1.30955892928975
2.7253951E+02, 1.30852840895658
2.7254322E+02, 1.30749285695998
2.7254693E+02, 1.30645186958171
2.7255064E+02, 1.30540517530864
2.7255435E+02, 1.30435272168666
2.7255806E+02, 1.30329477352036
2.7256177E+02, 1.30223194811243
2.7256549E+02, 1.30116529575871
2.7256920E+02, 1.30010823075887
2.7257291E+02, 1.29908016413809
2.7257662E+02, 1.29805877592366
2.7258033E+02, 1.29702777052455
2.7258404E+02, 1.29598812047944
2.7258775E+02, 1.29494095842005
2.7259147E+02, 1.29388750001581
2.7259518E+02, 1.29282897174395
2.7259889E+02, 1.29176654701091
2.7260260E+02, 1.29070129465478
2.7260631E+02, 1.28963413950513
2.7261002E+02, 1.28856583613751
2.7261373E+02, 1.28749695545323
2.7261745E+02, 1.28642788591587
2.7262116E+02, 1.28535908552820
2.7262487E+02, 1.28429032194306
2.7262858E+02, 1.28322149565412
2.7263229E+02, 1.28215239271415
2.7263600E+02, 1.28108271192890
2.7263971E+02, 1.28001209349982
2.7264343E+02, 1.27894014696302
2.7264714E+02, 1.27786647767559
2.7265085E+02, 1.27679071056067
2.7265456E+02, 1.27571251040331
2.7265827E+02, 1.27463159795177
2.7266198E+02, 1.27354776118872
2.7266569E+02, 1.27246086183634
2.7266941E+02, 1.27137095384799
2.7267312E+02, 1.27027802653917
2.7267683E+02, 1.26918208030419
2.7268054E+02, 1.26808325049717
2.7268425E+02, 1.26698171682848
2.7268796E+02, 1.26587769087686
2.7269167E+02, 1.26477140355796
2.7269539E+02, 1.26366309349989
2.7269910E+02, 1.26255299674593
2.7270281E+02, 1.26144133835743
2.7270652E+02, 1.26506645513155
2.7271023E+02, 1.26395504469972
2.7271394E+02, 1.26284242759934
2.7271765E+02, 1.26172858818430
2.7272137E+02, 1.26061344365189
2.7272508E+02, 1.25949686299250
2.7272879E+02, 1.25837874305602
2.7273250E+02, 1.25725896670286
2.7273621E+02, 1.25613725777896
2.7273992E+02, 1.25501346045257
2.7274363E+02, 1.25388744098767
2.7274735E+02, 1.25275909378195
2.7275106E+02, 1.25162834489629
2.7275477E+02, 1.25049515331760
2.7275848E+02, 1.24935958278871
2.7276219E+02, 1.24822170174862
2.7276590E+02, 1.24708146976129
2.7276961E+02, 1.24593896389908
2.7277333E+02, 1.24479428168359
2.7277704E+02, 1.24364753772015
2.7278075E+02, 1.24249886020221
2.7278446E+02, 1.24134848633156
2.7278817E+02, 1.24019662133149
2.7279188E+02, 1.23904329912818
2.7279559E+02, 1.23788866909537
2.7279864E+02, 1.23694023769156
2.7280169E+02, 1.23599114742435
2.7280473E+02, 1.23504145720372
2.7280778E+02, 1.23409121251315
2.7281082E+02, 1.23314044863242
2.7281387E+02, 1.23218918718346
2.7281692E+02, 1.23123743272979
2.7281996E+02, 1.23028517122578
2.7282301E+02, 1.22933236941360
2.7282605E+02, 1.22837897569247
2.7282910E+02, 1.22742496131132
2.7283215E+02, 1.22647028433726
2.7283519E+02, 1.22551478316346
2.7283824E+02, 1.22455836754983
2.7284128E+02, 1.22360095245597
2.7284433E+02, 1.22264246475855
2.7284737E+02, 1.22168285074760
2.7285042E+02, 1.22072208276172
2.7285347E+02, 1.21976016474304
2.7285651E+02, 1.21879713569605
2.7285956E+02, 1.21783307027761
2.7286260E+02, 1.21686807662886
2.7286565E+02, 1.21590228958498
2.7286870E+02, 1.21493585716253
2.7287174E+02, 1.21396892554666
2.7287479E+02, 1.21300161681344
2.7287783E+02, 1.21203400197744
2.7288088E+02, 1.21106606961016
2.7288393E+02, 1.21009769102090
2.7288697E+02, 1.20912858277954
2.7289002E+02, 1.20815826776846
2.7289306E+02, 1.20718603609257
2.7289611E+02, 1.20621090663357
2.7289916E+02, 1.20523158961212
2.7290220E+02, 1.20424645046258
2.7290525E+02, 1.20537061539068
2.7290829E+02, 1.20443745485036
2.7291134E+02, 1.20350279846971
2.7291438E+02, 1.20256536594004
2.7291743E+02, 1.20162352467992
2.7292048E+02, 1.20067527498572
2.7292352E+02, 1.19973242264463
2.7292657E+02, 1.19880370794577
2.7292961E+02, 1.19788434227386
2.7293266E+02, 1.19696853987246
2.7293571E+02, 1.19605527836557
2.7293875E+02, 1.19514356319320
2.7294180E+02, 1.19423247800803
2.7294484E+02, 1.19332122386956
2.7294789E+02, 1.19240913960644
2.7295094E+02, 1.19149571574725
2.7295398E+02, 1.19058070641488
2.7295703E+02, 1.18966396113799
2.7296007E+02, 1.18874548339633
2.7296312E+02, 1.18782541264469
2.7296617E+02, 1.18690400066195
2.7296921E+02, 1.18598158406567
2.7297226E+02, 1.18505855508796
2.7297530E+02, 1.18413533257260
2.7297835E+02, 1.18321233475936
2.7298140E+02, 1.18228995547435
2.7298444E+02, 1.18136854490523
2.7298749E+02, 1.18044851849481
2.7299053E+02, 1.17953003570543
2.7299358E+02, 1.17861318719302
2.7299662E+02, 1.17769804839396
2.7299967E+02, 1.17678462657939
2.7300272E+02, 1.17587286717940
2.7300576E+02, 1.17496266236770
2.7300881E+02, 1.17405386082312
2.7301185E+02, 1.17314627853362
2.7301490E+02, 1.17223970975852
2.7301795E+02, 1.17133393813069
2.7302099E+02, 1.17042884255843
2.7302404E+02, 1.16952425887322
2.7302708E+02, 1.16861986137104
2.7303013E+02, 1.16771549219872
2.7303318E+02, 1.16681102565891
2.7303622E+02, 1.16590637259777
2.7303927E+02, 1.16500148367535
2.7304231E+02, 1.16409635098940
2.7304536E+02, 1.16319100807256
2.7304841E+02, 1.16228552830076
2.7305145E+02, 1.16138002229060
2.7305450E+02, 1.16047494066504
2.7305754E+02, 1.15957018938263
2.7306059E+02, 1.15866593829167
2.7306363E+02, 1.15776239604147
2.7306668E+02, 1.15685977889241
2.7306973E+02, 1.15595830357380
2.7307277E+02, 1.15505818042478
2.7307582E+02, 1.15415960705817
2.7307886E+02, 1.15326276268174
2.7308191E+02, 1.15236780327722
2.7308496E+02, 1.15147526268521
2.7308800E+02, 1.15058491527393
2.7309105E+02, 1.14969675299478
2.7309409E+02, 1.14881080890853
2.7309714E+02, 1.14792708544509
2.7310019E+02, 1.14704555646725
2.7310323E+02, 1.14585212808651
2.7310628E+02, 1.14499514220218
2.7310932E+02, 1.14413978072491
2.7311237E+02, 1.14328599996993
2.7311542E+02, 1.14243387240352
2.7311846E+02, 1.14158342432804
2.7312151E+02, 1.14073439006599
2.7312455E+02, 1.13988674623754
2.7312760E+02, 1.13904048238070
2.7313064E+02, 1.13819560261265
2.7313369E+02, 1.13735212700466
2.7313674E+02, 1.13651031204057
2.7313978E+02, 1.13566999680536
2.7314283E+02, 1.13483120033283
2.7314587E+02, 1.13399400417180
2.7314892E+02, 1.13315850088634
2.7315197E+02, 1.13232479138985
2.7315501E+02, 1.13149311670923
2.7315806E+02, 1.13066347152269
2.7316110E+02, 1.12983589238069
2.7316415E+02, 1.12901047952966
2.7316720E+02, 1.12818732560048
2.7317024E+02, 1.12736651273629
2.7317329E+02, 1.12654818415507
2.7317633E+02, 1.12573225409648
2.7317938E+02, 1.12491875040455
2.7318243E+02, 1.12410769156871
2.7318547E+02, 1.12329908196673
2.7318852E+02, 1.12249285678371
2.7319156E+02, 1.12168892834988
2.7319461E+02, 1.12088727505803
2.7319765E+02, 1.12008785503048
2.7320070E+02, 1.11929062626131
2.7320375E+02, 1.11849533436484
2.7320679E+02, 1.11770189821590
2.7320984E+02, 1.11691040944279
2.7321288E+02, 1.11612086400176
2.7321593E+02, 1.11533328591549
2.7321898E+02, 1.11454713631321
2.7322202E+02, 1.11376280797717
2.7322507E+02, 1.11298055631254
2.7322811E+02, 1.11220058096461
2.7323116E+02, 1.11142290015544
2.7323421E+02, 1.11064716847570
2.7323725E+02, 1.10987453178645
2.7324030E+02, 1.10910549924667
2.7324334E+02, 1.10834067545219
2.7324639E+02, 1.10757945528785
2.7324944E+02, 1.10682358773881
2.7325248E+02, 1.10607414768102
2.7325553E+02, 1.10533212638510
2.7325857E+02, 1.10459707409028
2.7326162E+02, 1.10387124511184
2.7326466E+02, 1.10315600402421
2.7326771E+02, 1.10245193690625
2.7327076E+02, 1.10175927935021
2.7327380E+02, 1.10108018256712
2.7327685E+02, 1.10041507877802
2.7327989E+02, 1.09963764593490
2.7328294E+02, 1.09879431958222
2.7328599E+02, 1.09792705829626
2.7328903E+02, 1.09707378824779
2.7329208E+02, 1.09623402084102
2.7329512E+02, 1.09540735040616
2.7329817E+02, 1.09459313827945
2.7330122E+02, 1.09378996699598
2.7330426E+02, 1.08899300695068
2.7330731E+02, 1.08825128006293
2.7331035E+02, 1.08751198617185
2.7331340E+02, 1.08677455602018
2.7331645E+02, 1.08603846033379
2.7331949E+02, 1.08530348216390
2.7332254E+02, 1.08456951821920
2.7332558E+02, 1.08383598020416
2.7332863E+02, 1.08310256355880
2.7333167E+02, 1.08236902974069
2.7333472E+02, 1.08163497351593
2.7333777E+02, 1.08090018799838
2.7334081E+02, 1.08016451980692
2.7334386E+02, 1.07942775500233
2.7334690E+02, 1.07868955365833
2.7334995E+02, 1.07795011513209
2.7335300E+02, 1.07720947345562
2.7335604E+02, 1.07646747772961
2.7335909E+02, 1.07572409758602
2.7336213E+02, 1.07497980444878
2.7336518E+02, 1.07423481637940
2.7336823E+02, 1.07348900762136
2.7337127E+02, 1.07274258363290
2.7337432E+02, 1.07199613615305
2.7337736E+02, 1.07124993232379
2.7338041E+02, 1.07050369793355
2.7338346E+02, 1.06975770128245
2.7338650E+02, 1.06901249340132
2.7338955E+02, 1.06826823390957
2.7339259E+02, 1.06752428385573
2.7339564E+02, 1.06678095295251
2.7339868E+02, 1.06603863983664
2.7340173E+02, 1.06529733208511
2.7340478E+02, 1.06455586511021
2.7340782E+02, 1.06381478707815
2.7341087E+02, 1.06307426854988
2.7341391E+02, 1.06233415058819
2.7341696E+02, 1.06159270098870
2.7342001E+02, 1.06085099429145
2.7342305E+02, 1.06010894836020
2.7342610E+02, 1.05936626154383
2.7342914E+02, 1.05862105979942
2.7343219E+02, 1.05787479698208
2.7343524E+02, 1.05712730248327
2.7343769E+02, 1.05652413036037
2.7344014E+02, 1.05591917022890
2.7344259E+02, 1.05531407862459
2.7344504E+02, 1.05470609742471
2.7344749E+02, 1.05409759725399
2.7344995E+02, 1.05348783689896
2.7345240E+02, 1.05287590558130
2.7345485E+02, 1.05226379358827
2.7345730E+02, 1.05164924720429
2.7345975E+02, 1.05103394762654
2.7346221E+02, 1.05041814344751
2.7346466E+02, 1.04980002519881
2.7346711E+02, 1.04918210781397
2.7346956E+02, 1.04856291091786
2.7347201E+02, 1.04794289069663
2.7347447E+02, 1.04732345099583
2.7347692E+02, 1.04670210687609
2.7347937E+02, 1.04608140793747
2.7348182E+02, 1.04546088462289
2.7348427E+02, 1.04483953042022
2.7348672E+02, 1.04421941250497
2.7348918E+02, 1.04359887700735
2.7349163E+02, 1.04297887950816
2.7349408E+02, 1.04236037646639
2.7349653E+02, 1.04174095237485
2.7349898E+02, 1.04112325685984
2.7350144E+02, 1.04050628416356
2.7350389E+02, 1.03802092449673
2.7350634E+02, 1.03740780874940
2.7350879E+02, 1.03679417356329
2.7351124E+02, 1.03618016182161
2.7351370E+02, 1.03556572703107
2.7351615E+02, 1.03495087110485
2.7351860E+02, 1.03433576092215
2.7352105E+02, 1.03372015791581
2.7352350E+02, 1.03310433258426
2.7352595E+02, 1.03248825067475
2.7352841E+02, 1.03187181368732
2.7353086E+02, 1.03125527768657
2.7353331E+02, 1.03063839080638
2.7353576E+02, 1.03002132808036
2.7353821E+02, 1.02940416011592
2.7354067E+02, 1.02878657521629
2.7354312E+02, 1.02816890705620
2.7354557E+02, 1.02755092366262
2.7354802E+02, 1.02693259025499
2.7355047E+02, 1.02631409547997
2.7355292E+02, 1.02569496347752
2.7355538E+02, 1.02507550806197
2.7355783E+02, 1.02445559783201
2.7356028E+02, 1.02383495586775
2.7356322E+02, 1.02308949396073
2.7356616E+02, 1.02234309251274
2.7356911E+02, 1.02159537596061
2.7357205E+02, 1.02084658839605
2.7357499E+02, 1.02009670322035
2.7357793E+02, 1.01934570101480
2.7358088E+02, 1.01859338394277
2.7358382E+02, 1.01784000733980
2.7358624E+02, 1.01721810254015
2.7358867E+02, 1.01659557425945
2.7359110E+02, 1.01597259698287
2.7359352E+02, 1.01534928512291
2.7359595E+02, 1.01472586885068
2.7359837E+02, 1.01410243303341
2.7360080E+02, 1.01347919979155
2.7360323E+02, 1.01285650244384
2.7360565E+02, 1.01223422182831
2.7360808E+02, 1.01161298887502
2.7361050E+02, 1.01099269033563
2.7361293E+02, 1.01037318740524
2.7361536E+02, 1.00975545984154
2.7361778E+02, 1.00913845387979
2.7362021E+02, 1.00852267983521
2.7362263E+02, 1.00790813497137
2.7362506E+02, 1.00729368341731
2.7362749E+02, 1.00668068385893
2.7362991E+02, 1.00606736196405
2.7363234E+02, 1.00545359610874
2.7363476E+02, 1.00483974551344
2.7363719E+02, 1.00422362701311
2.7363962E+02, 1.00360608669481
2.7364204E+02, 1.00298539868323
2.7364447E+02, 1.00236011430474
2.7364689E+02, 1.00173107259464
2.7364932E+02, 1.00109510099253
2.7365175E+02, 1.00045155500797
2.7365417E+02, 0.999825938715007
2.7365660E+02, 0.999209239343447
2.7365902E+02, 0.998607035096519
2.7366145E+02, 0.998007259049376
2.7366388E+02, 0.997409844446341
2.7366630E+02, 0.996812128970285
2.7366873E+02, 0.996216535978752
2.7367115E+02, 0.995620159524338
2.7367358E+02, 0.995024101552799
2.7367601E+02, 0.994428133453482
2.7367843E+02, 0.993830335189920
2.7368134E+02, 0.993112709600852
2.7368425E+02, 0.992393449099030
2.7368716E+02, 0.991671325429879
2.7369008E+02, 0.990947622896375
2.7369299E+02, 0.990222183943984
2.7369590E+02, 0.989494085688377
2.7369881E+02, 0.988763751179724
2.7370172E+02, 0.988031807269874
2.7370463E+02, 0.988135384946918
2.7370754E+02, 0.987405721418732
2.7371045E+02, 0.986676584734261
2.7371337E+02, 0.985947424826135
2.7371628E+02, 0.985218041365927
2.7371919E+02, 0.984488199587374
2.7372210E+02, 0.983757552485921
2.7372501E+02, 0.983025887419339
2.7372792E+02, 0.982293017366585
2.7373083E+02, 0.981558567989480
2.7373374E+02, 0.980822429751031
2.7373665E+02, 0.980084496171261
2.7373957E+02, 0.979344736394551
2.7374248E+02, 0.978602859093796
2.7374539E+02, 0.977859039219099
2.7374830E+02, 0.977113326499606
2.7375121E+02, 0.976365786507044
2.7375412E+02, 0.975616365500060
2.7375703E+02, 0.974865332082024
2.7375994E+02, 0.974112777930930
2.7376285E+02, 0.973358789134421
2.7376577E+02, 0.972603393118771
2.7376868E+02, 0.971846843295605
2.7377159E+02, 0.971089266011324
2.7377450E+02, 0.970330784630654
2.7377741E+02, 0.969571405720445
2.7378032E+02, 0.968811317144759
2.7378323E+02, 0.968050632363580
2.7378614E+02, 0.967289461482518
2.7378906E+02, 0.966527870585170
2.7379197E+02, 0.965765953403428
2.7379488E+02, 0.965003771446113
2.7379779E+02, 0.964241363884878
2.7380070E+02, 0.963478735289489
2.7380361E+02, 0.962715850761319
2.7380652E+02, 0.961952670084254
2.7380943E+02, 0.961189123098939
2.7381234E+02, 0.960425004830831
2.7381526E+02, 0.959660200541916
2.7381817E+02, 0.958894700717457
2.7382108E+02, 0.958128383559464
2.7382399E+02, 0.957361145715813
2.7382690E+02, 0.956592874167037
2.7382981E+02, 0.955823463010442
2.7383272E+02, 0.955052814964062
2.7383563E+02, 0.954280808538316
2.7383855E+02, 0.953507343433158
2.7384146E+02, 0.952732317926646
2.7384437E+02, 0.951955645511960
2.7384728E+02, 0.951177260696317
2.7385019E+02, 0.950397136093026
2.7385310E+02, 0.949615252988060
2.7385601E+02, 0.948831558628808
2.7385892E+02, 0.948046050392327
2.7386183E+02, 0.947258754794238
2.7386475E+02, 0.946469838921979
2.7386766E+02, 0.945679319802108
2.7387057E+02, 0.944887238446470
2.7387348E+02, 0.944093681321442
2.7387639E+02, 0.943298733149462
2.7387930E+02, 0.942502764307299
2.7388221E+02, 0.941705642911627
2.7388512E+02, 0.940907431033016
2.7388803E+02, 0.940108204677543
2.7389095E+02, 0.939308031511615
2.7389386E+02, 0.938507436248960
2.7389677E+02, 0.937706053375980
2.7389968E+02, 0.936903913663799
2.7390259E+02, 0.936101036263750
2.7390550E+02, 0.936303014431978
2.7390841E+02, 0.935501874076367
2.7391132E+02, 0.934699597831286
2.7391424E+02, 0.933896204720109
2.7391715E+02, 0.933091725770426
2.7392006E+02, 0.932286192781570
2.7392297E+02, 0.931479795189850
2.7392588E+02, 0.930672475554864
2.7392879E+02, 0.929864270195141
2.7393170E+02, 0.929055249831755
2.7393461E+02, 0.928245497358745
2.7393752E+02, 0.927435343982962
2.7394044E+02, 0.926624818475239
2.7394335E+02, 0.925813917345320
2.7394626E+02, 0.925002748281645
2.7394917E+02, 0.924191419055880
2.7395208E+02, 0.923380242494920
2.7395499E+02, 0.922569480663620
2.7395790E+02, 0.921758900069524
2.7396081E+02, 0.920948569973692
2.7396373E+02, 0.920138545611893
2.7396664E+02, 0.919328946029660
2.7396955E+02, 0.918520370983651
2.7397246E+02, 0.917712171171915
2.7397537E+02, 0.916904305539691
2.7397828E+02, 0.916096705820554
2.7398119E+02, 0.915289271668160
2.7398410E+02, 0.914482702489437
2.7398701E+02, 0.913676080805152
2.7398993E+02, 0.912869110471612
2.7399284E+02, 0.912061576972052
2.7399575E+02, 0.911253121271084
2.7399866E+02, 0.910444075122192
2.7400157E+02, 0.909633587355754
2.7400448E+02, 0.908820992418051
2.7400739E+02, 0.908005855101011
2.7401030E+02, 0.907187723828005
2.7401321E+02, 0.906366428998903
2.7401613E+02, 0.905541647942599
2.7401904E+02, 0.904712312255125
2.7402195E+02, 0.903877943764745
2.7402486E+02, 0.903038111742591
2.7402777E+02, 0.902192455480410
2.7403068E+02, 0.901340852792404
2.7403359E+02, 0.900483327263623
2.7403650E+02, 0.899695373428472
2.7403942E+02, 0.898939149932949
2.7404233E+02, 0.898194569594184
2.7404524E+02, 0.897442144771884
2.7404815E+02, 0.896682060422801
2.7405106E+02, 0.895914619070004
2.7405397E+02, 0.895139889967170
2.7405688E+02, 0.894358158597959
2.7405979E+02, 0.893570080670278
2.7406270E+02, 0.892776306355926
2.7406562E+02, 0.891977611486057
2.7406853E+02, 0.891174772787203
2.7407144E+02, 0.890368675848380
2.7407435E+02, 0.889560265881262
2.7407726E+02, 0.888749919924038
2.7408017E+02, 0.887938400982472
2.7408308E+02, 0.887126377917685
2.7408599E+02, 0.886314542448390
2.7408891E+02, 0.885504051502177
2.7409182E+02, 0.884694547331020
2.7409473E+02, 0.883886391346326
2.7409764E+02, 0.883079874572657
2.7410055E+02, 0.882275217681107
2.7410346E+02, 0.883535721162537
2.7410637E+02, 0.882716141833229
2.7410928E+02, 0.881898919739566
2.7411219E+02, 0.881084144844875
2.7411511E+02, 0.880271892041975
2.7411802E+02, 0.879462207408476
2.7412093E+02, 0.878655172833640
2.7412384E+02, 0.877850829211597
2.7412675E+02, 0.877049197359026
2.7412966E+02, 0.876250279445721
2.7413257E+02, 0.875454098553272
2.7413548E+02, 0.874660555504490
2.7413898E+02, 0.873711672329962
2.7414247E+02, 0.872766353166517
2.7414596E+02, 0.871824417701305
2.7414946E+02, 0.870885659816879
2.7415295E+02, 0.869949856206793
2.7415644E+02, 0.869016774835273
2.7415994E+02, 0.868086183723094
2.7416343E+02, 0.867157859046812
2.7416692E+02, 0.866231592191990
2.7417042E+02, 0.865307218129667
2.7417391E+02, 0.864384629279612
2.7417740E+02, 0.863463633145020
2.7418090E+02, 0.862544134279554
2.7418439E+02, 0.861626070642184
2.7418788E+02, 0.860709413695743
2.7419138E+02, 0.859794166528103
2.7419487E+02, 0.858880361308965
2.7419836E+02, 0.857968055887029
2.7420186E+02, 0.857057329711510
2.7420535E+02, 0.856148279234990
2.7420885E+02, 0.855241013130431
2.7421234E+02, 0.854335794389033
2.7421583E+02, 0.853432737257556
2.7421933E+02, 0.852531830426435
2.7422282E+02, 0.851633178795108
2.7422631E+02, 0.850736874920537
2.7422981E+02, 0.849842995453573
2.7423330E+02, 0.848951597990572
2.7423679E+02, 0.848062718300982
2.7424029E+02, 0.847176368517912
2.7424378E+02, 0.846292577865451
2.7424727E+02, 0.845411698254597
2.7425077E+02, 0.844533238106289
2.7425426E+02, 0.843657105037624
2.7425775E+02, 0.842783182910325
2.7426125E+02, 0.841911333607055
2.7426474E+02, 0.841041399273324
2.7426823E+02, 0.840173205149536
2.7427173E+02, 0.839306683205318
2.7427522E+02, 0.838441992365278
2.7427871E+02, 0.837578442116761
2.7428221E+02, 0.836715827284760
2.7428570E+02, 0.835853947182090
2.7428919E+02, 0.834992610207751
2.7429269E+02, 0.834131638938351
2.7429618E+02, 0.833270875278952
2.7429967E+02, 0.832410852629930
2.7430317E+02, 0.831550838986627
2.7430666E+02, 0.832311532577082
2.7431015E+02, 0.831455367742856
2.7431365E+02, 0.830600068826143
2.7431714E+02, 0.829745615354189
2.7432063E+02, 0.828891998094515
2.7432413E+02, 0.828039222459360
2.7432762E+02, 0.827187306550765
2.7433111E+02, 0.826336410331297
2.7433461E+02, 0.825486654756355
2.7433810E+02, 0.824637925321173
2.7434159E+02, 0.823790302054924
2.7434509E+02, 0.822943877045280
2.7434858E+02, 0.822098751512647
2.7435207E+02, 0.821255032047907
2.7435557E+02, 0.820413264468086
2.7435906E+02, 0.819573207463548
2.7436255E+02, 0.818734897296576
2.7436605E+02, 0.817898408298881
2.7436954E+02, 0.817063787971423
2.7437303E+02, 0.816231048891770
2.7437653E+02, 0.815400677573597
2.7438002E+02, 0.814572250522448
2.7438351E+02, 0.813745442032721
2.7438701E+02, 0.812920013557104
2.7439050E+02, 0.812095640365819
2.7439400E+02, 0.811271908010274
2.7439749E+02, 0.810448976269964
2.7440098E+02, 0.809625404517179
2.7440448E+02, 0.808800374714638
2.7440797E+02, 0.807972922144578
2.7441146E+02, 0.807141921279462
2.7441496E+02, 0.806306147794378
2.7441845E+02, 0.805464113777671
2.7442194E+02, 0.804613671218157
2.7442544E+02, 0.803752767163208
2.7442893E+02, 0.802879041650923
2.7443242E+02, 0.801989769178414
2.7443592E+02, 0.801081781196862
2.7443941E+02, 0.800174259603903
2.7444290E+02, 0.799416634411227
2.7444640E+02, 0.798695116527726
2.7444989E+02, 0.797980621848423
2.7445338E+02, 0.797261745595187
2.7445688E+02, 0.796535795530451
2.7446037E+02, 0.795804775600333
2.7446386E+02, 0.795068363990292
2.7446736E+02, 0.794326113430887
2.7447085E+02, 0.793577671888172
2.7447434E+02, 0.792824163780558
2.7447784E+02, 0.792065866369430
2.7448133E+02, 0.791303163910717
2.7448482E+02, 0.790536550156251
2.7448832E+02, 0.789766902742218
2.7449181E+02, 0.788994877911683
2.7449530E+02, 0.788221180569703
2.7449880E+02, 0.787446777626604
2.7450229E+02, 0.786672178126358
2.7450578E+02, 0.787175140284009
2.7450928E+02, 0.786398899505933
2.7451277E+02, 0.785623350356608
2.7451626E+02, 0.784848770769993
2.7451976E+02, 0.784075277745860
2.7452325E+02, 0.783302938849786
2.7452674E+02, 0.782531666536747
2.7453024E+02, 0.781761802449301
2.7453373E+02, 0.780993438870804
2.7453722E+02, 0.780226653315835
2.7454072E+02, 0.779461263856049
2.7454421E+02, 0.778697451081210
2.7454770E+02, 0.777935263767476
2.7455120E+02, 0.777174697088398
2.7455469E+02, 0.776415545588966
2.7455818E+02, 0.775657789618469
2.7456168E+02, 0.774901462558687
2.7456517E+02, 0.774146503777905
2.7456866E+02, 0.773392680227237
2.7457216E+02, 0.772639882018339
2.7457565E+02, 0.771888155057224
2.7457915E+02, 0.771137428556887
2.7458264E+02, 0.770387465751215
2.7458613E+02, 0.769638156991155
2.7458963E+02, 0.768889585139727
2.7459312E+02, 0.768141706063671
2.7459661E+02, 0.767394299137572
2.7460011E+02, 0.766647312287163
2.7460360E+02, 0.765900867099204
2.7460709E+02, 0.765154958845856
2.7461059E+02, 0.764409385821945
2.7461408E+02, 0.763664178647400
2.7461757E+02, 0.762919479692990
2.7462107E+02, 0.762175318504500
2.7462456E+02, 0.761431501152939
2.7462805E+02, 0.760688142820211
2.7463155E+02, 0.759945381843571
2.7463504E+02, 0.759203267723445
2.7463853E+02, 0.758461593134550
2.7464203E+02, 0.757720552594903
2.7464552E+02, 0.756980256301581
2.7464901E+02, 0.756240758498808
2.7465251E+02, 0.755501812254863
2.7465600E+02, 0.754763693270357
2.7465949E+02, 0.754026463328027
2.7466299E+02, 0.753290128289588
2.7466589E+02, 0.752679233217206
2.7466879E+02, 0.752069095492342
2.7467169E+02, 0.751459548222079
2.7467459E+02, 0.750850573969744
2.7467749E+02, 0.750242414214725
2.7468039E+02, 0.749634663440547
2.7468329E+02, 0.749027696885386
2.7468619E+02, 0.748421395313294
2.7468909E+02, 0.747815650381524
2.7469199E+02, 0.747210735333274
2.7469489E+02, 0.746606268489576
2.7469779E+02, 0.746002557292007
2.7470069E+02, 0.745399534163834
2.7470359E+02, 0.744563333633725
2.7470649E+02, 0.743968577600386
2.7470940E+02, 0.743374287370528
2.7471230E+02, 0.742780350112908
2.7471520E+02, 0.742186873517065
2.7471810E+02, 0.741593739029325
2.7472100E+02, 0.741001025216522
2.7472390E+02, 0.740408758452729
2.7472680E+02, 0.739816857659391
2.7472970E+02, 0.739225515129162
2.7473260E+02, 0.738634542397228
2.7473550E+02, 0.738044159521243
2.7473840E+02, 0.737454348560988
2.7474130E+02, 0.736865104391222
2.7474420E+02, 0.736276634537978
2.7474710E+02, 0.735688750729682
2.7475000E+02, 0.735101750830191
2.7475290E+02, 0.734515560005862
2.7475580E+02, 0.733930270459924
2.7475871E+02, 0.733346026440565
2.7476161E+02, 0.732762714097829
2.7476451E+02, 0.732180609370674
2.7476741E+02, 0.731599565978592
2.7477031E+02, 0.731019775969682
2.7477321E+02, 0.730441261833425
2.7477611E+02, 0.729863993588735
2.7477901E+02, 0.729288160204612
2.7478191E+02, 0.728713571163068
2.7478481E+02, 0.728140467491415
2.7478771E+02, 0.727568707401795
2.7479119E+02, 0.726884468413508
2.7479467E+02, 0.726202327694731
2.7479815E+02, 0.725522096958367
2.7480163E+02, 0.724843856399036
2.7480511E+02, 0.724167634254617
2.7480859E+02, 0.723493207364963
2.7481208E+02, 0.722820585456707
2.7481556E+02, 0.722149806639072
2.7481904E+02, 0.721480610755404
2.7482252E+02, 0.720812993667573
2.7482600E+02, 0.720147030080514
2.7482948E+02, 0.719482423275916
2.7483296E+02, 0.718819213322640
2.7483644E+02, 0.718157529825673
2.7483992E+02, 0.717497035636075
2.7484340E+02, 0.716837877571765
2.7484688E+02, 0.716180241581674
2.7485036E+02, 0.715523740064232
2.7485384E+02, 0.714868685955530
2.7485732E+02, 0.714215298508778
2.7486080E+02, 0.713563125155310
2.7486429E+02, 0.712912689089142
2.7486777E+02, 0.712264154518670
2.7487125E+02, 0.711617119642241
2.7487473E+02, 0.710972202258644
2.7487821E+02, 0.710329439738733
2.7488169E+02, 0.709688644000264
2.7488517E+02, 0.709050322095040
2.7488865E+02, 0.708414390226814
2.7489213E+02, 0.707780871898111
2.7489561E+02, 0.707150074066963
2.7489909E+02, 0.706521805672857
2.7490257E+02, 0.705896204758277
2.7490605E+02, 0.705989662033100
2.7490953E+02, 0.705372361957136
2.7491301E+02, 0.704756970599486
2.7491650E+02, 0.704142784546298
2.7491998E+02, 0.703530172014099
2.7492346E+02, 0.702918339339732
2.7492694E+02, 0.702306938614030
2.7493042E+02, 0.701696110046391
2.7493390E+02, 0.701084722675029
2.7493738E+02, 0.700472905162003
2.7494086E+02, 0.699860999498407
2.7494434E+02, 0.699252383302279
2.7494782E+02, 0.698647085281278
2.7495130E+02, 0.698045291443890
2.7495478E+02, 0.697445896326882
2.7495826E+02, 0.696848602195519
2.7496174E+02, 0.696253789762567
2.7496522E+02, 0.695659701527385
2.7496871E+02, 0.695067550938970
2.7497219E+02, 0.694476128428507
2.7497567E+02, 0.693885435659178
2.7497915E+02, 0.693295666184383
2.7498263E+02, 0.692705470858510
2.7498611E+02, 0.692115976368936
2.7498959E+02, 0.691525912618733
2.7499307E+02, 0.690935738652153
2.7499655E+02, 0.690345358663330
2.7500003E+02, 0.689753981499610
2.7500351E+02, 0.689162531162571
2.7500699E+02, 0.688569810511883
2.7501047E+02, 0.687976598730821
2.7501395E+02, 0.687382626855501
2.7501743E+02, 0.686787500183621
2.7502092E+02, 0.686191974375515
2.7502440E+02, 0.685594979285300
2.7502788E+02, 0.684997400292196
2.7503136E+02, 0.684398920027582
2.7503484E+02, 0.683799301964615
2.7503832E+02, 0.683199199870376
2.7504180E+02, 0.682597631801354
2.7504528E+02, 0.681995436009081
2.7504876E+02, 0.681392311467485
2.7505224E+02, 0.680787985659539
2.7505572E+02, 0.680183073218808
2.7505920E+02, 0.679576633329116
2.7506268E+02, 0.678969362283921
2.7506616E+02, 0.678361046257229
2.7506965E+02, 0.677751224153393
2.7507313E+02, 0.677140549669903
2.7507661E+02, 0.676528149893445
2.7508009E+02, 0.675914470394656
2.7508357E+02, 0.675299538560430
2.7508705E+02, 0.674682543286866
2.7509053E+02, 0.674064287106318
2.7509401E+02, 0.673444097005014
2.7509749E+02, 0.672821980645479
2.7510097E+02, 0.672198390783348
2.7510445E+02, 0.670969797602890
2.7510793E+02, 0.670332203934471
2.7511141E+02, 0.669692627167549
2.7511489E+02, 0.669051421301391
2.7511837E+02, 0.668408369397273
2.7512186E+02, 0.667763437941296
2.7512534E+02, 0.667116875311407
2.7512882E+02, 0.666468373490551
2.7513230E+02, 0.665818079306139
2.7513578E+02, 0.665166178576801
2.7513926E+02, 0.664512290583324
2.7514274E+02, 0.663856713851672
2.7514622E+02, 0.663199584321324
2.7514970E+02, 0.662540469277386
2.7515318E+02, 0.661879784215383
2.7515666E+02, 0.661217631334298
2.7516014E+02, 0.660553553886075
2.7516362E+02, 0.659888043137726
2.7516710E+02, 0.659221184124052
2.7517058E+02, 0.658552531705190
2.7517407E+02, 0.657882598448614
2.7517755E+02, 0.657211478946843
2.7518103E+02, 0.656538756255111
2.7518451E+02, 0.655864930686597
2.7518799E+02, 0.655190119518507
2.7519147E+02, 0.654513962417817
2.7519495E+02, 0.653836898658479
2.7519843E+02, 0.653159083410069
2.7520191E+02, 0.652480227453733
2.7520539E+02, 0.651800676509416
2.7520887E+02, 0.651120634129135
2.7521235E+02, 0.650439888996073
2.7521583E+02, 0.649758673293274
2.7521931E+02, 0.649077244026050
2.7522279E+02, 0.648395469601085
2.7522628E+02, 0.647713461636760
2.7522976E+02, 0.647031532567998
2.7523324E+02, 0.646349629951042
2.7523672E+02, 0.645667748472995
2.7524020E+02, 0.644986257909342
2.7524368E+02, 0.644305180344949
2.7524716E+02, 0.643624411432285
2.7525064E+02, 0.642944378264440
2.7525412E+02, 0.642265171899817
2.7525760E+02, 0.641586608581352
2.7526108E+02, 0.640909165764050
2.7526456E+02, 0.640232992326355
2.7526804E+02, 0.639557855247406
2.7527152E+02, 0.638884272333162
2.7527500E+02, 0.638212434794380
2.7527849E+02, 0.637542094930158
2.7528197E+02, 0.636873789279660
2.7528545E+02, 0.636207721959432
2.7528893E+02, 0.635543674122327
2.7529241E+02, 0.634882160973852
2.7529589E+02, 0.634223380965726
2.7529937E+02, 0.633567140059401
2.7530285E+02, 0.632913931518001
2.7530633E+02, 0.632635561512595
2.7530981E+02, 0.631992817120632
2.7531329E+02, 0.631352759729600
2.7531677E+02, 0.630715518432812
2.7532025E+02, 0.630081088227478
2.7532373E+02, 0.629449779438934
2.7532721E+02, 0.628821579525783
2.7533070E+02, 0.628196531130298
2.7533418E+02, 0.627574987705294
2.7533766E+02, 0.626956744825500
2.7534114E+02, 0.626342008908174
2.7534462E+02, 0.625730887177300
2.7534810E+02, 0.625123258018007
2.7535158E+02, 0.624519415160832
2.7535506E+02, 0.623919169860029
2.7535854E+02, 0.623322616583831
2.7536202E+02, 0.622729853721728
2.7536550E+02, 0.622140684925594
2.7536898E+02, 0.621555371410084
2.7537246E+02, 0.620973648755791
2.7537594E+02, 0.620395637668128
2.7537942E+02, 0.619821280354028
2.7538291E+02, 0.619250468140061
2.7538639E+02, 0.618683370618482
2.7538987E+02, 0.618119710648730
2.7539335E+02, 0.617559717262945
2.7539683E+02, 0.617003150614873
2.7540031E+02, 0.616450153452308
2.7540379E+02, 0.615900622722162
2.7540727E+02, 0.615354589428069
2.7541075E+02, 0.614812100245381
2.7541423E+02, 0.614273060832465
2.7541771E+02, 0.613737684669136
2.7542119E+02, 0.613205731109874
2.7542467E+02, 0.612677610522776
2.7542815E+02, 0.612152955092996
2.7543163E+02, 0.611632248882859
2.7543512E+02, 0.611115123137507
2.7543860E+02, 0.610602090655855
2.7544208E+02, 0.610092768375826
2.7544556E+02, 0.609587710203269
2.7544904E+02, 0.609086482361716
2.7545252E+02, 0.608589710612209
2.7545600E+02, 0.608096843556200
2.7545948E+02, 0.607608645255977
2.7546235E+02, 0.607209149701759
2.7546522E+02, 0.606813297404013
2.7546808E+02, 0.606419979174172
2.7547095E+02, 0.606029673758691
2.7547382E+02, 0.605642632944140
2.7547669E+02, 0.605257958526009
2.7547956E+02, 0.604877000634999
2.7548242E+02, 0.604498617697956
2.7548529E+02, 0.604122783285789
2.7548816E+02, 0.603750618090193
2.7549103E+02, 0.603380503306410
2.7549389E+02, 0.603013375993931
2.7549676E+02, 0.602649184068026
2.7549963E+02, 0.602286663092541
2.7550250E+02, 0.601927513128852
2.7550537E+02, 0.600516035661656
2.7550823E+02, 0.600161441820557
2.7551110E+02, 0.599804466209076
2.7551397E+02, 0.599448520309416
2.7551684E+02, 0.599093062370512
2.7552028E+02, 0.598666152370944
2.7552372E+02, 0.598240747875404
2.7552716E+02, 0.597816844617063
2.7553060E+02, 0.597394839621146
2.7553405E+02, 0.596974689993105
2.7553749E+02, 0.596556595458738
2.7554093E+02, 0.596140778014129
2.7554437E+02, 0.595726943512334
2.7554781E+02, 0.595315680397566
2.7555125E+02, 0.594906523048291
2.7555469E+02, 0.594499863999369
2.7555814E+02, 0.594095728193403
2.7556158E+02, 0.593693698877567
2.7556502E+02, 0.593294494587868
2.7556846E+02, 0.592897304322423
2.7557190E+02, 0.592502694299097
2.7557534E+02, 0.592110647789678
2.7557878E+02, 0.591720475081288
2.7558223E+02, 0.591333107189633
2.7558567E+02, 0.590947644837105
2.7558911E+02, 0.590564457358932
2.7559255E+02, 0.590183926284765
2.7559599E+02, 0.589804704606219
2.7559943E+02, 0.589428130928444
2.7560287E+02, 0.589053592178060
2.7560632E+02, 0.588680724375793
2.7560976E+02, 0.588310391528899
2.7561320E+02, 0.587941519554855
2.7561664E+02, 0.587574670570824
2.7562008E+02, 0.587210254761988
2.7562352E+02, 0.586846821417610
2.7562696E+02, 0.586485739235165
2.7563041E+02, 0.586126736852581
2.7563385E+02, 0.585768921656095
2.7563729E+02, 0.585413471297231
2.7564073E+02, 0.585059805677204
2.7564417E+02, 0.584707630161150
2.7564761E+02, 0.584357813628933
2.7565105E+02, 0.584009612615332
2.7565450E+02, 0.583663173161559
2.7565794E+02, 0.583319126755056
2.7566138E+02, 0.582976649439860
2.7566482E+02, 0.582636167567130
2.7566826E+02, 0.582298151242934
2.7567170E+02, 0.581961768904823
2.7567514E+02, 0.581627566532558
2.7567859E+02, 0.581295921747644
2.7568203E+02, 0.580966060680251
2.7568547E+02, 0.580638501294846
2.7568891E+02, 0.580313599743593
2.7569235E+02, 0.579990696733277
2.7569579E+02, 0.579670146338383
2.7569924E+02, 0.579352349595173
2.7570268E+02, 0.579036815281148
2.7570612E+02, 0.578168476959177
2.7570956E+02, 0.577861900439995
2.7571300E+02, 0.577558128074280
2.7571644E+02, 0.577257169720451
2.7571988E+02, 0.576958907801135
2.7572333E+02, 0.576663491670524
2.7572677E+02, 0.576370959173698
2.7573021E+02, 0.576081259805795
2.7573365E+02, 0.575794410456465
2.7573709E+02, 0.575510525104603
2.7574053E+02, 0.575229602277579
2.7574397E+02, 0.574951532579019
2.7574742E+02, 0.574676463416476
2.7575086E+02, 0.574404412413167
2.7575430E+02, 0.574135348426942
2.7575774E+02, 0.573869218704018
2.7576118E+02, 0.573606156671123
2.7576462E+02, 0.573346159376846
2.7576806E+02, 0.573089164435789
2.7577151E+02, 0.572835166430355
2.7577495E+02, 0.572584258663695
2.7577839E+02, 0.572336431301371
2.7578183E+02, 0.572091607691597
2.7578527E+02, 0.571849767753227
2.7578871E+02, 0.571611012643232
2.7579215E+02, 0.571375337321473
2.7579560E+02, 0.571142700721493
2.7579904E+02, 0.570913008439309
2.7580248E+02, 0.570686421279012
2.7580592E+02, 0.570462939072435
2.7580936E+02, 0.570242559184874
2.7581280E+02, 0.570025117638674
2.7581624E+02, 0.569810733187350
2.7581969E+02, 0.569599446559107
2.7582313E+02, 0.569391247881965
2.7582657E+02, 0.569186123891438
2.7583001E+02, 0.568983831205008
2.7583345E+02, 0.568784607631631
2.7583689E+02, 0.568588438182952
2.7584033E+02, 0.568395306312096
2.7584378E+02, 0.568205194035070
2.7584722E+02, 0.568017828016638
2.7585066E+02, 0.567833422844908
2.7585410E+02, 0.567651975564751
2.7585754E+02, 0.567473459481100
2.7586098E+02, 0.567297848167420
2.7586442E+02, 0.567125001243138
2.7586787E+02, 0.566954818874279
2.7587131E+02, 0.566787468499742
2.7587475E+02, 0.566622920237403
2.7587819E+02, 0.566461140777122
2.7588163E+02, 0.566302093721983
2.7588507E+02, 0.566145649859706
2.7588852E+02, 0.565991626158986
2.7589196E+02, 0.565840221587607
2.7589540E+02, 0.565691394277862
2.7589884E+02, 0.565545100840890
2.7590228E+02, 0.565401301400049
2.7590572E+02, 0.564621701693146
2.7590916E+02, 0.564479167363483
2.7591261E+02, 0.564339234186450
2.7591605E+02, 0.564201868415104
2.7591949E+02, 0.564066993029034
2.7592293E+02, 0.563934611240484
2.7592637E+02, 0.563804693327412
2.7592981E+02, 0.563677205383699
2.7593325E+02, 0.563552114449994
2.7593670E+02, 0.563429387836594
2.7594014E+02, 0.563308994082886
2.7594358E+02, 0.563190902822284
2.7594702E+02, 0.563075020836542
2.7595046E+02, 0.562961389726892
2.7595390E+02, 0.562849989853600
2.7595734E+02, 0.562740803050536
2.7596079E+02, 0.562633812585060
2.7596423E+02, 0.562529004210915
2.7596767E+02, 0.562426366212115
2.7597111E+02, 0.562325889076523
2.7597455E+02, 0.562227565944877
2.7597799E+02, 0.562131350935708
2.7598143E+02, 0.562037261998879
2.7598488E+02, 0.561945334765823
2.7598832E+02, 0.561855576439247
2.7599176E+02, 0.561767996719748
2.7599520E+02, 0.561682607853604
2.7599864E+02, 0.561599424786844
2.7600208E+02, 0.561518465481863
2.7600552E+02, 0.561439750890063
2.7600897E+02, 0.561363304886296
2.7601241E+02, 0.561289153660473
2.7601585E+02, 0.561217325700861
2.7601929E+02, 0.561147816876144
2.7602273E+02, 0.561080670354668
2.7602617E+02, 0.561015945171205
2.7602961E+02, 0.560953674275530
2.7603306E+02, 0.560893891344867
2.7603650E+02, 0.560836630178024
2.7603994E+02, 0.560781924752028
2.7604338E+02, 0.560729808646785
2.7604622E+02, 0.560688795337744
2.7604906E+02, 0.560649593230756
2.7605190E+02, 0.560612222896846
2.7605474E+02, 0.560576700039818
2.7605757E+02, 0.560543038531662
2.7606041E+02, 0.560511250830108
2.7606325E+02, 0.560481347929691
2.7606609E+02, 0.560453339577772
2.7606893E+02, 0.560427234570538
2.7607177E+02, 0.560403040704734
2.7607461E+02, 0.560380764563772
2.7607744E+02, 0.560360411435754
2.7608028E+02, 0.560341985165496
2.7608312E+02, 0.560325487724040
2.7608596E+02, 0.560310919181361
2.7608880E+02, 0.560298277837678
2.7609164E+02, 0.560287560235293
2.7609448E+02, 0.560278760682439
2.7609732E+02, 0.560271870976868
2.7610015E+02, 0.560266880515224
2.7610299E+02, 0.558946517106655
2.7610583E+02, 0.558941753969415
2.7610867E+02, 0.558938560377339
2.7611151E+02, 0.558936906052771
2.7611435E+02, 0.558936730231513
2.7611719E+02, 0.558937969541183
2.7612002E+02, 0.558940563043840
2.7612286E+02, 0.558944453023763
2.7612570E+02, 0.558949584563892
2.7612911E+02, 0.558957315610898
2.7613251E+02, 0.558966678280607
2.7613592E+02, 0.558977581205287
2.7613933E+02, 0.558989938040455
2.7614273E+02, 0.559003664688745
2.7614614E+02, 0.559018678380369
2.7614955E+02, 0.559034897448076
2.7615295E+02, 0.559052240941060
2.7615636E+02, 0.559070628278270
2.7616045E+02, 0.559093970801889
2.7616453E+02, 0.559118577606300
2.7616862E+02, 0.559144301144371
2.7617271E+02, 0.559170997442416
2.7617680E+02, 0.559198504378384
2.7618089E+02, 0.559226671672113
2.7618497E+02, 0.559255381543640
2.7618906E+02, 0.559284491001820
2.7619315E+02, 0.559313855910244
2.7619724E+02, 0.559343330864805
2.7620132E+02, 0.559372769295029
2.7620541E+02, 0.559402024185321
2.7620950E+02, 0.559430948964082
2.7621359E+02, 0.559459397186837
2.7621767E+02, 0.559487223510124
2.7622176E+02, 0.559514284558976
2.7622585E+02, 0.559540439676454
2.7622994E+02, 0.559565551905861
2.7623402E+02, 0.559589489328632
2.7623811E+02, 0.559612126530634
2.7624220E+02, 0.559633345430031
2.7624629E+02, 0.559653036474229
2.7625038E+02, 0.559671099828216
2.7625446E+02, 0.559687446371312
2.7625855E+02, 0.559701998886692
2.7626264E+02, 0.559714693288992
2.7626673E+02, 0.559725480104649
2.7627081E+02, 0.559734325743590
2.7627490E+02, 0.559741213809187
2.7627899E+02, 0.559746146316366
2.7628308E+02, 0.559749144708021
2.7628716E+02, 0.559750250741721
2.7629125E+02, 0.559749527235052
2.7629534E+02, 0.559747058523054
2.7629943E+02, 0.559742950757257
2.7630351E+02, 0.559737331931529
2.7630760E+02, 0.558705111285311
2.7631169E+02, 0.558668758686472
2.7631578E+02, 0.558631462000577
2.7631987E+02, 0.558593541464527
2.7632395E+02, 0.558555304038296
2.7632804E+02, 0.558517064502237
2.7633213E+02, 0.558479148709329
2.7633622E+02, 0.558441894571838
2.7634030E+02, 0.558405651366504
2.7634439E+02, 0.558370778067438
2.7634848E+02, 0.558337641325893
2.7635257E+02, 0.558306613246300
2.7635665E+02, 0.558278069204408
2.7636074E+02, 0.558252385624716
2.7636483E+02, 0.558229937744643
2.7636892E+02, 0.558211097403873
2.7637301E+02, 0.558196230997503
2.7637709E+02, 0.558185697203872
2.7638118E+02, 0.558179843394403
2.7638527E+02, 0.558179012132297
2.7638936E+02, 0.558183527396917
2.7639344E+02, 0.558193696884307
2.7639753E+02, 0.558209814867825
2.7640162E+02, 0.558232158581634
2.7640571E+02, 0.558260985913274
2.7640979E+02, 0.558296535130605
2.7641388E+02, 0.558339024058779
2.7641797E+02, 0.558388649453663
2.7642206E+02, 0.558445586474639
2.7642614E+02, 0.558509988348293
2.7643023E+02, 0.558581986188701
2.7643432E+02, 0.558661688881756
2.7643841E+02, 0.558749183254661
2.7644250E+02, 0.558844534094081
2.7644658E+02, 0.558947784426899
2.7645067E+02, 0.559058955900631
2.7645476E+02, 0.559178049169524
2.7645885E+02, 0.559305043538298
2.7646293E+02, 0.559439880120717
2.7646784E+02, 0.559611954612315
2.7647274E+02, 0.559795109043025
2.7647765E+02, 0.559989159078481
2.7648255E+02, 0.560193874320400
2.7648746E+02, 0.560408938407490
2.7649236E+02, 0.560634050587789
2.7649727E+02, 0.560868884468532
2.7650218E+02, 0.561113086392918
2.7650708E+02, 0.561323741250098
2.7651199E+02, 0.561597384341006
2.7651689E+02, 0.561878493825175
2.7652180E+02, 0.562166543428046
2.7652670E+02, 0.562460788531223
2.7653161E+02, 0.562760858021712
2.7653651E+02, 0.563066245768965
2.7654142E+02, 0.563376211993253
2.7654632E+02, 0.563690190146185
2.7655123E+02, 0.564007736578538
2.7655613E+02, 0.564328120795448
2.7656104E+02, 0.564650650486304
2.7656594E+02, 0.564974958173706
2.7657085E+02, 0.565300335659660
2.7657575E+02, 0.565626022625957
2.7658066E+02, 0.565951737880971
2.7658556E+02, 0.566276823736070
2.7659047E+02, 0.566600486054413
2.7659537E+02, 0.566922546135530
2.7660028E+02, 0.567242445822251
2.7660518E+02, 0.567559355043699
2.7661009E+02, 0.567873228605850
2.7661499E+02, 0.568183669235639
2.7661990E+02, 0.568489797982623
2.7662480E+02, 0.568791724104241
2.7662971E+02, 0.569089162484556
2.7663462E+02, 0.569381537051828
2.7663952E+02, 0.569668751062295
2.7664443E+02, 0.569950793583914
2.7664933E+02, 0.570227480270758
2.7665424E+02, 0.570498404336666
2.7665914E+02, 0.570763898723743
2.7666405E+02, 0.571023984382123
2.7666895E+02, 0.571278600097950
2.7667386E+02, 0.571527744716253
2.7667876E+02, 0.571771829713679
2.7668367E+02, 0.572011075401506
2.7668857E+02, 0.572245675896470
2.7669348E+02, 0.572475777585660
2.7669838E+02, 0.572701973479000
2.7670329E+02, 0.572924662299442
2.7670819E+02, 0.575640844122257
2.7671310E+02, 0.575878067917528
2.7671800E+02, 0.576111904487938
2.7672291E+02, 0.576342600272342
2.7672781E+02, 0.576570790116631
2.7673272E+02, 0.576797159789663
2.7673762E+02, 0.577022259577434
2.7674253E+02, 0.577246536132571
2.7674743E+02, 0.577470278608480
2.7675234E+02, 0.577694402952030
2.7675725E+02, 0.577919481058271
2.7676215E+02, 0.578146081478818
2.7676706E+02, 0.578374287243747
2.7677196E+02, 0.578604931352996
2.7677687E+02, 0.578838661839703
2.7678177E+02, 0.579075996162252
2.7678668E+02, 0.579317030102261
2.7679158E+02, 0.579562175625277
2.7679649E+02, 0.579812240598231
2.7680139E+02, 0.580067654113743
2.7680630E+02, 0.580328262904798
2.7681120E+02, 0.580594366294203
2.7681611E+02, 0.580866804212855
2.7682101E+02, 0.581145904304708
2.7682592E+02, 0.581430730200801
2.7683082E+02, 0.581722386992912
2.7683573E+02, 0.582021372452875
2.7684063E+02, 0.582327107149551
2.7684554E+02, 0.582639424558549
2.7685044E+02, 0.582959553736599
2.7685535E+02, 0.583287033759445
2.7686025E+02, 0.583620909669934
2.7686516E+02, 0.583962969957415
2.7687006E+02, 0.584312450273455
2.7687497E+02, 0.584668495503721
2.7687988E+02, 0.585033060918028
2.7688478E+02, 0.585404519807948
2.7688969E+02, 0.585783350925145
2.7689459E+02, 0.586171080576033
2.7689950E+02, 0.586564640328221
2.7690440E+02, 0.586967204190342
2.7690931E+02, 0.583006604271546
2.7691421E+02, 0.583414559610580
2.7691912E+02, 0.583830212493645
2.7692402E+02, 0.584253594256377
2.7692893E+02, 0.584684287026016
2.7693383E+02, 0.585122550454745
2.7693874E+02, 0.585567902029211
2.7694364E+02, 0.586020563158790
2.7694855E+02, 0.586480243536945
2.7695345E+02, 0.586946965011669
2.7695836E+02, 0.587420654505034
2.7696326E+02, 0.587901194126528
2.7696817E+02, 0.588388649389707
2.7697223E+02, 0.588797677944080
2.7697630E+02, 0.589211497422165
2.7698036E+02, 0.589629845753657
2.7698443E+02, 0.590052910224330
2.7698849E+02, 0.590480584768574
2.7699256E+02, 0.590912819600505
2.7699662E+02, 0.591349606524947
2.7700069E+02, 0.591790911720168
2.7700475E+02, 0.592236520913831
2.7700882E+02, 0.592686712620068
2.7701288E+02, 0.593140852312125
2.7701695E+02, 0.593599496965633
2.7702101E+02, 0.594061765354607
2.7702508E+02, 0.594528169539076
2.7702914E+02, 0.594997875005749
2.7703321E+02, 0.595471121809757
2.7703727E+02, 0.595947242651328
2.7704064E+02, 0.596343892078021
2.7704402E+02, 0.596742520451226
2.7704739E+02, 0.597141660655197
2.7705076E+02, 0.597542831505093
2.7705413E+02, 0.597944049747719
2.7705750E+02, 0.598345501030943
2.7706087E+02, 0.598747368002317
2.7706424E+02, 0.599147522278402
2.7706761E+02, 0.599537263995513
2.7707098E+02, 0.599925035540328
2.7707435E+02, 0.600300550807519
2.7707772E+02, 0.600651679633948
2.7708109E+02, 0.601009154551007
2.7708446E+02, 0.601368520029347
2.7708783E+02, 0.601728416989960
2.7709120E+02, 0.602094478474771
2.7709457E+02, 0.602458694024949
2.7709794E+02, 0.602825073540600
2.7710131E+02, 0.603197191921580
2.7710468E+02, 0.600446557067617
2.7710805E+02, 0.600797626539003
2.7711142E+02, 0.601149206499124
2.7711479E+02, 0.601499240306120
2.7711816E+02, 0.601849178717694
2.7712153E+02, 0.602199514400903
2.7712490E+02, 0.602547104491537
2.7712827E+02, 0.602894704038046
2.7713164E+02, 0.603242016935731
2.7713501E+02, 0.603586146575640
2.7713838E+02, 0.603929982372164
2.7714175E+02, 0.604272769888865
2.7714512E+02, 0.604611979383630
2.7714849E+02, 0.604950497139941
2.7715186E+02, 0.605287269061102
2.7715523E+02, 0.605619982504635
2.7715860E+02, 0.605951526218515
2.7716197E+02, 0.606280826419063
2.7716534E+02, 0.606605402979810
2.7716871E+02, 0.606928273406652
2.7717208E+02, 0.607248728976539
2.7717545E+02, 0.607563547013649
2.7717882E+02, 0.607876104313097
2.7718219E+02, 0.608186277352997
2.7718556E+02, 0.608490070221457
2.7718893E+02, 0.608790871989257
2.7719230E+02, 0.609088764049813
2.7719567E+02, 0.609381334809872
2.7719904E+02, 0.609669286605761
2.7720241E+02, 0.609953926171143
2.7720578E+02, 0.610234761504027
2.7720915E+02, 0.610509247226984
2.7721252E+02, 0.610780192884941
2.7721589E+02, 0.611047514599648
2.7721926E+02, 0.611310070452018
2.7722263E+02, 0.611567478471641
2.7722600E+02, 0.611821299947407
2.7722937E+02, 0.612071512411477
2.7723274E+02, 0.612317230011830
2.7723611E+02, 0.612558543869996
2.7723948E+02, 0.612796579214515
2.7724285E+02, 0.613031389111010
2.7724622E+02, 0.613262743172580
2.7724959E+02, 0.613490375617101
2.7725296E+02, 0.613715388156617
2.7725633E+02, 0.613937906031399
2.7725970E+02, 0.614158063105581
2.7726307E+02, 0.614375782987382
2.7726644E+02, 0.614591730048988
2.7726981E+02, 0.614806183401909
2.7727318E+02, 0.615019326494955
2.7727655E+02, 0.615231389261467
2.7727992E+02, 0.615443048848125
2.7728330E+02, 0.615654369197333
2.7728667E+02, 0.615865550706532
2.7729004E+02, 0.616076790123802
2.7729341E+02, 0.616288722759188
2.7729678E+02, 0.616502054352302
2.7730015E+02, 0.616716396783858
2.7730352E+02, 0.618184865868648
2.7730689E+02, 0.618402788339978
2.7731026E+02, 0.618621357428570
2.7731363E+02, 0.618840878264497
2.7731700E+02, 0.619061527362100
2.7732037E+02, 0.619283387553507
2.7732374E+02, 0.619506662725227
2.7732711E+02, 0.619731689764267
2.7733048E+02, 0.619958580552749
2.7733385E+02, 0.620187429828919
2.7733722E+02, 0.620418548747904
2.7734059E+02, 0.620651964521235
2.7734396E+02, 0.620887708634830
2.7734733E+02, 0.621125810406167
2.7735070E+02, 0.621366679771521
2.7735407E+02, 0.621610260781661
2.7735744E+02, 0.621856358857493
2.7736081E+02, 0.622104941022431
2.7736418E+02, 0.622356495932693
2.7736755E+02, 0.622610914945229
2.7737092E+02, 0.622867783623188
2.7737429E+02, 0.623127019895667
2.7737766E+02, 0.623389337267130
2.7738103E+02, 0.623654291532128
2.7738440E+02, 0.623921433223712
2.7738777E+02, 0.624190652254532
2.7739114E+02, 0.624463118155652
2.7739451E+02, 0.624737595621419
2.7739788E+02, 0.625013876159997
2.7740125E+02, 0.625292294191460
2.7740462E+02, 0.625573372436907
2.7740799E+02, 0.625855953061908
2.7741136E+02, 0.626139922758567
2.7741473E+02, 0.626426424891685
2.7741810E+02, 0.626714525301823
2.7742147E+02, 0.627003728294051
2.7742484E+02, 0.627294455719957
2.7742821E+02, 0.627587352235971
2.7743158E+02, 0.627881098359320
2.7743495E+02, 0.628175625466120
2.7743832E+02, 0.628472503771960
2.7744169E+02, 0.628770242073651
2.7744506E+02, 0.629068585273172
2.7744843E+02, 0.629368518851360
2.7745180E+02, 0.629669882890128
2.7745517E+02, 0.629971743693743
2.7745854E+02, 0.630274525287628
2.7746191E+02, 0.630579360240548
2.7746528E+02, 0.630884655921089
2.7746865E+02, 0.631190439094583
2.7747202E+02, 0.631498670280761
2.7747481E+02, 0.631753673560452
2.7747759E+02, 0.632009041203345
2.7748037E+02, 0.632265182619723
2.7748315E+02, 0.632523131143327
2.7748594E+02, 0.632781501853847
2.7748872E+02, 0.633040340099128
2.7749150E+02, 0.633300320119639
2.7749429E+02, 0.633562028677370
2.7749707E+02, 0.633824290969239
2.7749985E+02, 0.634087163383149
2.7750263E+02, 0.634351694706973
2.7750542E+02, 0.632206308033734
2.7750820E+02, 0.632477304062541
2.7751154E+02, 0.632803713563158
2.7751488E+02, 0.633131475922941
2.7751822E+02, 0.633461122142606
2.7752156E+02, 0.633792369804605
2.7752490E+02, 0.634125149784769
2.7752824E+02, 0.634460021033654
2.7753158E+02, 0.634796702909123
2.7753492E+02, 0.635135112524336
2.7753826E+02, 0.635475862836764
2.7754159E+02, 0.635818606789218
2.7754493E+02, 0.636163275626484
2.7754827E+02, 0.636510562607196
2.7755161E+02, 0.636859974443359
2.7755495E+02, 0.637211496345972
2.7755829E+02, 0.637565934120697
2.7756163E+02, 0.637922563172112
2.7756497E+02, 0.638281614523957
2.7756831E+02, 0.638643587048440
2.7757165E+02, 0.639007885852457
2.7757499E+02, 0.639374928270500
2.7757833E+02, 0.639744797182632
2.7758167E+02, 0.640117092200388
2.7758501E+02, 0.640492446887643
2.7758835E+02, 0.640870444788972
2.7759169E+02, 0.641251011951822
2.7759503E+02, 0.641634783317490
2.7759837E+02, 0.642021026289645
2.7760171E+02, 0.642410186965092
2.7760504E+02, 0.642802208480627
2.7760838E+02, 0.643196723128636
2.7761172E+02, 0.643594493461315
2.7761506E+02, 0.643994756016218
2.7761840E+02, 0.644397884297748
2.7762174E+02, 0.644803898249603
2.7762508E+02, 0.645212392250330
2.7762842E+02, 0.645624161005863
2.7763176E+02, 0.646038387278051
2.7763510E+02, 0.646455583485622
2.7763844E+02, 0.646875579919429
2.7764178E+02, 0.647298252646941
2.7764512E+02, 0.647724086515311
2.7764846E+02, 0.648152443327058
2.7765180E+02, 0.648584085129340
2.7765514E+02, 0.649018398097423
2.7765848E+02, 0.649455814231282
2.7766182E+02, 0.649896222890829
2.7766515E+02, 0.650339565813451
2.7766849E+02, 0.650786230414343
2.7767183E+02, 0.651235672905607
2.7767517E+02, 0.651688762994826
2.7767851E+02, 0.652144641539230
2.7768185E+02, 0.652604166271131
2.7768519E+02, 0.653066677333819
2.7768853E+02, 0.653532759290344
2.7769187E+02, 0.654002032832193
2.7769521E+02, 0.654474801801134
2.7769855E+02, 0.654950920729184
2.7770189E+02, 0.655430456799370
2.7770468E+02, 0.652309346314962
2.7770747E+02, 0.652713528896463
2.7771025E+02, 0.653120207859363
2.7771304E+02, 0.653529398212726
2.7771583E+02, 0.653941100645339
2.7771862E+02, 0.654355381237176
2.7772141E+02, 0.654772192082607
2.7772420E+02, 0.655191598586663
2.7772699E+02, 0.655613522464246
2.7772977E+02, 0.656038006403822
2.7773256E+02, 0.656465018130434
2.7773535E+02, 0.656894505861856
2.7773814E+02, 0.657326525872078
2.7774093E+02, 0.657760901918859
2.7774372E+02, 0.658197805241748
2.7774651E+02, 0.658636930194136
2.7774930E+02, 0.659078492726602
2.7775208E+02, 0.659522262062563
2.7775487E+02, 0.659968285101265
2.7775766E+02, 0.660416512887824
2.7776045E+02, 0.660866773130072
2.7776324E+02, 0.661319256958415
2.7776603E+02, 0.661773515754154
2.7776882E+02, 0.662230044638006
2.7777160E+02, 0.662688058691268
2.7777439E+02, 0.663148282903616
2.7777718E+02, 0.663609957875642
2.7777997E+02, 0.664073639090139
2.7778276E+02, 0.664538800822286
2.7778555E+02, 0.665005742383393
2.7778834E+02, 0.665474231084803
2.7779112E+02, 0.665944272599519
2.7779391E+02, 0.666415965642132
2.7779670E+02, 0.666888991312571
2.7779949E+02, 0.667363811239511
2.7780228E+02, 0.667839757902233
2.7780507E+02, 0.668317677534041
2.7780786E+02, 0.668796537479039
2.7781064E+02, 0.669277580944169
2.7781343E+02, 0.669759401929702
2.7781622E+02, 0.670243643206515
2.7781901E+02, 0.670728525631944
2.7782180E+02, 0.671216049948613
2.7782459E+02, 0.671704172914090
2.7782738E+02, 0.672195065215166
2.7783016E+02, 0.672686674035245
2.7783295E+02, 0.673181127817882
2.7783574E+02, 0.673676390365944
2.7783853E+02, 0.674174604886478
2.7784132E+02, 0.674673673273773
2.7784411E+02, 0.675175830670784
2.7784690E+02, 0.675678815238103
2.7784968E+02, 0.676185054863681
2.7785247E+02, 0.676691993626028
2.7785526E+02, 0.677202382182412
2.7785805E+02, 0.677713207641312
2.7786084E+02, 0.678227697431038
2.7786363E+02, 0.678742217487498
2.7786642E+02, 0.679260386904866
2.7786920E+02, 0.679778490662445
2.7787255E+02, 0.680403868930331
2.7787590E+02, 0.681030845347372
2.7787924E+02, 0.681659211292119
2.7788259E+02, 0.682290474618930
2.7788594E+02, 0.682920873939024
2.7788928E+02, 0.683552673074962
2.7789263E+02, 0.684185878844557
2.7789598E+02, 0.684816140502196
2.7789932E+02, 0.685447510304995
2.7790267E+02, 0.686077474245337
2.7790601E+02, 0.685450410187156
2.7790936E+02, 0.686079283340493
2.7791271E+02, 0.686708620167082
2.7791605E+02, 0.687338808233565
2.7791940E+02, 0.687968497643581
2.7792275E+02, 0.688598085658948
2.7792609E+02, 0.689227975588760
2.7792944E+02, 0.689855883099304
2.7793279E+02, 0.690483926601237
2.7793613E+02, 0.691111407491600
2.7793948E+02, 0.691737375763746
2.7794282E+02, 0.692364070612954
2.7794617E+02, 0.692989804610466
2.7794952E+02, 0.693615955198741
2.7795286E+02, 0.694244489071195
2.7795621E+02, 0.694872492196691
2.7795956E+02, 0.695504418625991
2.7796290E+02, 0.696140519072811
2.7796625E+02, 0.696779956381326
2.7796959E+02, 0.697427151929828
2.7797294E+02, 0.698081903523948
2.7797629E+02, 0.698745494688401
2.7797963E+02, 0.699412133912623
2.7798298E+02, 0.700061059679466
2.7798633E+02, 0.700638456237445
2.7798967E+02, 0.701181708289944
2.7799302E+02, 0.701724632333912
2.7799637E+02, 0.702263122653798
2.7799971E+02, 0.702802644324496
2.7800306E+02, 0.703339443204751
2.7800640E+02, 0.703877376141517
2.7800975E+02, 0.704414521066401
2.7801310E+02, 0.704952845814804
2.7801644E+02, 0.705491859580835
2.7801979E+02, 0.706032017521005
2.7802314E+02, 0.706573845518668
2.7802648E+02, 0.707116713534322
2.7802983E+02, 0.707661720196088
2.7803317E+02, 0.708207635557774
2.7803652E+02, 0.708755657656110
2.7803987E+02, 0.709304579155374
2.7804321E+02, 0.709854929551237
2.7804656E+02, 0.710406166029508
2.7804991E+02, 0.710958147884722
2.7805325E+02, 0.711510712591765
2.7805660E+02, 0.712063546324445
2.7805995E+02, 0.712616389850291
2.7806329E+02, 0.713169254563643
2.7806664E+02, 0.713721401234124
2.7806998E+02, 0.714273445253432
2.7807333E+02, 0.714824184282319
2.7807668E+02, 0.715374554661877
2.7808002E+02, 0.715923562414829
2.7808337E+02, 0.716471801767549
2.7808672E+02, 0.717018834032505
2.7809006E+02, 0.717564765976144
2.7809341E+02, 0.718109805547402
2.7809676E+02, 0.718653518927022
2.7810010E+02, 0.719196762862208
2.7810345E+02, 0.715802082634935
2.7810679E+02, 0.716367839705043
2.7811014E+02, 0.716937834360400
2.7811349E+02, 0.717511837378317
2.7811683E+02, 0.718089742388141
2.7812018E+02, 0.718671594145251
2.7812353E+02, 0.719257167408983
2.7812687E+02, 0.719846604592170
2.7813022E+02, 0.720439619487256
2.7813356E+02, 0.721036185243085
2.7813691E+02, 0.721636241759330
2.7814026E+02, 0.722239491390136
2.7814360E+02, 0.722846138172319
2.7814695E+02, 0.723455775127103
2.7815030E+02, 0.724068393261161
2.7815364E+02, 0.724683991036063
2.7815699E+02, 0.725302228933077
2.7816034E+02, 0.725923363918273
2.7816368E+02, 0.726547089575233
2.7816703E+02, 0.727173297104827
2.7817037E+02, 0.727802303810185
2.7817372E+02, 0.728433671186749
2.7817707E+02, 0.729067596587973
2.7818041E+02, 0.729704177038844
2.7818376E+02, 0.730343075829054
2.7818711E+02, 0.730984752368594
2.7819045E+02, 0.731629014716699
2.7819380E+02, 0.732275652666730
2.7819714E+02, 0.732925362159933
2.7820049E+02, 0.733577642632302
2.7820384E+02, 0.734232435273316
2.7820718E+02, 0.734890518928792
2.7821053E+02, 0.735551213250444
2.7821388E+02, 0.736214566753766
2.7821722E+02, 0.736881279779072
2.7822057E+02, 0.737550656553758
2.7822392E+02, 0.738222709394046
2.7822726E+02, 0.738898127200041
2.7823061E+02, 0.739576161456770
2.7823395E+02, 0.740256734640137
2.7823730E+02, 0.740940537272125
2.7824065E+02, 0.741626803638731
2.7824399E+02, 0.742315394412504
2.7824734E+02, 0.743006759149342
2.7825069E+02, 0.743700412586238
2.7825403E+02, 0.744396053205615
2.7825738E+02, 0.745093863261179
2.7826072E+02, 0.745793714808026
2.7826407E+02, 0.746495135481956
2.7826742E+02, 0.747198056639628
2.7827076E+02, 0.747902730909366
2.7827411E+02, 0.748608537708095
2.7827746E+02, 0.749315315113563
2.7828080E+02, 0.750023336150084
2.7828415E+02, 0.750732217064476
2.7828750E+02, 0.751441707046823
2.7829084E+02, 0.752151853062065
2.7829419E+02, 0.752862764583619
2.7829753E+02, 0.753574041086330
2.7830088E+02, 0.754285598086650
2.7830423E+02, 0.754993700106182
2.7830757E+02, 0.755701475235834
2.7831092E+02, 0.756410208134067
2.7831427E+02, 0.757120024200241
2.7831761E+02, 0.757831010696789
2.7832096E+02, 0.758542946074936
2.7832431E+02, 0.759255803811695
2.7832765E+02, 0.759970044897826
2.7833100E+02, 0.760685257615179
2.7833434E+02, 0.761401403560499
2.7833769E+02, 0.762118688626857
2.7834104E+02, 0.762837158717527
2.7834438E+02, 0.763556524637582
2.7834773E+02, 0.764276732890694
2.7835108E+02, 0.764998229480860
2.7835442E+02, 0.765720559918631
2.7835777E+02, 0.766443611858162
2.7836111E+02, 0.767167481263227
2.7836446E+02, 0.767892323911370
2.7836781E+02, 0.768617713195910
2.7837115E+02, 0.769343565160507
2.7837450E+02, 0.770070172905437
2.7837785E+02, 0.770797305515088
2.7838119E+02, 0.771524723980745
2.7838454E+02, 0.772252373758296
2.7838789E+02, 0.772980751744258
2.7839123E+02, 0.773709320945273
2.7839458E+02, 0.774438059035908
2.7839792E+02, 0.775167156190300
2.7840127E+02, 0.775896870545892
2.7840462E+02, 0.776626884838000
2.7840796E+02, 0.777357261494913
2.7841131E+02, 0.778088509674533
2.7841466E+02, 0.778820646385151
2.7841800E+02, 0.779553582828967
2.7842135E+02, 0.780287471117178
2.7842469E+02, 0.781023215898043
2.7842804E+02, 0.781760490922209
2.7843139E+02, 0.782499419143238
2.7843473E+02, 0.783240277910191
2.7843808E+02, 0.783984146812308
2.7844143E+02, 0.784730443675459
2.7844477E+02, 0.785479351312804
2.7844812E+02, 0.786231170879252
2.7845147E+02, 0.786986984270873
2.7845481E+02, 0.787745958459718
2.7845816E+02, 0.788508125797582
2.7846150E+02, 0.789273457097555
2.7846485E+02, 0.790043164674031
2.7846820E+02, 0.790815950529578
2.7847154E+02, 0.791591471092762
2.7847489E+02, 0.792369343782849
2.7847824E+02, 0.793149815159702
2.7848158E+02, 0.793932267391596
2.7848493E+02, 0.794715326462981
2.7848827E+02, 0.795498166631121
2.7849162E+02, 0.796279876834790
2.7849497E+02, 0.797060622149051
2.7849831E+02, 0.797838194775181
2.7850166E+02, 0.798611408777109
2.7850501E+02, 0.799382985624825
2.7850835E+02, 0.800150344429552
2.7851170E+02, 0.800944450464921
2.7851505E+02, 0.801744586650054
2.7851839E+02, 0.802545498975637
2.7852174E+02, 0.803346800189119
2.7852508E+02, 0.804148256442124
2.7852843E+02, 0.804949821788825
2.7853178E+02, 0.805751412001504
2.7853512E+02, 0.806553005771648
2.7853847E+02, 0.807354642415205
2.7854182E+02, 0.808156597192930
2.7854516E+02, 0.808959043381273
2.7854851E+02, 0.809761998259559
2.7855186E+02, 0.810565608799270
2.7855520E+02, 0.811370029973732
2.7855855E+02, 0.812175651612483
2.7856189E+02, 0.812982677808538
2.7856524E+02, 0.813791000343284
2.7856859E+02, 0.814600721328061
2.7857193E+02, 0.815411923699594
2.7857528E+02, 0.816224798575792
2.7857863E+02, 0.817039649428725
2.7858197E+02, 0.817856106924720
2.7858532E+02, 0.818674150966513
2.7858866E+02, 0.819493739782381
2.7859201E+02, 0.820314811378378
2.7859536E+02, 0.821137651414219
2.7859870E+02, 0.821961908798783
2.7860205E+02, 0.822787361203834
2.7860540E+02, 0.823613885998168
2.7860874E+02, 0.824441352866208
2.7861209E+02, 0.825269640245729
2.7861544E+02, 0.826099001286869
2.7861878E+02, 0.826928897089784
2.7862213E+02, 0.827759196552748
2.7862547E+02, 0.828589775032267
2.7862882E+02, 0.829420516603916
2.7863217E+02, 0.830251372163701
2.7863551E+02, 0.831082513674449
2.7863886E+02, 0.831913549719483
2.7864221E+02, 0.832744419159133
2.7864555E+02, 0.833575077436838
2.7864890E+02, 0.834405496621538
2.7865224E+02, 0.835235754444118
2.7865559E+02, 0.836066039010706
2.7865894E+02, 0.836896112426766
2.7866228E+02, 0.837726012338121
2.7866563E+02, 0.838555790485919
2.7866898E+02, 0.839385510791208
2.7867232E+02, 0.840215375788592
2.7867567E+02, 0.841045552911520
2.7867902E+02, 0.841875920273524
2.7868236E+02, 0.842706565407961
2.7868571E+02, 0.843537575784788
2.7868905E+02, 0.844369035987387
2.7869240E+02, 0.845201169227005
2.7869575E+02, 0.846034054226572
2.7869909E+02, 0.846867592151798
2.7870244E+02, 0.847701828321095
2.7870579E+02, 0.849727004380560
2.7870913E+02, 0.850532608248073
2.7871248E+02, 0.851338279879917
2.7871583E+02, 0.852144223166127
2.7871917E+02, 0.852950509756655
2.7872252E+02, 0.853757190462752
2.7872586E+02, 0.854564330299609
2.7872921E+02, 0.855371982414941
2.7873256E+02, 0.856180246102896
2.7873590E+02, 0.856989152516185
2.7873925E+02, 0.857798677838562
2.7874260E+02, 0.858608836012389
2.7874594E+02, 0.859419637120756
2.7874929E+02, 0.860231107271837
2.7875330E+02, 0.861205769754469
2.7875732E+02, 0.862181410024746
2.7876134E+02, 0.863158053327537
2.7876535E+02, 0.864135741023802
2.7876937E+02, 0.865114540517228
2.7877338E+02, 0.866094548291979
2.7877740E+02, 0.867075891385317
2.7878141E+02, 0.868058725378290
2.7878543E+02, 0.869043234382194
2.7878944E+02, 0.870029627324436
2.7879346E+02, 0.871018132902928
2.7879748E+02, 0.872008992457368
2.7880149E+02, 0.873002451598783
2.7880551E+02, 0.873998752364351
2.7880952E+02, 0.874998123922546
2.7881354E+02, 0.876000771237391
2.7881755E+02, 0.877006865031405
2.7882157E+02, 0.878016533498910
2.7882558E+02, 0.879029855544107
2.7882960E+02, 0.880046855929780
2.7883362E+02, 0.881067505140250
2.7883763E+02, 0.882091720975546
2.7884165E+02, 0.883119373449954
2.7884566E+02, 0.884150294612496
2.7884968E+02, 0.885184293397603
2.7885369E+02, 0.886221173222648
2.7885771E+02, 0.887260751534700
2.7886172E+02, 0.888302855940186
2.7886574E+02, 0.889347263093390
2.7886976E+02, 0.890394073954054
2.7887377E+02, 0.891443373404299
2.7887779E+02, 0.892495365608193
2.7888180E+02, 0.893550382384672
2.7888582E+02, 0.894608881744993
2.7888983E+02, 0.895671437413564
2.7889385E+02, 0.896738720570276
2.7889787E+02, 0.897811454213344
2.7890188E+02, 0.898890344756972
2.7890590E+02, 0.898276299319256
2.7890991E+02, 0.899353892585797
2.7891393E+02, 0.900429631063858
2.7891794E+02, 0.901494177279917
2.7892196E+02, 0.902559668557148
2.7892597E+02, 0.903626761033162
2.7892999E+02, 0.904695893204677
2.7893401E+02, 0.905767293295195
2.7893802E+02, 0.906840990115912
2.7894204E+02, 0.907916803356664
2.7894605E+02, 0.908994428661159
2.7895007E+02, 0.910073522005058
2.7895408E+02, 0.911153655088335
2.7895810E+02, 0.912234367247019
2.7896211E+02, 0.913315179978345
2.7896613E+02, 0.914395523417267
2.7897015E+02, 0.915475167886453
2.7897416E+02, 0.916553791941778
2.7897818E+02, 0.917631139212162
2.7898219E+02, 0.918707019546400
2.7898621E+02, 0.919781284087488
2.7899022E+02, 0.920853836715041
2.7899424E+02, 0.921924626932159
2.7899825E+02, 0.922993635991261
2.7900227E+02, 0.924060865009826
2.7900629E+02, 0.925126322402872
2.7901030E+02, 0.926190019549764
2.7901432E+02, 0.927251967570056
2.7901833E+02, 0.928312168818830
2.7902235E+02, 0.929370531006181
2.7902636E+02, 0.930427150817298
2.7903038E+02, 0.931482011108624
2.7903440E+02, 0.932535090382739
2.7903841E+02, 0.933586366911684
2.7904243E+02, 0.934635821919653
2.7904644E+02, 0.935683442715748
2.7905046E+02, 0.936729224601217
2.7905447E+02, 0.937773172255627
2.7905849E+02, 0.938815304160178
2.7906250E+02, 0.939855653145157
2.7906652E+02, 0.940894264667764
2.7907054E+02, 0.941931193260715
2.7907455E+02, 0.942966496685734
2.7907857E+02, 0.944000232072490
2.7908258E+02, 0.945032451471773
2.7908660E+02, 0.946063194286653
2.7909061E+02, 0.947092485000991
2.7909463E+02, 0.948120333880978
2.7909864E+02, 0.949146734372609
2.7910266E+02, 0.950171667230161
2.7910668E+02, 0.951354803106811
2.7911069E+02, 0.952379691429839
2.7911471E+02, 0.953402883328367
2.7911872E+02, 0.954424537450237
2.7912274E+02, 0.955444763216470
2.7912675E+02, 0.956463665339783
2.7913077E+02, 0.957481351342557
2.7913478E+02, 0.958497932321607
2.7913880E+02, 0.959513525042644
2.7914282E+02, 0.960528253304382
2.7914683E+02, 0.961542254925683
2.7915085E+02, 0.962555683044444
2.7915486E+02, 0.963568701791090
2.7915888E+02, 0.964581486901630
2.7916289E+02, 0.965594220459025
2.7916691E+02, 0.966607075318947
2.7917093E+02, 0.967620231246993
2.7917494E+02, 0.968633860987352
2.7917896E+02, 0.969648116378320
2.7918297E+02, 0.970663125324269
2.7918699E+02, 0.971678985310299
2.7919100E+02, 0.972695760617226
2.7919502E+02, 0.973713476686850
2.7919903E+02, 0.974732120177411
2.7920305E+02, 0.975751643330246
2.7920707E+02, 0.976771970120259
2.7921108E+02, 0.977793010840528
2.7921510E+02, 0.978814679677395
2.7921911E+02, 0.979836911465367
2.7922313E+02, 0.980859683887459
2.7922714E+02, 0.981883042410561
2.7923116E+02, 0.982907128561209
2.7923517E+02, 0.983932198977384
2.7923919E+02, 0.984958626983375
2.7924321E+02, 0.985986899685694
2.7924722E+02, 0.987017627897853
2.7925124E+02, 0.988051512498213
2.7925525E+02, 0.989089305894691
2.7925927E+02, 0.990131754002143
2.7926328E+02, 0.991179520669003
2.7926730E+02, 0.992233090512334
2.7927131E+02, 0.993292645046713
2.7927533E+02, 0.994358128704503
2.7927935E+02, 0.995428888211683
2.7928336E+02, 0.996503011411148
2.7928738E+02, 0.997577880227261
2.7929139E+02, 0.998649778171430
2.7929541E+02, 0.999711313553776
2.7929942E+02, 1.00076274691342
2.7930344E+02, 1.00182456938669
2.7930746E+02, 1.00094979179174
2.7931147E+02, 1.00198864174921
2.7931549E+02, 1.00303610294157
2.7931950E+02, 1.00409201754821
2.7932352E+02, 1.00515582564555
2.7932753E+02, 1.00622670784669
2.7933155E+02, 1.00730368652456
2.7933556E+02, 1.00838574820211
2.7933958E+02, 1.00947183048111
2.7934360E+02, 1.01056098708184
2.7934761E+02, 1.01165243407237
2.7935163E+02, 1.01274554500099
2.7935564E+02, 1.01383986125407
2.7935966E+02, 1.01493508569004
2.7936367E+02, 1.01603106512826
2.7936769E+02, 1.01712776366533
2.7937170E+02, 1.01822524631375
2.7937572E+02, 1.01932365537622
2.7937974E+02, 1.02042317572576
2.7938375E+02, 1.02152403523932
2.7938777E+02, 1.02262647206217
2.7939178E+02, 1.02373072068351
2.7939580E+02, 1.02483697060630
2.7939981E+02, 1.02594536472860
2.7940383E+02, 1.02705598967002
2.7940784E+02, 1.02816888123215
2.7941186E+02, 1.02928401243566
2.7941588E+02, 1.03040129723055
2.7941989E+02, 1.03152061632665
2.7942391E+02, 1.03264183557404
2.7942792E+02, 1.03376479453217
2.7943194E+02, 1.03488933094016
2.7943595E+02, 1.03601529278344
2.7943997E+02, 1.03714254625974
2.7944399E+02, 1.03827101087249
2.7944800E+02, 1.03940063042690
2.7945202E+02, 1.04053138048389
2.7945603E+02, 1.04166331693886
2.7946005E+02, 1.04279654000222
2.7946406E+02, 1.04393118848088
2.7946808E+02, 1.04506742409726
2.7947209E+02, 1.04620543430917
2.7947611E+02, 1.04734542031890
2.7948013E+02, 1.04848751135115
2.7948414E+02, 1.04963192019660
2.7948816E+02, 1.05077875232383
2.7949217E+02, 1.05192807295290
2.7949619E+02, 1.05307989035677
2.7950020E+02, 1.05423414159047
2.7950422E+02, 1.05383073828820
2.7950823E+02, 1.05500418616617
2.7951225E+02, 1.05617980429112
2.7951627E+02, 1.05735751020130
2.7952028E+02, 1.05853717966735
2.7952430E+02, 1.05971874092405
2.7952831E+02, 1.06090205506312
2.7953233E+02, 1.06208700046351
2.7953634E+02, 1.06327346190160
2.7954036E+02, 1.06446132544089
2.7954437E+02, 1.06565049220529
2.7954839E+02, 1.06684090410987
2.7955241E+02, 1.06803252402456
2.7955642E+02, 1.06922532915991
2.7956044E+02, 1.07041929832902
2.7956445E+02, 1.07161441069737
2.7956847E+02, 1.07281061738604
2.7957248E+02, 1.07400788860713
2.7957650E+02, 1.07520617842523
2.7958052E+02, 1.07640545679496
2.7958453E+02, 1.07760572741937
2.7958855E+02, 1.07880681922008
2.7959256E+02, 1.08000866007734
2.7959658E+02, 1.08121121579249
2.7960059E+02, 1.08241458806814
2.7960461E+02, 1.08361904658951
2.7960862E+02, 1.08482465048217
2.7961264E+02, 1.08603173816536
2.7961666E+02, 1.08724076194725
2.7962067E+02, 1.08845252992496
2.7962469E+02, 1.08966790344828
2.7962870E+02, 1.09088732602393
2.7963272E+02, 1.09211146838672
2.7963673E+02, 1.09334090455695
2.7964075E+02, 1.09457730929644
2.7964476E+02, 1.09581995195168
2.7964878E+02, 1.09706835945461
2.7965280E+02, 1.09832163083303
2.7965681E+02, 1.09957707285220
2.7966083E+02, 1.10081475249269
2.7966484E+02, 1.10204701292616
2.7966886E+02, 1.10328523367450
2.7967287E+02, 1.10452522896877
2.7967689E+02, 1.10576555280646
2.7968091E+02, 1.10700515327226
2.7968492E+02, 1.10824242441234
2.7968894E+02, 1.10947522009456
2.7969295E+02, 1.11070266785958
2.7969697E+02, 1.11192545302283
2.7970098E+02, 1.11314345268144
2.7970500E+02, 1.11290114671791
2.7970901E+02, 1.11413273028560
2.7971303E+02, 1.11536322468787
2.7971705E+02, 1.11659295806857
2.7972106E+02, 1.11782176732563
2.7972508E+02, 1.11904960303273
2.7972909E+02, 1.12027639464124
2.7973311E+02, 1.12150208826850
2.7973712E+02, 1.12272656838413
2.7974114E+02, 1.12394982302498
2.7974515E+02, 1.12517192044558
2.7974917E+02, 1.12639296432364
2.7975319E+02, 1.12761299647878
2.7975720E+02, 1.12883221893247
2.7976122E+02, 1.13005084980099
2.7976523E+02, 1.13126912912457
2.7976925E+02, 1.13248721001190
2.7977326E+02, 1.13370527057925
2.7977728E+02, 1.13492361263439
2.7978129E+02, 1.13614244782985
2.7978531E+02, 1.13736195169154
2.7978933E+02, 1.13858194317315
2.7979334E+02, 1.13980270992182
2.7979736E+02, 1.14102432872733
2.7980137E+02, 1.14224681091471
2.7980539E+02, 1.14346991312901
2.7980940E+02, 1.14469335713966
2.7981342E+02, 1.14591728176289
2.7981744E+02, 1.14714154531909
2.7982145E+02, 1.14836599231043
2.7982547E+02, 1.14958982706712
2.7982948E+02, 1.15081340879031
2.7983350E+02, 1.15203668897557
2.7983751E+02, 1.15325960154693
2.7984153E+02, 1.15448176393654
2.7984554E+02, 1.15570299872969
2.7984956E+02, 1.15692379116044
2.7985358E+02, 1.15814423524840
2.7985759E+02, 1.15936444613776
2.7986161E+02, 1.16058365769856
2.7986562E+02, 1.16180267110511
2.7986964E+02, 1.16302167674690
2.7987365E+02, 1.16424074461502
2.7987767E+02, 1.16545951315073
2.7988168E+02, 1.16667746156219
2.7988570E+02, 1.16789521781660
2.7988972E+02, 1.16911262412591
2.7989373E+02, 1.17032947718433
2.7989775E+02, 1.17154456978827
2.7990176E+02, 1.17275817020481
2.7990578E+02, 1.17017739509598
2.7990979E+02, 1.17138526845814
2.7991381E+02, 1.17259380452617
2.7991782E+02, 1.17380298874858
2.7992184E+02, 1.17501252159756
2.7992586E+02, 1.17622212799298
2.7992987E+02, 1.17743147734074
2.7993389E+02, 1.17863996260071
2.7993790E+02, 1.17984797435869
2.7994192E+02, 1.18105551341297
2.7994593E+02, 1.18226267358446
2.7994995E+02, 1.18346931645169
2.7995397E+02, 1.18467535834925
2.7995798E+02, 1.18588149306257
2.7996200E+02, 1.18708788904864
2.7996601E+02, 1.18829463861713
2.7997003E+02, 1.18950119233493
2.7997404E+02, 1.19070722892378
2.7997806E+02, 1.19191267226842
2.7998207E+02, 1.19311667716761
2.7998609E+02, 1.19431805818718
2.7999011E+02, 1.19551448106891
2.7999412E+02, 1.19670408325232
2.7999814E+02, 1.19788512060224
2.8000215E+02, 1.19905515494712
2.8000617E+02, 1.20023009925275
2.8001018E+02, 1.20144246061789
2.8001420E+02, 1.20265900365105
2.8001821E+02, 1.20387409290347
2.8002223E+02, 1.20508656080108
2.8002625E+02, 1.20629556182508
2.8003026E+02, 1.20749970905005
2.8003428E+02, 1.20869872895901
2.8003829E+02, 1.20989347359725
2.8004231E+02, 1.21108402536866
2.8004632E+02, 1.21227058205394
2.8005034E+02, 1.21345307602250
2.8005435E+02, 1.21463126442154
2.8005837E+02, 1.21580638677536
2.8006239E+02, 1.21697871580462
2.8006640E+02, 1.21814849020791
2.8007042E+02, 1.21931590407456
2.8007443E+02, 1.22048063982075
2.8007845E+02, 1.22164268382444
2.8008246E+02, 1.22280261787220
2.8008648E+02, 1.22396044161796
2.8009050E+02, 1.22511613045012
2.8009451E+02, 1.22626964853612
2.8009853E+02, 1.22742088351415
2.8010254E+02, 1.22856904033639
2.8010656E+02, 1.22641725890222
2.8011057E+02, 1.22756850467174
2.8011459E+02, 1.22870965517228
2.8011860E+02, 1.22984119912291
2.8012262E+02, 1.23096329736451
2.8012664E+02, 1.23207608166309
2.8013065E+02, 1.23317971725931
2.8013467E+02, 1.23427441773747
2.8013868E+02, 1.23536044305984
2.8014270E+02, 1.23643804189638
2.8014671E+02, 1.23750749488134
2.8015073E+02, 1.23856923089842
2.8015474E+02, 1.23962358914275
2.8015876E+02, 1.24067090047708
2.8016278E+02, 1.24171148010555
2.8016679E+02, 1.24274562265781
2.8017081E+02, 1.24377359944689
2.8017482E+02, 1.24479565795660
2.8017884E+02, 1.24581202310400
2.8018285E+02, 1.24682289984986
2.8018687E+02, 1.24782847689470
2.8019088E+02, 1.24882893095719
2.8019490E+02, 1.24982443134389
2.8019892E+02, 1.25081514449973
2.8020293E+02, 1.25180123829880
2.8020695E+02, 1.25278288578019
2.8021096E+02, 1.25376026830151
2.8021498E+02, 1.25473357782414
2.8021899E+02, 1.25570301870023
2.8022301E+02, 1.25666880863685
2.8022703E+02, 1.25763117899523
2.8023104E+02, 1.25859037424660
2.8023506E+02, 1.25954665075658
2.8023907E+02, 1.26050027506097
2.8024309E+02, 1.26145152139838
2.8024710E+02, 1.26240058198680
2.8025112E+02, 1.26334767625900
2.8025513E+02, 1.26429321328851
2.8025915E+02, 1.26523746365537
2.8026317E+02, 1.26618068596773
2.8026718E+02, 1.26712312249350
2.8027120E+02, 1.26806499451581
2.8027521E+02, 1.26900649816452
2.8027923E+02, 1.26994780092497
2.8028324E+02, 1.27088903925715
2.8028726E+02, 1.27183031744429
2.8029127E+02, 1.27277170807116
2.8029529E+02, 1.27371325412515
2.8029931E+02, 1.27465497315256
2.8030332E+02, 1.27559686346810
2.8030734E+02, 1.27487560132630
2.8031135E+02, 1.27581874034362
2.8031537E+02, 1.27676268438434
2.8031938E+02, 1.27770738096140
2.8032340E+02, 1.27865276266370
2.8032741E+02, 1.27959876794966
2.8033143E+02, 1.28054535490625
2.8033545E+02, 1.28149251277378
2.8033946E+02, 1.28244027097019
2.8034348E+02, 1.28338852557128
2.8034749E+02, 1.28433751881626
2.8035151E+02, 1.28528748486713
2.8035552E+02, 1.28623864499078
2.8035954E+02, 1.28719125711652
2.8036356E+02, 1.28814560510457
2.8036757E+02, 1.28910198564201
2.8037159E+02, 1.29006069405900
2.8037560E+02, 1.29102201026852
2.8037962E+02, 1.29198618631452
2.8038363E+02, 1.29295343687285
2.8038765E+02, 1.29392393403424
2.8039166E+02, 1.29489780809155
2.8039568E+02, 1.29587515461097
2.8039970E+02, 1.29685604857979
2.8040371E+02, 1.29784056539211
2.8040773E+02, 1.29882880764167
2.8041174E+02, 1.29980910195130
2.8041576E+02, 1.30076209387013
2.8041977E+02, 1.30169575691647
2.8042379E+02, 1.30263394216050
2.8042780E+02, 1.30357600499329
2.8043182E+02, 1.30452131443679
2.8043584E+02, 1.30546927845911
2.8043985E+02, 1.30641930716122
2.8044387E+02, 1.30737086639761
2.8044788E+02, 1.30832364103758
2.8045190E+02, 1.30927725643652
2.8045591E+02, 1.31023137394627
2.8045993E+02, 1.31118567848254
2.8046394E+02, 1.31213986695289
2.8046796E+02, 1.31309363884048
2.8047198E+02, 1.31404669004512
2.8047599E+02, 1.31499871031111
2.8048001E+02, 1.31594938444509
2.8048402E+02, 1.31689839698814
2.8048804E+02, 1.31784543963093
2.8049205E+02, 1.31879022046643
2.8049607E+02, 1.31973247397236
2.8050009E+02, 1.32067197116784
2.8050410E+02, 1.31911105689937
2.8050812E+02, 1.32007655663147
2.8051213E+02, 1.32103978893168
2.8051615E+02, 1.32200034517510
2.8052016E+02, 1.32295786981842
2.8052418E+02, 1.32391206384358
2.8052819E+02, 1.32486269079430
2.8053221E+02, 1.32580958138605
2.8053623E+02, 1.32675263547526
2.8054024E+02, 1.32769182071522
2.8054426E+02, 1.32862716837119
2.8054827E+02, 1.32955876671772
2.8055229E+02, 1.33048675214302
2.8055630E+02, 1.33141127595739
2.8056032E+02, 1.33233253955830
2.8056433E+02, 1.33325079802407
2.8056835E+02, 1.33416627808412
2.8057237E+02, 1.33507920347769
2.8057638E+02, 1.33598978671701
2.8058040E+02, 1.33689822223916
2.8058441E+02, 1.33780468122928
2.8058843E+02, 1.33870930752861
2.8059244E+02, 1.33961221508121
2.8059646E+02, 1.34051348680962
2.8060047E+02, 1.34141314853104
2.8060449E+02, 1.34231120007187
2.8060851E+02, 1.34320769029883
2.8061252E+02, 1.34410259145363
2.8061654E+02, 1.34499585685450
2.8062055E+02, 1.34588742524512
2.8062457E+02, 1.34677722563365
2.8062858E+02, 1.34766518209993
2.8063260E+02, 1.34855121869451
2.8063662E+02, 1.34943524621438
2.8064063E+02, 1.35031710187822
2.8064465E+02, 1.35119686685451
2.8064866E+02, 1.35207450975807
2.8065268E+02, 1.35295001704449
2.8065669E+02, 1.35382339440614
2.8066071E+02, 1.35469466753571
2.8066472E+02, 1.35556388233227
2.8066874E+02, 1.35643107862721
2.8067276E+02, 1.35729624944590
2.8067677E+02, 1.35815965308691
2.8068079E+02, 1.35902141004589
2.8068480E+02, 1.35988165295881
2.8068882E+02, 1.36074052403046
2.8069283E+02, 1.36159817248933
2.8069685E+02, 1.36245475183786
2.8070086E+02, 1.36331030198248
2.8070488E+02, 1.36384585013965
2.8070890E+02, 1.36470839727568
2.8071291E+02, 1.36557061940805
2.8071693E+02, 1.36643245875334
2.8072094E+02, 1.36729382976481
2.8072496E+02, 1.36815482744088
2.8072897E+02, 1.36901541687518
2.8073299E+02, 1.36987555614312
2.8073701E+02, 1.37073519754469
2.8074102E+02, 1.37159428785234
2.8074504E+02, 1.37245276494832
2.8074905E+02, 1.37331048554649
2.8075307E+02, 1.37416748490948
2.8075708E+02, 1.37502368437280
2.8076110E+02, 1.37587899860496
2.8076511E+02, 1.37673333557333
2.8076913E+02, 1.37758659662644
2.8077315E+02, 1.37843866610010
2.8077716E+02, 1.37928939271196
2.8078118E+02, 1.38013874822044
2.8078519E+02, 1.38098662377763
2.8078921E+02, 1.38183291337260
2.8079322E+02, 1.38267751662475
2.8079724E+02, 1.38352034186137
2.8080125E+02, 1.38436129283432
2.8080527E+02, 1.38520036135188
2.8080929E+02, 1.38603753315674
2.8081330E+02, 1.38687279561975
2.8081732E+02, 1.38770615839592
2.8082133E+02, 1.38853765270875
2.8082535E+02, 1.38936741336835
2.8082936E+02, 1.39019560308687
2.8083338E+02, 1.39102229555245
2.8083739E+02, 1.39184761292598
2.8084141E+02, 1.39267168041352
2.8084543E+02, 1.39349461724925
2.8084944E+02, 1.39431701269142
2.8085346E+02, 1.39513879997462
2.8085747E+02, 1.39595997754502
2.8086149E+02, 1.39678057299644
2.8086550E+02, 1.39760055164408
2.8086952E+02, 1.39842009668768
2.8087434E+02, 1.39940320642850
2.8087916E+02, 1.40036972606216
2.8088398E+02, 1.40131819465273
2.8088879E+02, 1.40226459118681
2.8089361E+02, 1.40321014497056
2.8089843E+02, 1.40415439422053
2.8090325E+02, 1.40509688908963
2.8090807E+02, 1.40593867855919
2.8091289E+02, 1.40688166138411
2.8091771E+02, 1.40781938307234
2.8092253E+02, 1.40875245250127
2.8092734E+02, 1.40968137201630
2.8093216E+02, 1.41060649361083
2.8093698E+02, 1.41152803872280
2.8094180E+02, 1.41244614500964
2.8094662E+02, 1.41336086564451
2.8095144E+02, 1.41427206356526
2.8095626E+02, 1.41517948982142
2.8096107E+02, 1.41608287883047
2.8096589E+02, 1.41698205421934
2.8097071E+02, 1.41787682969278
2.8097553E+02, 1.41876699331475
2.8098035E+02, 1.41965239077270
2.8098517E+02, 1.42053295040403
2.8098999E+02, 1.42140868757605
2.8099481E+02, 1.42227969333589
2.8099962E+02, 1.42314612807597
2.8100444E+02, 1.42400823722736
2.8100926E+02, 1.42486632203892
2.8101408E+02, 1.42572072171729
2.8101890E+02, 1.42657180555126
2.8102372E+02, 1.42741997110040
2.8102854E+02, 1.42826564560541
2.8103256E+02, 1.42896981110697
2.8103658E+02, 1.42967281990715
2.8104060E+02, 1.43037487624608
2.8104462E+02, 1.43107620672677
2.8104864E+02, 1.43177700411079
2.8105267E+02, 1.43247743360871
2.8105669E+02, 1.43317762078578
2.8106071E+02, 1.43387778481426
2.8106473E+02, 1.43457804784294
2.8106875E+02, 1.43527843965457
2.8107277E+02, 1.43597910959200
2.8107679E+02, 1.43668016134046
2.8108082E+02, 1.43738156182609
2.8108484E+02, 1.43808325814130
2.8108886E+02, 1.43878538593515
2.8109288E+02, 1.43948790622678
2.8109690E+02, 1.44019043812044
2.8110092E+02, 1.44089321107104
2.8110494E+02, 1.44187153129262
2.8110897E+02, 1.44256143050330
2.8111299E+02, 1.44325019303580
2.8111701E+02, 1.44393782952401
2.8112103E+02, 1.44462428496423
2.8112505E+02, 1.44530928550885
2.8112907E+02, 1.44599276476395
2.8113309E+02, 1.44667470512040
2.8113712E+02, 1.44735482489034
2.8114114E+02, 1.44803294579280
2.8114516E+02, 1.44870910740172
2.8114918E+02, 1.44938303180251
2.8115320E+02, 1.45005445510178
2.8115722E+02, 1.45072347170696
2.8116125E+02, 1.45138979372094
2.8116527E+02, 1.45205311073110
2.8116929E+02, 1.45271355065708
2.8117331E+02, 1.45337078110497
2.8117733E+02, 1.45402450219480
2.8118135E+02, 1.45467484166819
2.8118537E+02, 1.45532136920851
2.8118940E+02, 1.45596388301136
2.8119342E+02, 1.45660246731801
2.8119744E+02, 1.45723651645009
2.8120146E+02, 1.45786606055243
2.8120548E+02, 1.45849107712945
2.8120950E+02, 1.45911066792369
2.8121352E+02, 1.45972529917398
2.8121755E+02, 1.46033443649736
2.8122157E+02, 1.46093767885029
2.8122559E+02, 1.46153529975263
2.8122961E+02, 1.46212624515896
2.8123363E+02, 1.46271102015394
2.8123765E+02, 1.46328901665726
2.8124167E+02, 1.46385997068989
2.8124570E+02, 1.46442408976233
2.8124972E+02, 1.46498034374506
2.8125374E+02, 1.46552962350860
2.8125776E+02, 1.46607056556992
2.8126178E+02, 1.46660417659732
2.8126580E+02, 1.46712937227011
2.8126982E+02, 1.46764686371934
2.8127385E+02, 1.46815589535956
2.8127787E+02, 1.46865704215316
2.8128189E+02, 1.46914969577382
2.8128591E+02, 1.46963447585869
2.8128993E+02, 1.47011073081731
2.8129395E+02, 1.47057931325250
2.8129798E+02, 1.47103934962177
2.8130200E+02, 1.47149206939884
2.8130602E+02, 1.47214841987305
2.8131004E+02, 1.47259657971130
2.8131406E+02, 1.47303675997938
2.8131808E+02, 1.47346919067470
2.8132210E+02, 1.47389353774555
2.8132613E+02, 1.47430990642247
2.8133015E+02, 1.47471824823867
2.8133417E+02, 1.47511856771858
2.8133819E+02, 1.47551084765837
2.8134221E+02, 1.47589539231038
2.8134623E+02, 1.47627198510114
2.8135025E+02, 1.47664091349334
2.8135428E+02, 1.47700243435181
2.8135830E+02, 1.47735626853066
2.8136232E+02, 1.47770310706791
2.8136634E+02, 1.47804292790065
2.8137036E+02, 1.47837545318805
2.8137438E+02, 1.47870169920020
2.8137840E+02, 1.47902148913632
2.8138243E+02, 1.47933444736458
2.8138645E+02, 1.47964159436051
2.8139047E+02, 1.47994322024196
2.8139449E+02, 1.48023852612884
2.8139851E+02, 1.48052790889300
2.8140253E+02, 1.48081330221066
2.8140655E+02, 1.48109286600732
2.8141058E+02, 1.48136672034873
2.8141460E+02, 1.48163642683422
2.8141862E+02, 1.48190202322765
2.8142264E+02, 1.48216233369334
2.8142666E+02, 1.48241746230652
2.8143068E+02, 1.48266970817418
2.8143470E+02, 1.48291796371005
2.8143873E+02, 1.48316135795410
2.8144275E+02, 1.48339998053215
2.8144677E+02, 1.48363599623853
2.8145079E+02, 1.48386878074180
2.8145481E+02, 1.48409700404407
2.8145883E+02, 1.48432074018489
2.8146286E+02, 1.48454081875042
2.8146688E+02, 1.48475939597106
2.8147090E+02, 1.48497358837717
2.8147492E+02, 1.48518345451520
2.8147894E+02, 1.48538905576863
2.8148296E+02, 1.48559219623748
2.8148698E+02, 1.48579299586675
2.8149101E+02, 1.48598954678936
2.8149503E+02, 1.48618189993518
2.8149905E+02, 1.48637010859680
2.8150307E+02, 1.48655534163357
2.8150709E+02, 1.49060776315941
2.8151111E+02, 1.49081370814899
2.8151513E+02, 1.49101655664625
2.8151916E+02, 1.49121614325228
2.8152318E+02, 1.49141228063632
2.8152720E+02, 1.49160446023244
2.8153122E+02, 1.49179281568702
2.8153524E+02, 1.49197749117763
2.8153926E+02, 1.49215831460235
2.8154328E+02, 1.49233511345461
2.8154731E+02, 1.49250772270618
2.8155133E+02, 1.49267626363167
2.8155535E+02, 1.49284043591445
2.8155937E+02, 1.49300000906138
2.8156339E+02, 1.49315474190875
2.8156741E+02, 1.49330439471807
2.8157143E+02, 1.49344872019298
2.8157546E+02, 1.49358803907184
2.8157948E+02, 1.49372188886351
2.8158350E+02, 1.49384966076173
2.8158752E+02, 1.49397103911659
2.8159154E+02, 1.49408571762721
2.8159556E+02, 1.49419340699151
2.8159959E+02, 1.49429384209749
2.8160361E+02, 1.49438678468552
2.8160763E+02, 1.49447202567755
2.8161165E+02, 1.49454998151418
2.8161567E+02, 1.49462014927631
2.8161969E+02, 1.49468208868330
2.8162371E+02, 1.49473568539938
2.8162774E+02, 1.49478085584246
2.8163176E+02, 1.49481754599414
2.8163578E+02, 1.49484573068278
2.8163980E+02, 1.49486541272813
2.8164382E+02, 1.49487662108152
2.8164784E+02, 1.49487941013226
2.8165186E+02, 1.49487386054661
2.8165589E+02, 1.49486008037742
2.8165991E+02, 1.49483820546328
2.8166393E+02, 1.49480839921755
2.8166795E+02, 1.49477085231876
2.8167197E+02, 1.49472578223291
2.8167599E+02, 1.49467343207918
2.8168001E+02, 1.49461406864643
2.8168404E+02, 1.49454797813027
2.8168806E+02, 1.49447585704977
2.8169208E+02, 1.49439864486323
2.8169610E+02, 1.49431584461770
2.8170012E+02, 1.49422781383695
2.8170414E+02, 1.49735247669084
2.8170816E+02, 1.49724388122294
2.8171219E+02, 1.49712649880552
2.8171621E+02, 1.49700070689352
2.8172023E+02, 1.49686674758222
2.8172425E+02, 1.49672499575055
2.8172827E+02, 1.49657594560503
2.8173229E+02, 1.49642072618485
2.8173631E+02, 1.49626005751961
2.8174034E+02, 1.49609403792677
2.8174436E+02, 1.49592331005764
2.8174838E+02, 1.49574853052824
2.8175240E+02, 1.49557035914083
2.8175642E+02, 1.49539026957407
2.8176044E+02, 1.49520868756774
2.8176447E+02, 1.49502564244329
2.8176849E+02, 1.49484161669621
2.8177251E+02, 1.49465700957135
2.8177653E+02, 1.49447233365217
2.8178055E+02, 1.49428888574809
2.8178457E+02, 1.49410568751093
2.8178859E+02, 1.49392285821777
2.8179262E+02, 1.49374047083280
2.8179664E+02, 1.49355855904478
2.8180066E+02, 1.49337803079944
2.8180468E+02, 1.49319845179845
2.8180870E+02, 1.49301929722791
2.8181272E+02, 1.49284045789215
2.8181674E+02, 1.49266179783273
2.8182077E+02, 1.49248325668251
2.8182479E+02, 1.49230569729081
2.8182881E+02, 1.49212779940122
2.8183283E+02, 1.49194933897569
2.8183685E+02, 1.49177007780857
2.8184087E+02, 1.49158976737565
2.8184489E+02, 1.49140863341226
2.8184892E+02, 1.49122640539523
2.8185294E+02, 1.49104227992692
2.8185696E+02, 1.49085595687923
2.8186098E+02, 1.49066712934928
2.8186500E+02, 1.49047555906658
2.8186902E+02, 1.49028141681532
2.8187304E+02, 1.49008375020148
2.8187707E+02, 1.48988223004176
2.8188109E+02, 1.48967652614843
2.8188511E+02, 1.48946635507995
2.8188913E+02, 1.48925157867977
2.8189315E+02, 1.48903157996588
2.8189717E+02, 1.48880604470024
2.8190120E+02, 1.48857466218948
2.8190522E+02, 1.49371463788609
2.8190924E+02, 1.49349533425810
2.8191326E+02, 1.49329637487262
2.8191728E+02, 1.49306326723086
2.8192130E+02, 1.49280018505723
2.8192532E+02, 1.49251138627295
2.8192935E+02, 1.49224363899709
2.8193337E+02, 1.49195650867464
2.8193739E+02, 1.49165047023692
2.8194141E+02, 1.49134459580856
2.8194543E+02, 1.49103757964037
2.8194945E+02, 1.49071504833002
2.8195347E+02, 1.49038680905912
2.8195750E+02, 1.49005991736150
2.8196152E+02, 1.48971938546481
2.8196554E+02, 1.48937286366754
2.8196956E+02, 1.48902494516694
2.8197358E+02, 1.48866456854053
2.8197760E+02, 1.48830013088897
2.8198162E+02, 1.48793011411006
2.8198565E+02, 1.48754858186024
2.8198967E+02, 1.48716578090560
2.8199369E+02, 1.48677335442572
2.8199771E+02, 1.48637325765580
2.8200173E+02, 1.48596923688728
2.8200575E+02, 1.48555512880065
2.8200977E+02, 1.48513825069513
2.8201380E+02, 1.48471310369476
2.8201782E+02, 1.48428250914946
2.8202184E+02, 1.48384686018198
2.8202586E+02, 1.48340436434810
2.8202988E+02, 1.48295910542105
2.8203390E+02, 1.48250657186861
2.8203792E+02, 1.48205268417896
2.8204195E+02, 1.48159254641204
2.8204597E+02, 1.48113050385171
2.8204999E+02, 1.48066401523302
2.8205401E+02, 1.48019542799120
2.8205803E+02, 1.47972384408574
2.8206205E+02, 1.47925017075667
2.8206608E+02, 1.47877468630789
2.8207010E+02, 1.47829722244487
2.8207412E+02, 1.47781893411985
2.8207814E+02, 1.47733881374843
2.8208216E+02, 1.47685870799329
2.8208618E+02, 1.47637691353364
2.8209020E+02, 1.47589586512487
2.8209423E+02, 1.47541324000423
2.8209825E+02, 1.47493201695931
2.8210227E+02, 1.47444927667282
2.8210629E+02, 1.47861276582893
2.8211031E+02, 1.47824325962317
2.8211433E+02, 1.47786728488618
2.8211835E+02, 1.47748448451266
2.8212238E+02, 1.47709637662178
2.8212720E+02, 1.47662147789802
2.8213203E+02, 1.47613768086061
2.8213685E+02, 1.47564397220267
2.8214168E+02, 1.47514108959838
2.8214650E+02, 1.47462837282085
2.8215133E+02, 1.47410681439791
2.8215616E+02, 1.47357582294848
2.8216098E+02, 1.47303689443470
2.8216581E+02, 1.47248918655443
2.8217063E+02, 1.47193489286643
2.8217546E+02, 1.47137301786306
2.8218028E+02, 1.47080536733855
2.8218511E+02, 1.47023184623418
2.8218994E+02, 1.46965325349562
2.8219476E+02, 1.46907057102962
2.8219959E+02, 1.46848330731091
2.8220441E+02, 1.46789364118175
2.8220924E+02, 1.46730034896113
2.8221407E+02, 1.46670470894746
2.8221889E+02, 1.46610691608712
2.8222372E+02, 1.46550648823299
2.8222854E+02, 1.46490526729835
2.8223337E+02, 1.46430168227490
2.8223819E+02, 1.46369684468098
2.8224302E+02, 1.46309072524954
2.8224785E+02, 1.46248250677440
2.8225267E+02, 1.46187417657210
2.8225750E+02, 1.46126384620402
2.8226232E+02, 1.46065241661365
2.8226715E+02, 1.46004022788771
2.8227197E+02, 1.45942610157661
2.8227680E+02, 1.45881198919998
2.8228163E+02, 1.45819637247359
2.8228645E+02, 1.45757953974652
2.8229128E+02, 1.45696282677873
2.8229610E+02, 1.45634440756348
2.8230093E+02, 1.45572606219392
2.8230575E+02, 1.45525118305242
2.8231058E+02, 1.45462101397926
2.8231541E+02, 1.45399105922345
2.8232023E+02, 1.45336081502802
2.8232506E+02, 1.45273102213237
2.8232988E+02, 1.45210138632141
2.8233471E+02, 1.45147160124802
2.8233953E+02, 1.45084295630690
2.8234436E+02, 1.45021430839990
2.8234919E+02, 1.44958608457116
2.8235401E+02, 1.44895903453943
2.8235884E+02, 1.44833210999171
2.8236366E+02, 1.44770643034716
2.8236849E+02, 1.44708172094627
2.8237332E+02, 1.44645732377416
2.8237814E+02, 1.44583517678630
2.8238297E+02, 1.44521358278441
2.8238779E+02, 1.44459310520646
2.8239262E+02, 1.44397469363137
2.8239744E+02, 1.44335678751622
2.8240227E+02, 1.44274102343404
2.8240710E+02, 1.44212652037354
2.8241192E+02, 1.44151268607620
2.8241675E+02, 1.44090158976951
2.8242157E+02, 1.44029080157647
2.8242640E+02, 1.43968162297975
2.8243122E+02, 1.43907382991580
2.8243605E+02, 1.43846604500839
2.8244088E+02, 1.43786073666840
2.8244570E+02, 1.43725523162686
2.8245053E+02, 1.43665051520857
2.8245535E+02, 1.43604674885440
2.8246018E+02, 1.43544233031100
2.8246500E+02, 1.43483951391080
2.8246983E+02, 1.43423601802971
2.8247466E+02, 1.43363256431809
2.8247948E+02, 1.43302955105484
2.8248431E+02, 1.43242545653877
2.8248913E+02, 1.43182228053183
2.8249396E+02, 1.43121821550123
2.8249878E+02, 1.43061377895600
2.8250361E+02, 1.43000952941608
2.8250844E+02, 1.43100382180341
2.8251326E+02, 1.43039179624085
2.8251809E+02, 1.42977850892857
2.8252291E+02, 1.42916294700448
2.8252774E+02, 1.42854512433084
2.8253257E+02, 1.42792588484365
2.8253739E+02, 1.42730410298361
2.8254222E+02, 1.42668041928038
2.8254704E+02, 1.42605455136720
2.8255187E+02, 1.42542587169577
2.8255669E+02, 1.42479507431530
2.8256152E+02, 1.42416114629167
2.8256635E+02, 1.42352389435143
2.8257117E+02, 1.42288360926678
2.8257600E+02, 1.42223928827648
2.8258082E+02, 1.42159094964202
2.8258565E+02, 1.42093850971017
2.8259047E+02, 1.42028130790256
2.8259530E+02, 1.41961947902633
2.8260013E+02, 1.41895296499878
2.8260495E+02, 1.41828140299543
2.8260978E+02, 1.41760514033309
2.8261460E+02, 1.41692446955831
2.8261943E+02, 1.41623924396860
2.8262425E+02, 1.41555001050834
2.8262908E+02, 1.41485773206913
2.8263391E+02, 1.41416221265122
2.8263873E+02, 1.41346390388086
2.8264356E+02, 1.41276479519281
2.8264838E+02, 1.41206414074624
2.8265321E+02, 1.41136223313268
2.8265804E+02, 1.41066071920718
2.8266286E+02, 1.40995942035735
2.8266769E+02, 1.40925744534668
2.8267251E+02, 1.40855528439894
2.8267734E+02, 1.40785394871368
2.8268216E+02, 1.40715060225203
2.8268699E+02, 1.40644413718760
2.8269182E+02, 1.40573660702887
2.8269664E+02, 1.40502362682912
2.8270147E+02, 1.40430303338528
2.8270629E+02, 1.40574065836523
2.8271112E+02, 1.40500201171324
2.8271594E+02, 1.40425609406388
2.8272077E+02, 1.40350240349879
2.8272560E+02, 1.40273994748122
2.8273042E+02, 1.40196874235421
2.8273525E+02, 1.40118864344497
2.8274007E+02, 1.40040173093347
2.8274490E+02, 1.39962784999959
2.8274972E+02, 1.39886448012157
2.8275455E+02, 1.39809984149358
2.8275938E+02, 1.39732908236774
2.8276420E+02, 1.39655184169802
2.8276903E+02, 1.39576808936856
2.8277385E+02, 1.39497735705353
2.8277868E+02, 1.39417973568536
2.8278350E+02, 1.39337551503162
2.8278833E+02, 1.39256577871176
2.8279316E+02, 1.39175106158441
2.8279798E+02, 1.39093141059882
2.8280281E+02, 1.39010742761344
2.8280763E+02, 1.38927971057306
2.8281246E+02, 1.38844882968083
2.8281729E+02, 1.38761653800630
2.8282211E+02, 1.38678216482091
2.8282694E+02, 1.38594598805733
2.8283176E+02, 1.38510832746634
2.8283659E+02, 1.38426942489923
2.8284141E+02, 1.38342943856755
2.8284624E+02, 1.38258945843522
2.8285107E+02, 1.38174865373240
2.8285589E+02, 1.38090667418669
2.8286072E+02, 1.38006331872057
2.8286554E+02, 1.37921829342382
2.8287037E+02, 1.37837126618417
2.8287519E+02, 1.37752235216305
2.8288002E+02, 1.37667131779299
2.8288485E+02, 1.37581708766835
2.8288967E+02, 1.37495924954041
2.8289450E+02, 1.37409740431503
2.8289932E+02, 1.37323118109534
2.8290415E+02, 1.37236025400329
2.8290897E+02, 1.37405743830067
2.8291380E+02, 1.37316733050896
2.8291863E+02, 1.37227458339151
2.8292345E+02, 1.37137867573931
2.8292828E+02, 1.37047923608366
2.8293310E+02, 1.36957600713136
2.8293793E+02, 1.36866841746703
2.8294275E+02, 1.36775613507520
2.8294758E+02, 1.36683885762408
2.8295241E+02, 1.36591627099544
2.8295723E+02, 1.36498812176938
2.8296206E+02, 1.36405427939844
2.8296688E+02, 1.36311462723652
2.8297171E+02, 1.36216907473588
2.8297654E+02, 1.36121757016831
2.8298136E+02, 1.36026009184284
2.8298619E+02, 1.35929664329723
2.8299101E+02, 1.35832725881292
2.8299584E+02, 1.35735200107142
2.8300066E+02, 1.35637095692141
2.8300549E+02, 1.35538423079827
2.8301032E+02, 1.35439194092278
2.8301514E+02, 1.35339421633211
2.8301997E+02, 1.35239119179881
2.8302479E+02, 1.35138300526535
2.8302962E+02, 1.35036979516327
2.8303444E+02, 1.34935169817985
2.8303927E+02, 1.34832884846602
2.8304410E+02, 1.34730137686266
2.8304892E+02, 1.34626941192381
2.8305375E+02, 1.34523308112574
2.8305857E+02, 1.34419251232413
2.8306340E+02, 1.34314783570975
2.8306822E+02, 1.34209918513154
2.8307305E+02, 1.34104669918837
2.8307788E+02, 1.33999052237885
2.8308270E+02, 1.33893080587578
2.8308753E+02, 1.33786770836943
2.8309235E+02, 1.33680139350581
2.8309718E+02, 1.33573202970593
2.8310200E+02, 1.33465978597805
2.8310683E+02, 1.33565114655627
2.8311166E+02, 1.33455448714644
2.8311648E+02, 1.33345455883606
2.8312131E+02, 1.33235194318027
2.8312613E+02, 1.33124645466377
2.8313096E+02, 1.33013824487599
2.8313579E+02, 1.32902758977544
2.8314061E+02, 1.32791486525476
2.8314544E+02, 1.32680055756061
2.8315026E+02, 1.32568526904193
2.8315509E+02, 1.32456972882113
2.8315991E+02, 1.32345474969071
2.8316474E+02, 1.32234156170021
2.8316957E+02, 1.32123066816314
2.8317439E+02, 1.32012277295160
2.8317922E+02, 1.31901849923455
2.8318404E+02, 1.31791824367463
2.8318805E+02, 1.31700793366781
2.8319206E+02, 1.31610036461956
2.8319606E+02, 1.31519508585007
2.8320007E+02, 1.31429141928293
2.8320408E+02, 1.31338843602430
2.8320808E+02, 1.31248483977012
2.8321209E+02, 1.31157892626108
2.8321610E+02, 1.31066888431510
2.8322010E+02, 1.30975259479849
2.8322411E+02, 1.30882768428327
2.8322812E+02, 1.30789154700137
2.8323212E+02, 1.30694136891300
2.8323613E+02, 1.30597414857307
2.8324014E+02, 1.30498672340803
2.8324414E+02, 1.30397576204741
2.8324815E+02, 1.30293775114309
2.8325216E+02, 1.30186898209970
2.8325616E+02, 1.30076558074502
2.8326017E+02, 1.29974636137235
2.8326418E+02, 1.29882453559859
2.8326899E+02, 1.29773840264810
2.8327379E+02, 1.29664257575394
2.8327860E+02, 1.29554215379855
2.8328341E+02, 1.29444164786541
2.8328822E+02, 1.29334696208773
2.8329303E+02, 1.29225861016131
2.8329783E+02, 1.29117820101575
2.8330264E+02, 1.29010685045751
2.8330745E+02, 1.29388685614850
2.8331226E+02, 1.29271152630567
2.8331707E+02, 1.29157658740196
2.8332187E+02, 1.29047071772582
2.8332668E+02, 1.28938576787155
2.8333149E+02, 1.28831514259797
2.8333630E+02, 1.28725406843594
2.8334111E+02, 1.28619959182655
2.8334591E+02, 1.28514986502949
2.8335072E+02, 1.28410385467273
2.8335553E+02, 1.28306109379516
2.8336034E+02, 1.28202154234338
2.8336515E+02, 1.28098545315308
2.8336995E+02, 1.27995325122649
2.8337476E+02, 1.27892543879839
2.8337957E+02, 1.27790253843128
2.8338438E+02, 1.27688504586212
2.8338919E+02, 1.27587329984167
2.8339399E+02, 1.27486742537064
2.8339880E+02, 1.27386735859524
2.8340277E+02, 1.27304599785559
2.8340674E+02, 1.27222811524868
2.8341071E+02, 1.27141336831588
2.8341468E+02, 1.27060198158419
2.8341865E+02, 1.26979295059897
2.8342262E+02, 1.26898583727186
2.8342658E+02, 1.26818019970588
2.8343055E+02, 1.26737558400534
2.8343452E+02, 1.26657198088591
2.8343849E+02, 1.26576858776872
2.8344246E+02, 1.26496485500083
2.8344643E+02, 1.26416040538661
2.8345040E+02, 1.26335488868136
2.8345437E+02, 1.26254834600421
2.8345834E+02, 1.26174028125328
2.8346230E+02, 1.26093028082875
2.8346627E+02, 1.26011820395183
2.8347024E+02, 1.25930412437154
2.8347421E+02, 1.25848800668466
2.8347818E+02, 1.25766989764397
2.8348215E+02, 1.25684943836394
2.8348612E+02, 1.25602666103890
2.8349009E+02, 1.25520163641335
2.8349405E+02, 1.25437447920345
2.8349882E+02, 1.25337966410540
2.8350358E+02, 1.25238239666468
2.8350834E+02, 1.25397357659691
2.8351310E+02, 1.25300731188333
2.8351787E+02, 1.25203859806947
2.8352263E+02, 1.25106727939691
2.8352739E+02, 1.25009322352130
2.8353216E+02, 1.24911633136581
2.8353692E+02, 1.24813654334638
2.8354168E+02, 1.24715385196167
2.8354644E+02, 1.24616832204219
2.8355121E+02, 1.24518008570762
2.8355597E+02, 1.24418932389899
2.8356073E+02, 1.24319626050966
2.8356549E+02, 1.24220116060315
2.8357026E+02, 1.24120431950241
2.8357502E+02, 1.24020605080087
2.8357978E+02, 1.23920668482783
2.8358454E+02, 1.23820654864145
2.8358931E+02, 1.23720591695845
2.8359407E+02, 1.23620497836042
2.8359883E+02, 1.23520380720613
2.8360359E+02, 1.23420234204435
2.8360836E+02, 1.23320038179274
2.8361312E+02, 1.23219758950714
2.8361788E+02, 1.23119351185848
2.8362264E+02, 1.23018764025450
2.8362741E+02, 1.22917948977392
2.8363217E+02, 1.22816869480878
2.8363693E+02, 1.22715509705810
2.8364170E+02, 1.22613882224575
2.8364646E+02, 1.22512036968330
2.8365122E+02, 1.22410062085988
2.8365598E+02, 1.22308069628697
2.8366075E+02, 1.22206176552713
2.8366551E+02, 1.22104473442769
2.8367027E+02, 1.22002874636920
2.8367503E+02, 1.21901101120542
2.8367980E+02, 1.21799311170611
2.8368456E+02, 1.21697373521493
2.8368932E+02, 1.21595177013639
2.8369408E+02, 1.21492645922100
2.8369885E+02, 1.21389749344134
2.8370361E+02, 1.21286519501054
2.8370837E+02, 1.21786942742092
2.8371313E+02, 1.21685690632715
2.8371790E+02, 1.21582909020788
2.8372266E+02, 1.21478383532917
2.8372742E+02, 1.21372457487078
2.8373218E+02, 1.21265013968550
2.8373695E+02, 1.21156430274232
2.8374171E+02, 1.21047748962581
2.8374647E+02, 1.20939282118728
2.8375123E+02, 1.20830291405678
2.8375600E+02, 1.20720085402783
2.8376076E+02, 1.20607830487572
2.8376552E+02, 1.20492501505180
2.8377029E+02, 1.20372837424479
2.8377505E+02, 1.20247188548362
2.8377981E+02, 1.20112764367427
2.8378457E+02, 1.19988666432345
2.8378934E+02, 1.19893221265329
2.8379410E+02, 1.19806896067375
2.8379886E+02, 1.19721047164612
2.8380362E+02, 1.19635419361989
2.8380839E+02, 1.19549543423508
2.8381315E+02, 1.19463452793657
2.8381791E+02, 1.19377121834159
2.8382267E+02, 1.19290462289758
2.8382744E+02, 1.19203359981355
2.8383220E+02, 1.19115689788447
2.8383696E+02, 1.19027382915415
2.8384172E+02, 1.18938501685248
2.8384649E+02, 1.18848982556881
2.8385125E+02, 1.18758959472392
2.8385601E+02, 1.18668565393043
2.8386077E+02, 1.18577822495487
2.8386554E+02, 1.18486809730605
2.8387030E+02, 1.18395780252429
2.8387506E+02, 1.18304975660005
2.8387982E+02, 1.18214523871829
2.8388459E+02, 1.18124768755276
2.8388935E+02, 1.18035870220156
2.8389411E+02, 1.17947777718848
2.8389888E+02, 1.17860530488927
2.8390364E+02, 1.17774121925190
2.8390840E+02, 1.17390262435721
2.8391316E+02, 1.17304684354862
2.8391793E+02, 1.17218779157687
2.8392269E+02, 1.17132528478206
2.8392745E+02, 1.17045905788433
2.8393221E+02, 1.16958897053540
2.8393698E+02, 1.16871515265926
2.8394174E+02, 1.16783778900902
2.8394650E+02, 1.16695722045976
2.8395126E+02, 1.16607389730075
2.8395603E+02, 1.16518837679929
2.8396079E+02, 1.16430131274185
2.8396555E+02, 1.16341333014964
2.8397031E+02, 1.16252494153693
2.8397508E+02, 1.16163698634226
2.8397984E+02, 1.16074994860761
2.8398460E+02, 1.15986422155901
2.8398936E+02, 1.15898018254353
2.8399413E+02, 1.15809811185961
2.8399889E+02, 1.15721819880269
2.8400365E+02, 1.15634051157404
2.8400841E+02, 1.15546478005269
2.8401318E+02, 1.15459084147477
2.8401794E+02, 1.15371857929094
2.8402270E+02, 1.15284768103944
2.8402747E+02, 1.15197774278007
2.8403223E+02, 1.15110835197492
2.8403699E+02, 1.15023908667060
2.8404175E+02, 1.14936955507239
2.8404652E+02, 1.14849938884593
2.8405128E+02, 1.14762850486417
2.8405604E+02, 1.14675693014302
2.8406080E+02, 1.14588480001491
2.8406557E+02, 1.14501211154554
2.8407033E+02, 1.14413862544460
2.8407509E+02, 1.14326412145441
2.8407985E+02, 1.14238854225679
2.8408462E+02, 1.14151202066230
2.8408938E+02, 1.14063499751690
2.8409414E+02, 1.13975807110863
2.8409890E+02, 1.13888161758857
2.8410367E+02, 1.13800605147379
2.8410843E+02, 1.14263941232137
2.8411319E+02, 1.14164219559767
2.8411795E+02, 1.14062278531657
2.8412272E+02, 1.13958305580625
2.8412748E+02, 1.13852422575433
2.8413224E+02, 1.13744734496725
2.8413701E+02, 1.13635350853548
2.8414177E+02, 1.13524391397296
2.8414653E+02, 1.13411959121909
2.8415129E+02, 1.13298154446025
2.8415606E+02, 1.13183067046262
2.8416082E+02, 1.13066773212827
2.8416558E+02, 1.12949334444563
2.8417034E+02, 1.12830820242814
2.8417511E+02, 1.12711296701289
2.8417987E+02, 1.12590758531528
2.8418463E+02, 1.12469232209930
2.8418939E+02, 1.12346750243438
2.8419416E+02, 1.12223431238953
2.8419892E+02, 1.12099350870203
2.8420368E+02, 1.11974574398924
2.8420844E+02, 1.11849244067720
2.8421321E+02, 1.11723637541650
2.8421797E+02, 1.11597984747445
2.8422273E+02, 1.11472426858191
2.8422749E+02, 1.11347170695145
2.8423226E+02, 1.11222542777660
2.8423702E+02, 1.11098620857739
2.8424178E+02, 1.10975287013813
2.8424654E+02, 1.10852382305539
2.8425131E+02, 1.10729681816231
2.8425607E+02, 1.10606794933343
2.8426083E+02, 1.10482770302043
2.8426560E+02, 1.10356609379688
2.8427036E+02, 1.10227136362568
2.8427512E+02, 1.10092805407331
2.8427988E+02, 1.09968041610156
2.8428465E+02, 1.09861525556505
2.8428941E+02, 1.09758446209483
2.8429417E+02, 1.09654761843939
2.8429893E+02, 1.09549950566954
2.8430370E+02, 1.09443576142778
2.8430846E+02, 1.09605228733105
2.8431322E+02, 1.09483823918160
2.8431798E+02, 1.09362858748883
2.8432275E+02, 1.09242149973286
2.8432751E+02, 1.09121446490203
2.8433227E+02, 1.09000671202166
2.8433703E+02, 1.08879754135536
2.8434180E+02, 1.08758616232079
2.8434656E+02, 1.08637202795562
2.8435132E+02, 1.08515353367143
2.8435608E+02, 1.08393181400135
2.8436085E+02, 1.08270694614518
2.8436561E+02, 1.08147906171805
2.8437037E+02, 1.08024769990366
2.8437513E+02, 1.07901313117714
2.8437990E+02, 1.07777636406865
2.8438466E+02, 1.07653763007523
2.8438942E+02, 1.07529670487443
2.8439419E+02, 1.07405293349036
2.8439895E+02, 1.07280734608883
2.8440371E+02, 1.07155968649070
2.8440847E+02, 1.07030923391675
2.8441324E+02, 1.06905444353269
2.8441800E+02, 1.06779598125031
2.8442276E+02, 1.06653309183823
2.8442752E+02, 1.06526439429887
2.8443229E+02, 1.06398859513352
2.8443705E+02, 1.06270620586100
2.8444181E+02, 1.06141664692643
2.8444657E+02, 1.06011810108631
2.8445134E+02, 1.05881150983506
2.8445610E+02, 1.05749723373837
2.8446086E+02, 1.05617450103006
2.8446562E+02, 1.05484401701024
2.8447039E+02, 1.05350707534541
2.8447515E+02, 1.05216345245941
2.8447991E+02, 1.05081417002483
2.8448467E+02, 1.04946059544185
2.8448944E+02, 1.04810252795666
2.8449420E+02, 1.04674123908952
2.8449896E+02, 1.04537755236315
2.8450373E+02, 1.04401100550172
2.8450849E+02, 1.04079469466817
2.8451325E+02, 1.03945365021447
2.8451801E+02, 1.03810740546254
2.8452278E+02, 1.03675656573486
2.8452754E+02, 1.03540147502972
2.8453230E+02, 1.03404218687124
2.8453706E+02, 1.03267934867194
2.8454183E+02, 1.03131329969962
2.8454659E+02, 1.02994449767794
2.8455135E+02, 1.02857347311496
2.8455611E+02, 1.02720069961211
2.8456088E+02, 1.02582685847379
2.8456564E+02, 1.02445220495166
2.8457040E+02, 1.02307757662878
2.8457516E+02, 1.02170326936987
2.8457993E+02, 1.02032936341922
2.8458469E+02, 1.01895704309806
2.8458945E+02, 1.01758553292929
2.8459421E+02, 1.01621503997803
2.8459898E+02, 1.01484568402772
2.8460374E+02, 1.01347589301636
2.8460850E+02, 1.01210530887846
2.8461326E+02, 1.01073191378284
2.8461803E+02, 1.00935280388979
2.8462279E+02, 1.00796607162145
2.8462755E+02, 1.00656652579169
2.8463232E+02, 1.00514957928803
2.8463708E+02, 1.00370911940720
2.8464184E+02, 1.00223753299011
2.8464660E+02, 1.00072583195244
2.8465137E+02, 0.999379828819136
2.8465613E+02, 0.998183433133734
2.8466089E+02, 0.996969869104300
2.8466565E+02, 0.995736203915692
2.8467042E+02, 0.994484022383486
2.8467518E+02, 0.993215936706783
2.8467994E+02, 0.991935544223277
2.8468470E+02, 0.990645776882675
2.8468947E+02, 0.989349827180024
2.8469423E+02, 0.988052500345935
2.8469899E+02, 0.986755487660354
2.8470375E+02, 0.985460968852327
2.8470852E+02, 0.985620221280025
2.8471328E+02, 0.984325216198105
2.8471804E+02, 0.983032344148434
2.8472280E+02, 0.981742071393496
2.8472757E+02, 0.980454360354673
2.8473233E+02, 0.979169105684109
2.8473709E+02, 0.977886630077743
2.8474185E+02, 0.976607321740631
2.8474662E+02, 0.975331381094508
2.8475138E+02, 0.974058780157753
2.8475614E+02, 0.972789907241760
2.8476091E+02, 0.971524764045462
2.8476567E+02, 0.970263219985435
2.8477043E+02, 0.969005069764742
2.8477519E+02, 0.967750241167921
2.8477996E+02, 0.966498452032644
2.8478472E+02, 0.965249362672447
2.8478948E+02, 0.964002677395443
2.8479424E+02, 0.962758234595953
2.8479901E+02, 0.961515792222891
2.8480377E+02, 0.960275148842118
2.8480853E+02, 0.959036198316978
2.8481329E+02, 0.957798966304318
2.8481806E+02, 0.956563450346269
2.8482282E+02, 0.955329697918836
2.8482758E+02, 0.954097872454644
2.8483234E+02, 0.952868121548977
2.8483711E+02, 0.951640580150084
2.8484187E+02, 0.950415392294858
2.8484663E+02, 0.949192784326287
2.8485139E+02, 0.947972938746644
2.8485616E+02, 0.946755926345675
2.8486092E+02, 0.945541850033828
2.8486568E+02, 0.944330795533684
2.8487044E+02, 0.943123025725796
2.8487521E+02, 0.941918458543190
2.8487997E+02, 0.940717084452478
2.8488473E+02, 0.939518873669984
2.8488950E+02, 0.938323766300276
2.8489426E+02, 0.937131897253386
2.8489902E+02, 0.935942996509861
2.8490378E+02, 0.934756924659376
2.8490855E+02, 0.934284499628224
2.8491331E+02, 0.933107288957906
2.8491807E+02, 0.931931813518844
2.8492283E+02, 0.930757980161041
2.8492760E+02, 0.929585767309000
2.8493236E+02, 0.928415247442711
2.8493712E+02, 0.927246647546508
2.8494188E+02, 0.926080314812058
2.8494665E+02, 0.924916573988178
2.8495141E+02, 0.923755906449808
2.8495617E+02, 0.922598848724610
2.8496093E+02, 0.921445944735808
2.8496570E+02, 0.920297692733668
2.8497046E+02, 0.919154586257351
2.8497522E+02, 0.918016619794983
2.8497998E+02, 0.916883641515460
2.8498475E+02, 0.915755156437616
2.8498951E+02, 0.914630285265542
2.8499427E+02, 0.913507740641108
2.8499904E+02, 0.912385816585722
2.8500380E+02, 0.911262309218230
2.8500856E+02, 0.910134456242662
2.8501332E+02, 0.908999484074705
2.8501809E+02, 0.907854249723742
2.8502285E+02, 0.906695460120419
2.8502761E+02, 0.905519816660418
2.8503237E+02, 0.904324211381041
2.8503714E+02, 0.903102688758633
2.8504190E+02, 0.901854566536592
2.8504666E+02, 0.900579238687961
2.8505142E+02, 0.899461989745068
2.8505619E+02, 0.898437491577915
2.8506095E+02, 0.897402733884552
2.8506571E+02, 0.896348591573547
2.8507047E+02, 0.895278134201059
2.8507524E+02, 0.894195382253063
2.8508000E+02, 0.893103610854930
2.8508476E+02, 0.892006511037494
2.8508952E+02, 0.890907479691167
2.8509429E+02, 0.889809435825643
2.8509905E+02, 0.888714717055478
2.8510381E+02, 0.887625048075623
2.8510857E+02, 0.887174771736193
2.8511334E+02, 0.886093166523607
2.8511810E+02, 0.885012230246545
2.8512286E+02, 0.883932325240384
2.8512763E+02, 0.882853841286773
2.8513239E+02, 0.881777012125941
2.8513715E+02, 0.880701928773338
2.8514191E+02, 0.879628595937154
2.8514668E+02, 0.878556911515066
2.8515144E+02, 0.877486713611504
2.8515620E+02, 0.876417802920140
2.8516096E+02, 0.875349945001684
2.8516573E+02, 0.874282870463389
2.8517049E+02, 0.873216228519385
2.8517525E+02, 0.872149850634186
2.8518001E+02, 0.871083467506896
2.8518478E+02, 0.870016819436325
2.8518954E+02, 0.868949667127610
2.8519430E+02, 0.867881796145985
2.8519906E+02, 0.866813019181624
2.8520383E+02, 0.865743175803568
2.8520859E+02, 0.864672132607604
2.8521335E+02, 0.863599763385613
2.8521811E+02, 0.862525882070053
2.8522288E+02, 0.861450420312618
2.8522764E+02, 0.860373306610847
2.8523240E+02, 0.859294480532736
2.8523716E+02, 0.858213715365489
2.8524193E+02, 0.857131115268651
2.8524669E+02, 0.856046660720877
2.8525145E+02, 0.854960325100445
2.8525622E+02, 0.853872080277931
2.8526098E+02, 0.852781904646590
2.8526574E+02, 0.851689789560223
2.8527050E+02, 0.850595740943718
2.8527527E+02, 0.849499782743870
2.8528003E+02, 0.848401959049478
2.8528479E+02, 0.847302337560044
2.8528955E+02, 0.846200828565869
2.8529432E+02, 0.845097678772364
2.8529908E+02, 0.843993016715269
2.8530384E+02, 0.842886875769692
2.8530860E+02, 0.841336160227052
2.8531337E+02, 0.840240109326852
2.8531813E+02, 0.839140960600109
2.8532289E+02, 0.838038806600712
2.8532765E+02, 0.836933777528985
2.8533242E+02, 0.835825969203507
2.8533718E+02, 0.834715428953643
2.8534194E+02, 0.833602162679976
2.8534670E+02, 0.832486136375879
2.8535147E+02, 0.831367280804087
2.8535623E+02, 0.830245485998582
2.8536099E+02, 0.829120631894612
2.8536575E+02, 0.827992661947025
2.8537052E+02, 0.826861503583103
2.8537528E+02, 0.825727141035052
2.8538004E+02, 0.824589644457936
2.8538481E+02, 0.823449181343797
2.8538957E+02, 0.822306013398175
2.8539433E+02, 0.821160551620691
2.8539909E+02, 0.820013249262036
2.8540386E+02, 0.818864641426102
2.8540862E+02, 0.817715334172306
2.8541338E+02, 0.816565924412182
2.8541814E+02, 0.815416925237657
2.8542291E+02, 0.814268688571515
2.8542767E+02, 0.813121751864238
2.8543243E+02, 0.811975538922470
2.8543719E+02, 0.810829381978426
2.8544196E+02, 0.809682101801790
2.8544672E+02, 0.808531968599991
2.8545148E+02, 0.807376659900496
2.8545624E+02, 0.806213404213037
2.8546101E+02, 0.805038666163758
2.8546577E+02, 0.803847709000091
2.8547053E+02, 0.802635304413366
2.8547529E+02, 0.801395302424743
2.8548006E+02, 0.800140370285251
2.8548482E+02, 0.799034731598124
2.8548958E+02, 0.797967590530785
2.8549435E+02, 0.796894483883901
2.8549911E+02, 0.795814198650247
2.8550387E+02, 0.794726191359791
2.8550863E+02, 0.794695905730066
2.8551340E+02, 0.793587277389761
2.8551816E+02, 0.792481455851946
2.8552292E+02, 0.791377565730179
2.8552768E+02, 0.790275115497119
2.8553245E+02, 0.789173813589734
2.8553721E+02, 0.788073867399655
2.8554197E+02, 0.786975578438936
2.8554673E+02, 0.785879375276210
2.8555150E+02, 0.784785767264576
2.8555626E+02, 0.783695298688514
2.8556102E+02, 0.782608506702459
2.8556578E+02, 0.781525887239319
2.8557055E+02, 0.780447871247975
2.8557531E+02, 0.779374805193553
2.8558007E+02, 0.778306938202678
2.8558483E+02, 0.777244424505981
2.8558960E+02, 0.776187356921468
2.8559436E+02, 0.775135670133783
2.8559912E+02, 0.774089242763158
2.8560388E+02, 0.773047877219448
2.8560865E+02, 0.772011326142913
2.8561341E+02, 0.770979308045764
2.8561817E+02, 0.769951527427482
2.8562294E+02, 0.768927693822681
2.8562770E+02, 0.767907541541381
2.8563246E+02, 0.766890827620701
2.8563722E+02, 0.765877348404518
2.8564199E+02, 0.764866947313089
2.8564675E+02, 0.763859518920143
2.8565151E+02, 0.762855010184191
2.8565627E+02, 0.761853418305528
2.8566104E+02, 0.760854787280652
2.8566580E+02, 0.759859199942805
2.8567056E+02, 0.758866771178865
2.8567532E+02, 0.757877640875449
2.8568009E+02, 0.756891960809460
2.8568485E+02, 0.755909886989115
2.8568961E+02, 0.754931575233047
2.8569437E+02, 0.753957179052448
2.8569914E+02, 0.752986842961466
2.8570390E+02, 0.752020694835867
2.8570866E+02, 0.751896151741408
2.8571342E+02, 0.750955636947829
2.8571819E+02, 0.750018896978825
2.8572295E+02, 0.749085867715948
2.8572690E+02, 0.748315386349201
2.8573084E+02, 0.747547427320857
2.8573479E+02, 0.746781748113301
2.8573874E+02, 0.746018315288862
2.8574268E+02, 0.745257114496445
2.8574663E+02, 0.744498282557386
2.8575058E+02, 0.743741568007679
2.8575452E+02, 0.742986966596674
2.8575847E+02, 0.742234474655651
2.8576242E+02, 0.741484206187818
2.8576636E+02, 0.740735980367491
2.8577031E+02, 0.739989800783525
2.8577426E+02, 0.739245687080208
2.8577820E+02, 0.738503729659118
2.8578215E+02, 0.737763820369511
2.8578610E+02, 0.737026008438213
2.8579005E+02, 0.736290365897406
2.8579399E+02, 0.735556951432103
2.8579794E+02, 0.734825785885168
2.8580189E+02, 0.734096979058919
2.8580583E+02, 0.733370648364580
2.8580978E+02, 0.732646870289483
2.8581373E+02, 0.731925782389230
2.8581767E+02, 0.731207546093613
2.8582162E+02, 0.730492246569024
2.8582557E+02, 0.729780028433701
2.8582951E+02, 0.729071059560465
2.8583346E+02, 0.728365424496530
2.8583741E+02, 0.727663131045060
2.8584135E+02, 0.726964330948426
2.8584530E+02, 0.726269071168351
2.8584925E+02, 0.725577068873415
2.8585319E+02, 0.724888476395566
2.8585714E+02, 0.724203257988736
2.8586109E+02, 0.723520845341963
2.8586503E+02, 0.722841322458266
2.8586898E+02, 0.722164618305342
2.8587293E+02, 0.721489931020039
2.8587688E+02, 0.720817270260286
2.8588082E+02, 0.720146660277392
2.8588477E+02, 0.719477075520031
2.8588872E+02, 0.718808587081057
2.8589266E+02, 0.718141419912304
2.8589661E+02, 0.717474295180003
2.8590056E+02, 0.716807466597116
2.8590450E+02, 0.715621224045066
2.8590845E+02, 0.714938123128476
2.8591240E+02, 0.714256393628406
2.8591634E+02, 0.713576474182691
2.8592029E+02, 0.712897690716007
2.8592424E+02, 0.712220069278808
2.8592818E+02, 0.711544020365648
2.8593213E+02, 0.710869124116643
2.8593608E+02, 0.710195515441134
2.8594002E+02, 0.709523602704078
2.8594397E+02, 0.708853329907838
2.8594792E+02, 0.708185024873256
2.8595186E+02, 0.707519232749080
2.8595581E+02, 0.706856239092637
2.8595976E+02, 0.706196602023118
2.8596370E+02, 0.705541117237258
2.8596765E+02, 0.704890299784566
2.8597160E+02, 0.704244859992314
2.8597555E+02, 0.703605929827917
2.8597949E+02, 0.702973870061888
2.8598344E+02, 0.702349560046622
2.8598739E+02, 0.701734018024300
2.8599133E+02, 0.701127112269231
2.8599528E+02, 0.700530264294632
2.8599923E+02, 0.699907325964266
2.8600317E+02, 0.699249814540523
2.8600712E+02, 0.698569681491907
2.8601107E+02, 0.697888787584592
2.8601501E+02, 0.697209261110960
2.8601896E+02, 0.696535331566458
2.8602291E+02, 0.695864629622676
2.8602685E+02, 0.695197879254543
2.8603080E+02, 0.694538047962031
2.8603475E+02, 0.693883175754075
2.8603869E+02, 0.693233569606423
2.8604264E+02, 0.692591167738497
2.8604659E+02, 0.691954032152338
2.8605053E+02, 0.691322675625333
2.8605448E+02, 0.690697336554714
2.8605843E+02, 0.690077089028576
2.8606238E+02, 0.689462086048442
2.8606632E+02, 0.688851786825005
2.8607027E+02, 0.688245946850077
2.8607422E+02, 0.687643945802357
2.8607816E+02, 0.687045727635219
2.8608211E+02, 0.686450637623191
2.8608606E+02, 0.685858309943597
2.8609000E+02, 0.685268800046429
2.8609395E+02, 0.684680727436233
2.8609790E+02, 0.684094971371207
2.8610184E+02, 0.683510203345505
2.8610579E+02, 0.683501783246264
2.8610974E+02, 0.682928924175800
2.8611368E+02, 0.682361073301377
2.8611763E+02, 0.681797298932016
2.8612158E+02, 0.681237955454206
2.8612552E+02, 0.680681927955108
2.8612947E+02, 0.680130164270936
2.8613342E+02, 0.679581726652417
2.8613736E+02, 0.679037262622646
2.8614131E+02, 0.678496303208986
2.8614526E+02, 0.677959056027813
2.8614920E+02, 0.677425529273965
2.8615315E+02, 0.676895490149420
2.8615710E+02, 0.676369375104528
2.8616105E+02, 0.675846544845768
2.8616499E+02, 0.675327793397014
2.8616894E+02, 0.674812129712682
2.8617368E+02, 0.674198808090898
2.8617841E+02, 0.673589781574292
2.8618315E+02, 0.672986161767063
2.8618788E+02, 0.672387357315310
2.8619262E+02, 0.671792877680547
2.8619736E+02, 0.671203541285063
2.8620209E+02, 0.670617530880036
2.8620683E+02, 0.670036154336988
2.8621156E+02, 0.669458301413457
2.8621630E+02, 0.668883866516956
2.8622104E+02, 0.668313069433880
2.8622577E+02, 0.667744450370182
2.8623051E+02, 0.667179320894360
2.8623525E+02, 0.666615542079966
2.8623998E+02, 0.666054468537625
2.8624472E+02, 0.665494746885572
2.8624945E+02, 0.664936558790129
2.8625419E+02, 0.664379735468329
2.8625893E+02, 0.663823328202532
2.8626366E+02, 0.663268327790904
2.8626840E+02, 0.662712699478254
2.8627313E+02, 0.662158248036758
2.8627787E+02, 0.661602842903451
2.8628261E+02, 0.661047893961365
2.8628734E+02, 0.660492218639638
2.8629208E+02, 0.659936125696674
2.8629682E+02, 0.659379603706015
2.8630155E+02, 0.658821887732617
2.8630629E+02, 0.656149030241468
2.8631102E+02, 0.655595004972474
2.8631576E+02, 0.655040582919909
2.8632050E+02, 0.654485651644589
2.8632523E+02, 0.653930170596652
2.8632997E+02, 0.653374182113425
2.8633470E+02, 0.652817535365792
2.8633944E+02, 0.652260441035338
2.8634418E+02, 0.651702639283563
2.8634891E+02, 0.651144436973145
2.8635365E+02, 0.650585623970409
2.8635839E+02, 0.650026412391184
2.8636312E+02, 0.649466772116648
2.8636786E+02, 0.648906744344044
2.8637259E+02, 0.648346486716941
2.8637733E+02, 0.647785889485039
2.8638207E+02, 0.647225271477149
2.8638680E+02, 0.646664392750638
2.8639154E+02, 0.646103631786154
2.8639628E+02, 0.645542862311535
2.8640101E+02, 0.644982277908555
2.8640575E+02, 0.644421946830397
2.8641048E+02, 0.643861877337921
2.8641522E+02, 0.643302318168357
2.8641996E+02, 0.642743107664451
2.8642469E+02, 0.642184638105167
2.8642943E+02, 0.641626659330264
2.8643416E+02, 0.641069561581240
2.8643890E+02, 0.640513243087196
2.8644364E+02, 0.639957887175733
2.8644837E+02, 0.639403609148644
2.8645311E+02, 0.638850393617620
2.8645785E+02, 0.638298575570265
2.8646258E+02, 0.637747944901951
2.8646732E+02, 0.637199047530116
2.8647205E+02, 0.636651524764165
2.8647679E+02, 0.636106000900326
2.8648153E+02, 0.635562264552352
2.8648626E+02, 0.635020743154264
2.8649100E+02, 0.634481460575106
2.8649573E+02, 0.633944655749698
2.8650047E+02, 0.633410575284310
2.8650521E+02, 0.632436038023161
2.8650994E+02, 0.631907037468415
2.8651468E+02, 0.631380895900786
2.8651942E+02, 0.630857773483664
2.8652415E+02, 0.630337964464142
2.8652889E+02, 0.629821614458127
2.8653362E+02, 0.629309010481211
2.8653836E+02, 0.628800265709463
2.8654310E+02, 0.628295671821986
2.8654783E+02, 0.627795307445731
2.8655257E+02, 0.627299473186124
2.8655730E+02, 0.626808203681427
2.8656204E+02, 0.626321803126909
2.8656678E+02, 0.625840258732529
2.8657151E+02, 0.625363862866441
2.8657625E+02, 0.624892569724082
2.8658099E+02, 0.624426625982270
2.8658572E+02, 0.623965997375819
2.8659046E+02, 0.623510817934167
2.8659519E+02, 0.623061154605973
2.8659993E+02, 0.622616914996783
2.8660467E+02, 0.622178417168919
2.8660940E+02, 0.621745158263525
2.8661414E+02, 0.621317739127953
2.8661888E+02, 0.620895586135014
2.8662361E+02, 0.620479079468454
2.8662835E+02, 0.620068073749319
2.8663308E+02, 0.619662256749714
2.8663782E+02, 0.619262215233744
2.8664256E+02, 0.618866943658354
2.8664729E+02, 0.618477218508280
2.8665203E+02, 0.618092746381521
2.8665676E+02, 0.617712947264024
2.8666150E+02, 0.617338688683826
2.8666624E+02, 0.616968924777887
2.8667097E+02, 0.616604035334359
2.8667571E+02, 0.616244478796795
2.8668045E+02, 0.615888652340291
2.8668518E+02, 0.615537831505209
2.8668992E+02, 0.615192025015637
2.8669465E+02, 0.614849399548086
2.8669939E+02, 0.614511703254292
2.8670413E+02, 0.614178648703090
2.8670886E+02, 0.612737047007370
2.8671360E+02, 0.612417895461989
2.8671833E+02, 0.612102852952793
2.8672307E+02, 0.611791883506001
2.8672781E+02, 0.611484746749269
2.8673254E+02, 0.611181329966476
2.8673728E+02, 0.610881590651744
2.8674202E+02, 0.610585346865773
2.8674675E+02, 0.610292473540553
2.8675149E+02, 0.610002844951162
2.8675622E+02, 0.609716369410018
2.8676096E+02, 0.609432926992521
2.8676570E+02, 0.609152380417906
2.8677043E+02, 0.608874604785016
2.8677517E+02, 0.608599550969219
2.8677990E+02, 0.608327097834853
2.8678464E+02, 0.608057098980758
2.8678938E+02, 0.607789506845160
2.8679411E+02, 0.607524249135626
2.8679885E+02, 0.607261212376618
2.8680359E+02, 0.607000296409392
2.8680832E+02, 0.606741479884629
2.8681306E+02, 0.606484664540313
2.8681779E+02, 0.606229743024580
2.8682253E+02, 0.605976727364543
2.8682727E+02, 0.605725533703102
2.8683200E+02, 0.605476051621801
2.8683769E+02, 0.605178825117942
2.8684337E+02, 0.604884157719399
2.8684905E+02, 0.604591687565509
2.8685474E+02, 0.604301221120777
2.8686042E+02, 0.604012973098319
2.8686610E+02, 0.603726765266889
2.8687179E+02, 0.603442239720503
2.8687747E+02, 0.603159335046454
2.8688315E+02, 0.602878610994987
2.8688884E+02, 0.602599241575710
2.8689452E+02, 0.602321030469144
2.8690020E+02, 0.602044494140433
2.8690589E+02, 0.599501131051855
2.8691157E+02, 0.599213569341545
2.8691725E+02, 0.598927025620128
2.8692294E+02, 0.598642321776922
2.8692862E+02, 0.598359655931879
2.8693430E+02, 0.598078780970271
2.8693999E+02, 0.597799774308859
2.8694567E+02, 0.597523368841388
2.8695135E+02, 0.597249715995655
2.8695704E+02, 0.596978165944468
2.8696272E+02, 0.596709519914545
2.8696840E+02, 0.596444083465397
2.8697409E+02, 0.596181896812663
2.8697977E+02, 0.595922232449406
2.8698545E+02, 0.595666139743579
2.8699114E+02, 0.595413692108339
2.8699682E+02, 0.595164823125261
2.8700250E+02, 0.594918956261247
2.8700819E+02, 0.594676997272255
2.8701387E+02, 0.594438985311080
2.8701955E+02, 0.594204949487673
2.8702524E+02, 0.593974142415350
2.8703092E+02, 0.593747450323415
2.8703661E+02, 0.593524911876112
2.8704229E+02, 0.593306532377319
2.8704797E+02, 0.593091977328438
2.8705366E+02, 0.592881336395206
2.8705934E+02, 0.592674975094237
2.8706502E+02, 0.592472877845366
2.8707071E+02, 0.592275022638747
2.8707639E+02, 0.592081092467297
2.8708207E+02, 0.591891265339611
2.8708776E+02, 0.591705724865333
2.8709344E+02, 0.591524430419837
2.8709912E+02, 0.591347337024226
2.8710481E+02, 0.591174354424583
2.8711049E+02, 0.590564070389457
2.8711617E+02, 0.590397435822162
2.8712085E+02, 0.590263206366873
2.8712553E+02, 0.590131534838066
2.8713021E+02, 0.590002399362754
2.8713489E+02, 0.589875873515110
2.8713957E+02, 0.589751923783948
2.8714425E+02, 0.589630519538143
2.8714893E+02, 0.589511630551131
2.8715361E+02, 0.589395226740039
2.8715829E+02, 0.589281278487758
2.8716297E+02, 0.589169730341243
2.8716765E+02, 0.589060521641283
2.8717233E+02, 0.588953725470545
2.8717701E+02, 0.588849317176839
2.8718169E+02, 0.588747274332628
2.8718637E+02, 0.588647576846363
2.8719105E+02, 0.588550206888194
2.8719572E+02, 0.588455149131829
2.8720040E+02, 0.588362391410571
2.8720508E+02, 0.588271924147502
2.8720976E+02, 0.588183733332650
2.8721444E+02, 0.588097792985166
2.8721912E+02, 0.588014145968551
2.8722380E+02, 0.587932789392242
2.8722848E+02, 0.587853722625282
2.8723316E+02, 0.587776947315955
2.8723784E+02, 0.587702467362635
2.8724252E+02, 0.587630288889103
2.8724720E+02, 0.587560420047860
2.8725188E+02, 0.587492870885693
2.8725656E+02, 0.587427653256493
2.8726124E+02, 0.587364780856528
2.8726592E+02, 0.587304269269623
2.8727060E+02, 0.587246135842945
2.8727528E+02, 0.587190395682477
2.8727996E+02, 0.587137038276203
2.8728464E+02, 0.587086122207306
2.8728932E+02, 0.587037670661611
2.8729399E+02, 0.586991708550402
2.8729867E+02, 0.586948262507649
2.8730335E+02, 0.586907360839251
2.8730803E+02, 0.585473189140169
2.8731271E+02, 0.585437216239302
2.8731739E+02, 0.585403651244925
2.8732207E+02, 0.585372536509842
2.8732675E+02, 0.585343913103266
2.8733143E+02, 0.585317830051857
2.8733611E+02, 0.585294338493158
2.8734079E+02, 0.585273490766084
2.8734547E+02, 0.585255341010639
2.8735015E+02, 0.585239945624883
2.8735483E+02, 0.585227363398132
2.8735951E+02, 0.585217655980153
2.8736419E+02, 0.585210888267596
2.8736980E+02, 0.585206735794382
2.8737542E+02, 0.585207005860645
2.8738103E+02, 0.585211844960251
2.8738665E+02, 0.585221407909845
2.8739226E+02, 0.585235858484997
2.8739788E+02, 0.585255363599508
2.8740350E+02, 0.585280097782416
2.8740911E+02, 0.585310245400325
2.8741473E+02, 0.585345999567649
2.8742034E+02, 0.585387561228013
2.8742596E+02, 0.585435139019171
2.8743157E+02, 0.585488948814470
2.8743719E+02, 0.585549213022340
2.8744280E+02, 0.585616159490624
2.8744842E+02, 0.585690020193084
2.8745403E+02, 0.585771029796193
2.8745965E+02, 0.585859423942579
2.8746527E+02, 0.585955437537697
2.8747088E+02, 0.586059303065736
2.8747650E+02, 0.586171248435672
2.8748211E+02, 0.586291330800339
2.8748773E+02, 0.586419851321960
2.8749334E+02, 0.586557036525211
2.8749896E+02, 0.586703058163718
2.8750457E+02, 0.586858071808571
2.8751019E+02, 0.583975529860307
2.8751580E+02, 0.584139613614978
2.8752142E+02, 0.584313067773903
2.8752704E+02, 0.584496146228162
2.8753265E+02, 0.584689160506727
2.8753827E+02, 0.584892147665463
2.8754388E+02, 0.585105133042140
2.8754950E+02, 0.585327209839612
2.8755511E+02, 0.585558398206964
2.8756073E+02, 0.585799215813169
2.8756634E+02, 0.586049589661201
2.8757196E+02, 0.586308362917534
2.8757757E+02, 0.586574775663874
2.8758319E+02, 0.586849938775681
2.8758880E+02, 0.587133684977720
2.8759442E+02, 0.587422965479680
2.8760004E+02, 0.587719163003235
2.8760565E+02, 0.588022790597417
2.8761127E+02, 0.588331540644491
2.8761688E+02, 0.588644165538720
2.8762250E+02, 0.588962946481657
2.8762811E+02, 0.589286026414294
2.8763373E+02, 0.589610183353848
2.8763934E+02, 0.589939306274688
2.8764496E+02, 0.590271651573682
2.8765057E+02, 0.590602898364060
2.8765619E+02, 0.590938225068629
2.8766181E+02, 0.591275707242494
2.8766742E+02, 0.591610807177682
2.8767304E+02, 0.591949587572143
2.8767865E+02, 0.592289732494872
2.8768427E+02, 0.592627228794188
2.8768988E+02, 0.592968588124659
2.8769550E+02, 0.593310931815561
2.8770013E+02, 0.593591347496630
2.8770476E+02, 0.591821147329844
2.8770939E+02, 0.592133234537841
2.8771402E+02, 0.592444631552036
2.8771865E+02, 0.592756038955441
2.8772329E+02, 0.593067642217622
2.8772792E+02, 0.593378968586056
2.8773255E+02, 0.593690284351677
2.8773718E+02, 0.594001844796750
2.8774181E+02, 0.594313554417665
2.8774644E+02, 0.594625604380456
2.8775107E+02, 0.594937792235359
2.8775570E+02, 0.595249983693108
2.8776033E+02, 0.595563104230413
2.8776497E+02, 0.595875699519773
2.8776879E+02, 0.596132900421832
2.8777261E+02, 0.596390915795664
2.8777644E+02, 0.596648371010793
2.8778026E+02, 0.596903950283816
2.8778409E+02, 0.597156902927749
2.8778791E+02, 0.597410289281949
2.8779174E+02, 0.597660705721284
2.8779556E+02, 0.597906402749218
2.8779939E+02, 0.598146293628921
2.8780321E+02, 0.598384183526430
2.8780703E+02, 0.598615776400922
2.8781086E+02, 0.598838410380489
2.8781468E+02, 0.599050838498333
2.8781851E+02, 0.599252130579775
2.8782233E+02, 0.599443260348207
2.8782616E+02, 0.599623649995826
2.8782998E+02, 0.599792584600328
2.8783381E+02, 0.599949483336194
2.8783763E+02, 0.600093928453222
2.8784145E+02, 0.600227048723829
2.8784528E+02, 0.600358635263460
2.8784910E+02, 0.600487623206993
2.8785293E+02, 0.600614647252024
2.8785675E+02, 0.600740436861979
2.8786058E+02, 0.600865829740506
2.8786440E+02, 0.600991784213792
2.8786823E+02, 0.601119388189172
2.8787205E+02, 0.601245894384333
2.8787587E+02, 0.601368866915876
2.8787970E+02, 0.601495710374923
2.8788352E+02, 0.601627834119357
2.8788735E+02, 0.601766705366443
2.8789117E+02, 0.601913789523439
2.8789500E+02, 0.602070469121442
2.8789882E+02, 0.602234493801963
2.8790265E+02, 0.602396842340095
2.8790724E+02, 0.604960011418892
2.8791182E+02, 0.605243079648658
2.8791641E+02, 0.605528015598306
2.8792100E+02, 0.605815699675009
2.8792559E+02, 0.606106089537556
2.8793018E+02, 0.606398186012943
2.8793477E+02, 0.606692266437270
2.8793936E+02, 0.606988614002644
2.8794395E+02, 0.607286787979055
2.8794854E+02, 0.607586418058046
2.8795313E+02, 0.607888096996685
2.8795772E+02, 0.608191652852483
2.8796231E+02, 0.608497093341877
2.8796690E+02, 0.608804721119335
2.8797149E+02, 0.609114435944915
2.8797608E+02, 0.609427044271223
2.8798066E+02, 0.609742617517109
2.8798525E+02, 0.610060870466910
2.8798984E+02, 0.610383121436419
2.8799443E+02, 0.610709780649749
2.8799902E+02, 0.611039972756183
2.8800361E+02, 0.611375528567961
2.8800820E+02, 0.611717074683177
2.8801279E+02, 0.612063088000548
2.8801738E+02, 0.612416342720639
2.8802197E+02, 0.612776597870670
2.8802656E+02, 0.613142128469711
2.8803115E+02, 0.613517481114769
2.8803574E+02, 0.613899568671094
2.8804033E+02, 0.614288662419658
2.8804491E+02, 0.614688353438388
2.8804950E+02, 0.615094020109546
2.8805409E+02, 0.615510077678388
2.8805868E+02, 0.615933677411840
2.8806327E+02, 0.616365185743490
2.8806786E+02, 0.616806130057810
2.8807245E+02, 0.617252783959344
2.8807704E+02, 0.617709802507804
2.8808163E+02, 0.618171090623839
2.8808622E+02, 0.618641866364058
2.8809081E+02, 0.619116396662884
2.8809540E+02, 0.619598475054517
2.8809999E+02, 0.620083872127640
2.8810458E+02, 0.620575121620496
2.8810917E+02, 0.619114343760121
2.8811375E+02, 0.619609510848125
2.8811834E+02, 0.620106975802673
2.8812293E+02, 0.620606709142779
2.8812844E+02, 0.621209270039231
2.8813395E+02, 0.621814518207448
2.8813946E+02, 0.622422076649481
2.8814496E+02, 0.623031373403583
2.8815047E+02, 0.623641979955763
2.8815598E+02, 0.624253574479203
2.8816148E+02, 0.624865617463425
2.8816699E+02, 0.625478003028467
2.8817250E+02, 0.626090389340235
2.8817801E+02, 0.626702516556653
2.8818351E+02, 0.627314377084402
2.8818902E+02, 0.627925642910922
2.8819453E+02, 0.628536403219327
2.8820003E+02, 0.629146592054533
2.8820554E+02, 0.629756072670966
2.8821105E+02, 0.630365086699402
2.8821656E+02, 0.630973515482280
2.8822206E+02, 0.631581569302997
2.8822757E+02, 0.632189406713204
2.8823308E+02, 0.632797013198493
2.8823858E+02, 0.633404800211730
2.8824409E+02, 0.634012832938445
2.8824960E+02, 0.634621416996546
2.8825511E+02, 0.635230874207475
2.8826061E+02, 0.635841327295603
2.8826612E+02, 0.636453278908845
2.8827163E+02, 0.637066955023339
2.8827713E+02, 0.637682710911993
2.8828264E+02, 0.638300984697649
2.8828815E+02, 0.638922013726743
2.8829366E+02, 0.639546299971394
2.8829916E+02, 0.640174208216518
2.8830467E+02, 0.640806023269781
2.8831018E+02, 0.637360164523893
2.8831569E+02, 0.638004002699466
2.8832119E+02, 0.638652900730650
2.8832670E+02, 0.639307331335852
2.8833221E+02, 0.639967519412151
2.8833771E+02, 0.640633933533490
2.8834322E+02, 0.641306939881385
2.8834873E+02, 0.641986845736663
2.8835424E+02, 0.642674095618029
2.8835974E+02, 0.643369045417302
2.8836525E+02, 0.644072048078535
2.8837076E+02, 0.644783511353335
2.8837626E+02, 0.645503763664532
2.8838177E+02, 0.646233126524797
2.8838728E+02, 0.646972045171357
2.8839279E+02, 0.647720781198880
2.8839829E+02, 0.648479620419974
2.8840380E+02, 0.649248843748227
2.8840931E+02, 0.650028869137282
2.8841481E+02, 0.650819852877084
2.8842032E+02, 0.651621985695370
2.8842583E+02, 0.652435453403970
2.8843134E+02, 0.653260409629822
2.8843684E+02, 0.654097092930610
2.8844235E+02, 0.654945497460000
2.8844786E+02, 0.655805598624361
2.8845337E+02, 0.656677359638211
2.8845887E+02, 0.657560686075839
2.8846438E+02, 0.658455421813049
2.8846989E+02, 0.659361346304112
2.8847539E+02, 0.660278173296163
2.8848090E+02, 0.661205563795705
2.8848641E+02, 0.662143127636201
2.8849192E+02, 0.663090347342580
2.8849742E+02, 0.664046709308866
2.8850293E+02, 0.665011665428844
2.8850844E+02, 0.665194780325973
2.8851394E+02, 0.666161136102494
2.8851945E+02, 0.667135671076243
2.8852496E+02, 0.668117831461468
2.8853047E+02, 0.669107035333199
2.8853597E+02, 0.670102691541076
2.8854148E+02, 0.671104213663438
2.8854699E+02, 0.672111032483160
2.8855249E+02, 0.673122606204873
2.8855800E+02, 0.674138427843370
2.8856351E+02, 0.675158029453042
2.8856902E+02, 0.676180982383483
2.8857452E+02, 0.677206893241284
2.8858003E+02, 0.678235384761494
2.8858554E+02, 0.679266087037053
2.8859104E+02, 0.680298668208863
2.8859655E+02, 0.681332758832629
2.8860206E+02, 0.682367954613614
2.8860757E+02, 0.683403799994918
2.8861307E+02, 0.684439775092048
2.8861858E+02, 0.685475287580807
2.8862409E+02, 0.686509671380167
2.8862960E+02, 0.687542193821301
2.8863510E+02, 0.688572072029043
2.8864061E+02, 0.689598499120937
2.8864612E+02, 0.690620679831588
2.8865162E+02, 0.691637874055520
2.8865713E+02, 0.692649446577996
2.8866264E+02, 0.693654919894903
2.8866815E+02, 0.694654027062210
2.8867365E+02, 0.695646761321625
2.8867916E+02, 0.696633419422019
2.8868467E+02, 0.697614636447213
2.8869017E+02, 0.698591410920569
2.8869568E+02, 0.699569248646059
2.8870119E+02, 0.700563232546766
2.8870670E+02, 0.701232782777006
2.8871220E+02, 0.702190308680572
2.8871771E+02, 0.703146174336768
2.8872322E+02, 0.704100643697712
2.8872872E+02, 0.705054083927008
2.8873423E+02, 0.706006933070039
2.8873974E+02, 0.706959668496350
2.8874525E+02, 0.707912781458599
2.8875075E+02, 0.708866754501368
2.8875626E+02, 0.709822043150836
2.8876177E+02, 0.710779062712534
2.8876728E+02, 0.711738180646458
2.8877278E+02, 0.712699714137796
2.8877829E+02, 0.713663932373448
2.8878380E+02, 0.714631062698586
2.8878930E+02, 0.715601300028444
2.8879481E+02, 0.716574818346857
2.8880032E+02, 0.717551783674402
2.8880583E+02, 0.718532367425877
2.8881133E+02, 0.719516759410829
2.8881684E+02, 0.720505179661034
2.8882235E+02, 0.721497888423105
2.8882785E+02, 0.722495193902095
2.8883336E+02, 0.723497457155616
2.8883887E+02, 0.724505093967500
2.8884438E+02, 0.725518573573323
2.8884988E+02, 0.726538413966650
2.8885539E+02, 0.727565174183053
2.8886090E+02, 0.728599443426298
2.8886640E+02, 0.729641827606758
2.8887191E+02, 0.730692933582613
2.8887742E+02, 0.731753351651465
2.8888293E+02, 0.732823637185861
2.8888843E+02, 0.733904292042495
2.8889394E+02, 0.734995746792741
2.8889945E+02, 0.736098344804948
2.8890495E+02, 0.737212329050502
2.8891046E+02, 0.735288750198871
2.8891597E+02, 0.736420594733863
2.8892148E+02, 0.737562246151442
2.8892698E+02, 0.738713694574645
2.8893249E+02, 0.739874970837763
2.8893800E+02, 0.741046074165275
2.8894351E+02, 0.742226972470729
2.8894901E+02, 0.743417288971427
2.8895452E+02, 0.744617164628846
2.8896003E+02, 0.745826523882443
2.8896553E+02, 0.747045236628097
2.8897104E+02, 0.748273112384826
2.8897655E+02, 0.749509601306150
2.8898206E+02, 0.750754887437766
2.8898756E+02, 0.752008779444167
2.8899307E+02, 0.753271031511021
2.8899858E+02, 0.754540904393296
2.8900408E+02, 0.755818608266621
2.8900959E+02, 0.757103869848584
2.8901510E+02, 0.758396048737925
2.8902061E+02, 0.759694696895158
2.8902611E+02, 0.760999762260181
2.8903162E+02, 0.762310685715464
2.8903713E+02, 0.763626401422413
2.8904263E+02, 0.764947036735080
2.8904814E+02, 0.766272031499955
2.8905365E+02, 0.767599880938699
2.8905916E+02, 0.768930887478590
2.8906466E+02, 0.770264483434104
2.8907017E+02, 0.771598958551258
2.8907568E+02, 0.772934842886147
2.8908119E+02, 0.774271630890469
2.8908669E+02, 0.775607664387671
2.8909220E+02, 0.776943772479315
2.8909771E+02, 0.778279636287455
2.8910321E+02, 0.779613858687648
2.8910872E+02, 0.779838462648417
2.8911423E+02, 0.781188718339255
2.8911974E+02, 0.782536186978527
2.8912524E+02, 0.783880723925242
2.8913075E+02, 0.785222264742514
2.8913626E+02, 0.786559812915849
2.8914176E+02, 0.787894213640509
2.8914727E+02, 0.789226030418949
2.8915278E+02, 0.790554838113728
2.8915829E+02, 0.791882419599241
2.8916379E+02, 0.793210099714772
2.8916930E+02, 0.794538194774958
2.8917481E+02, 0.795869080053789
2.8918031E+02, 0.797204643577071
2.8918582E+02, 0.798545595244183
2.8919133E+02, 0.799881496170448
2.8919684E+02, 0.801157325842621
2.8920234E+02, 0.802414402972417
2.8920785E+02, 0.803674426469061
2.8921336E+02, 0.804937753654520
2.8921886E+02, 0.806204440718085
2.8922437E+02, 0.807473842806044
2.8922988E+02, 0.808745430248585
2.8923539E+02, 0.810018628785959
2.8924089E+02, 0.811292640602278
2.8924640E+02, 0.812566032932640
2.8925191E+02, 0.813838642259347
2.8925742E+02, 0.815109884176692
2.8926292E+02, 0.816379013334580
2.8926843E+02, 0.817645521303593
2.8927394E+02, 0.818909695586672
2.8927944E+02, 0.820171578146455
2.8928495E+02, 0.821430995887408
2.8929046E+02, 0.822688371386254
2.8929597E+02, 0.823944366618109
2.8930147E+02, 0.825199496817025
2.8930698E+02, 0.825457370022534
2.8931249E+02, 0.826726149241708
2.8931799E+02, 0.827994184257701
2.8932350E+02, 0.829261524867035
2.8932901E+02, 0.830528153329821
2.8933452E+02, 0.831794240683918
2.8934002E+02, 0.833059940327598
2.8934553E+02, 0.834325411071987
2.8935104E+02, 0.835590774444855
2.8935654E+02, 0.836856271571874
2.8936205E+02, 0.838122110046104
2.8936756E+02, 0.839388480228601
2.8937307E+02, 0.840655535457284
2.8937857E+02, 0.841923446234978
2.8938408E+02, 0.843192343154424
2.8938959E+02, 0.844462308835265
2.8939510E+02, 0.845733342211663
2.8940060E+02, 0.847005424913779
2.8940611E+02, 0.848278493142123
2.8941162E+02, 0.849552422292720
2.8941712E+02, 0.850827004281197
2.8942263E+02, 0.852102049053970
2.8942814E+02, 0.853377345841513
2.8943365E+02, 0.854652624920910
2.8943915E+02, 0.855927632766409
2.8944466E+02, 0.857202149588339
2.8945017E+02, 0.858475965233411
2.8945567E+02, 0.859748839058572
2.8946118E+02, 0.861020596073863
2.8946669E+02, 0.862291090316406
2.8947220E+02, 0.863560193119668
2.8947770E+02, 0.864827741070649
2.8948321E+02, 0.866093648969536
2.8948872E+02, 0.867357866928789
2.8949422E+02, 0.868620348914854
2.8949973E+02, 0.869881046947403
2.8950524E+02, 0.871140011882921
2.8951075E+02, 0.872136623427131
2.8951625E+02, 0.873382940519273
2.8952176E+02, 0.874627921445507
2.8952727E+02, 0.875871591937991
2.8953277E+02, 0.877113844140560
2.8953828E+02, 0.878354565863766
2.8954379E+02, 0.879593628674178
2.8954930E+02, 0.880831248187676
2.8955480E+02, 0.882067521872403
2.8956031E+02, 0.883302561955626
2.8956582E+02, 0.884536278054893
2.8957133E+02, 0.885768958739365
2.8957683E+02, 0.887000681233676
2.8958234E+02, 0.888231491882945
2.8958785E+02, 0.889461252729039
2.8959335E+02, 0.890690035354086
2.8959886E+02, 0.891917942721077
2.8960437E+02, 0.893145099792973
2.8960988E+02, 0.894371680788254
2.8961538E+02, 0.895598004599663
2.8962089E+02, 0.896824924544686
2.8962640E+02, 0.898053455206928
2.8963190E+02, 0.899284969538068
2.8963741E+02, 0.900517449587309
2.8964292E+02, 0.901745764440594
2.8964843E+02, 0.902974325523276
2.8965393E+02, 0.904204085137179
2.8965944E+02, 0.905436621993382
2.8966495E+02, 0.906672716534265
2.8967045E+02, 0.907912802615390
2.8967596E+02, 0.909157605049620
2.8968147E+02, 0.910408076810201
2.8968698E+02, 0.911664686910857
2.8969248E+02, 0.912927049617739
2.8969799E+02, 0.914195208499638
2.8970350E+02, 0.915469576332904
2.8970901E+02, 0.915689144333613
2.8971451E+02, 0.916972927605072
2.8972002E+02, 0.918261941817308
2.8972553E+02, 0.919556468703133
2.8973103E+02, 0.920855824155907
2.8973654E+02, 0.922159700420456
2.8974205E+02, 0.923468164833018
2.8974756E+02, 0.924780963552472
2.8975306E+02, 0.926097738111716
2.8975857E+02, 0.927418641369306
2.8976408E+02, 0.928743815597875
2.8976958E+02, 0.930073022059892
2.8977509E+02, 0.931406596384054
2.8978060E+02, 0.932744913175666
2.8978611E+02, 0.934087841979544
2.8979161E+02, 0.935435833796546
2.8979712E+02, 0.936789193225306
2.8980263E+02, 0.938147798700141
2.8980813E+02, 0.939512050631114
2.8981364E+02, 0.940881875860760
2.8981915E+02, 0.942257077769007
2.8982466E+02, 0.943637811299105
2.8983016E+02, 0.945023531754171
2.8983567E+02, 0.946413997292975
2.8984118E+02, 0.947808822915539
2.8984668E+02, 0.949207419122530
2.8985219E+02, 0.950609360397872
2.8985770E+02, 0.952014028338165
2.8986321E+02, 0.953420992104547
2.8986871E+02, 0.954829662645491
2.8987422E+02, 0.956239789415512
2.8987973E+02, 0.957650894061013
2.8988524E+02, 0.959062882375654
2.8989074E+02, 0.960475678131061
2.8989625E+02, 0.961889135006393
2.8990176E+02, 0.963303701884498
2.8990726E+02, 0.963063156257632
2.8991277E+02, 0.964499166695584
2.8991828E+02, 0.965937776698511
2.8992379E+02, 0.967378905795065
2.8992929E+02, 0.968822046297616
2.8993480E+02, 0.970267112353613
2.8994031E+02, 0.971713339076636
2.8994581E+02, 0.973160493753401
2.8995132E+02, 0.974607770426785
2.8995683E+02, 0.976054666574198
2.8996234E+02, 0.977500644711081
2.8996784E+02, 0.978945006157596
2.8997335E+02, 0.980387900262390
2.8997886E+02, 0.981828599094539
2.8998436E+02, 0.983268249509777
2.8998987E+02, 0.984706762548253
2.8999538E+02, 0.986146039241204
2.9000089E+02, 0.987587450598179
2.9000639E+02, 0.989033386829683
2.9001190E+02, 0.990486701223678
2.9001741E+02, 0.991950478852482
2.9002292E+02, 0.993428319495689
2.9002842E+02, 0.994924112331285
2.9003393E+02, 0.996440984294482
2.9003944E+02, 0.997982959264273
2.9004494E+02, 0.999538159654052
2.9005045E+02, 1.00096354901475
2.9005596E+02, 1.00233021523919
2.9006147E+02, 1.00371800262508
2.9006697E+02, 1.00512521665554
2.9007248E+02, 1.00654629985636
2.9007799E+02, 1.00797642804002
2.9008349E+02, 1.00941267181332
2.9008900E+02, 1.01084870765959
2.9009451E+02, 1.01228486273973
2.9010002E+02, 1.01371577767087
2.9010552E+02, 1.01377955390062
2.9011103E+02, 1.01521858667601
2.9011654E+02, 1.01664958014484
2.9012204E+02, 1.01807267808323
2.9012755E+02, 1.01948777514841
2.9013306E+02, 1.02089452979185
2.9013857E+02, 1.02229321026095
2.9014407E+02, 1.02368355460469
2.9014958E+02, 1.02506624864162
2.9015509E+02, 1.02644180681369
2.9016059E+02, 1.02781052772157
2.9016610E+02, 1.02917364501602
2.9017161E+02, 1.03053163551595
2.9017712E+02, 1.03188526643861
2.9018262E+02, 1.03323569870541
2.9018813E+02, 1.03458313801875
2.9019364E+02, 1.03592845349722
2.9019915E+02, 1.03727250851634
2.9020465E+02, 1.03861506702630
2.9021016E+02, 1.03995693425508
2.9021567E+02, 1.04129863411997
2.9022117E+02, 1.04263946547754
2.9022668E+02, 1.04398020446896
2.9023219E+02, 1.04532111120863
2.9023770E+02, 1.04666111747805
2.9024320E+02, 1.04800111639412
2.9024871E+02, 1.04934123638431
2.9025422E+02, 1.05068020654064
2.9025972E+02, 1.05201918011085
2.9026523E+02, 1.05335824904931
2.9027074E+02, 1.05469616934660
2.9027625E+02, 1.05603432460794
2.9028175E+02, 1.05737282732569
2.9028726E+02, 1.05871059119512
2.9029277E+02, 1.06004910470395
2.9029827E+02, 1.06138848565014
2.9030378E+02, 1.06272775114039
2.9030929E+02, 1.06184516037039
2.9031480E+02, 1.06319364524211
2.9032030E+02, 1.06454342296799
2.9032581E+02, 1.06589443722883
2.9033132E+02, 1.06724699647774
2.9033683E+02, 1.06860029002472
2.9034233E+02, 1.06995437963281
2.9034784E+02, 1.07130929911116
2.9035335E+02, 1.07266379733303
2.9035885E+02, 1.07401815168622
2.9036436E+02, 1.07537204996600
2.9036987E+02, 1.07672394609019
2.9037538E+02, 1.07807442039191
2.9038088E+02, 1.07942288578229
2.9038639E+02, 1.08076822899385
2.9039190E+02, 1.08211125909801
2.9039740E+02, 1.08345173789610
2.9040291E+02, 1.08478942161643
2.9040842E+02, 1.08612578711211
2.9041393E+02, 1.08746149420592
2.9041943E+02, 1.08879749699817
2.9042494E+02, 1.09013610314565
2.9043045E+02, 1.09147902973917
2.9043595E+02, 1.09282841799101
2.9044053E+02, 1.09395549188956
2.9044510E+02, 1.09509009453533
2.9044967E+02, 1.09623346832772
2.9045424E+02, 1.09738674236196
2.9045882E+02, 1.09855133267535
2.9046339E+02, 1.09970770442663
2.9046796E+02, 1.10079216876522
2.9047253E+02, 1.10183274714727
2.9047711E+02, 1.10288364579220
2.9048168E+02, 1.10394370371877
2.9048625E+02, 1.10501153973658
2.9049082E+02, 1.10608563954171
2.9049539E+02, 1.10716444210317
2.9049997E+02, 1.10824641915791
2.9050454E+02, 1.10933014287693
2.9050911E+02, 1.10850835828988
2.9051368E+02, 1.10959201547804
2.9051826E+02, 1.11067577840432
2.9052283E+02, 1.11175944660970
2.9052740E+02, 1.11284280372776
2.9053197E+02, 1.11392564116445
2.9053655E+02, 1.11500776382144
2.9054112E+02, 1.11608899570704
2.9054569E+02, 1.11716918386559
2.9055026E+02, 1.11824820036334
2.9055483E+02, 1.11932594256633
2.9055941E+02, 1.12040232999234
2.9056398E+02, 1.12147730388198
2.9056855E+02, 1.12255083274696
2.9057312E+02, 1.12362289992595
2.9057770E+02, 1.12469350370109
2.9058227E+02, 1.12576265517389
2.9058684E+02, 1.12683037638822
2.9059141E+02, 1.12789669890255
2.9059599E+02, 1.12896166253058
2.9060056E+02, 1.13002531428258
2.9060513E+02, 1.13108770728349
2.9060970E+02, 1.13214889979047
2.9061427E+02, 1.13320895385956
2.9061885E+02, 1.13426793403714
2.9062342E+02, 1.13532590561564
2.9062799E+02, 1.13638293487692
2.9063256E+02, 1.13743910720410
2.9063714E+02, 1.13849444992009
2.9064171E+02, 1.13954900990572
2.9064628E+02, 1.14060282396299
2.9065085E+02, 1.14165591693254
2.9065543E+02, 1.14270829992230
2.9066000E+02, 1.14375996914601
2.9066457E+02, 1.14481090516719
2.9066914E+02, 1.14586107286016
2.9067371E+02, 1.14691042184595
2.9067829E+02, 1.14795888773477
2.9068286E+02, 1.14900639390838
2.9068743E+02, 1.15005285386654
2.9069200E+02, 1.15109817412596
2.9069658E+02, 1.15214225752174
2.9070115E+02, 1.15318500670799
2.9070572E+02, 1.15392987499839
2.9071029E+02, 1.15495875652918
2.9071487E+02, 1.15598670080957
2.9071944E+02, 1.15701383429021
2.9072401E+02, 1.15804024923585
2.9072858E+02, 1.15906601429285
2.9073315E+02, 1.16009117395694
2.9073773E+02, 1.16111574870461
2.9074230E+02, 1.16213973582866
2.9074687E+02, 1.16316311110637
2.9075144E+02, 1.16418583122596
2.9075602E+02, 1.16520783699337
2.9076059E+02, 1.16622905732467
2.9076516E+02, 1.16724941349087
2.9076973E+02, 1.16826882373199
2.9077431E+02, 1.16928720772670
2.9077888E+02, 1.17030449070723
2.9078345E+02, 1.17132060712861
2.9078802E+02, 1.17233550341047
2.9079259E+02, 1.17334913993470
2.9079717E+02, 1.17436149187005
2.9080174E+02, 1.17537254920219
2.9080631E+02, 1.17638231573127
2.9081088E+02, 1.17739080736970
2.9081546E+02, 1.17839805128599
2.9082003E+02, 1.17940407997550
2.9082460E+02, 1.18040893148683
2.9082917E+02, 1.18141264735862
2.9083375E+02, 1.18241527111394
2.9083832E+02, 1.18341684798490
2.9084289E+02, 1.18441742598029
2.9084746E+02, 1.18541705810224
2.9085203E+02, 1.18641580600751
2.9085661E+02, 1.18741374462976
2.9086118E+02, 1.18841096765941
2.9086575E+02, 1.18940759341002
2.9087032E+02, 1.19040377033241
2.9087490E+02, 1.19139968164022
2.9087947E+02, 1.19239555229662
2.9088404E+02, 1.19339164362367
2.9088861E+02, 1.19438824288473
2.9089319E+02, 1.19538566788061
2.9089776E+02, 1.19638424861652
2.9090233E+02, 1.19738430761422
2.9090690E+02, 1.19824023917244
2.9091147E+02, 1.19923896263288
2.9091605E+02, 1.20023405585426
2.9092062E+02, 1.20121884152544
2.9092519E+02, 1.20219932822407
2.9092976E+02, 1.20317788377148
2.9093434E+02, 1.20415503079132
2.9093891E+02, 1.20513118152256
2.9094348E+02, 1.20610663094142
2.9094805E+02, 1.20708155662926
2.9095263E+02, 1.20805602449084
2.9095720E+02, 1.20902999958358
2.9096177E+02, 1.21000336127433
2.9096634E+02, 1.21097592126828
2.9097091E+02, 1.21194744340094
2.9097549E+02, 1.21291766388666
2.9098006E+02, 1.21388631068676
2.9098463E+02, 1.21485312106567
2.9098920E+02, 1.21581785669063
2.9099378E+02, 1.21678031547340
2.9099835E+02, 1.21774034025721
2.9100292E+02, 1.21869782401649
2.9100749E+02, 1.21965271200102
2.9101207E+02, 1.22060500093215
2.9101664E+02, 1.22155473591909
2.9102121E+02, 1.22250200530813
2.9102578E+02, 1.22344693422815
2.9103035E+02, 1.22438968282424
2.9103493E+02, 1.22533044210274
2.9103950E+02, 1.22626939198467
2.9104407E+02, 1.22720672488677
2.9104864E+02, 1.22814263032716
2.9105322E+02, 1.22907728825375
2.9105779E+02, 1.23001086334608
2.9106236E+02, 1.23094350025995
2.9106693E+02, 1.23187532011730
2.9107151E+02, 1.23280641798104
2.9107608E+02, 1.23373686156609
2.9108065E+02, 1.23466669108219
2.9108522E+02, 1.23559591997962
2.9108979E+02, 1.23652453673123
2.9109437E+02, 1.23745250721626
2.9109894E+02, 1.23837979411050
2.9110351E+02, 1.23930633217240
2.9110808E+02, 1.23917621616611
2.9111266E+02, 1.24010067595381
2.9111723E+02, 1.24102366315167
2.9112180E+02, 1.24194526623119
2.9112637E+02, 1.24286556656356
2.9113095E+02, 1.24378465032497
2.9113552E+02, 1.24470260431044
2.9114009E+02, 1.24561951305343
2.9114466E+02, 1.24653545635081
2.9114923E+02, 1.24745050731856
2.9115381E+02, 1.24836473445348
2.9115838E+02, 1.24927820697733
2.9116295E+02, 1.25019097035997
2.9116752E+02, 1.25110305706886
2.9117210E+02, 1.25201448781163
2.9117667E+02, 1.25292527170948
2.9118124E+02, 1.25383540626356
2.9118581E+02, 1.25474487813499
2.9119039E+02, 1.25565366498772
2.9119496E+02, 1.25656173607376
2.9119953E+02, 1.25746905290135
2.9120410E+02, 1.25837559964881
2.9120867E+02, 1.25928134381688
2.9121325E+02, 1.26018620374320
2.9121782E+02, 1.26109012333180
2.9122239E+02, 1.26199304454745
2.9122696E+02, 1.26289490813923
2.9123154E+02, 1.26379565408287
2.9123611E+02, 1.26469522192824
2.9124068E+02, 1.26559355110715
2.9124525E+02, 1.26649058091587
2.9124983E+02, 1.26738628773417
2.9125440E+02, 1.26828065879897
2.9125897E+02, 1.26917357046020
2.9126354E+02, 1.27006496352271
2.9126811E+02, 1.27095477954258
2.9127269E+02, 1.27184296161478
2.9127726E+02, 1.27272945486689
2.9128183E+02, 1.27361420743270
2.9128640E+02, 1.27449717130920
2.9129098E+02, 1.27537836811951
2.9129555E+02, 1.27625782100581
2.9130012E+02, 1.27713541265107
2.9130469E+02, 1.27772196432187
2.9130927E+02, 1.27859576751279
2.9131384E+02, 1.27946756134435
2.9131841E+02, 1.28033710232387
2.9132298E+02, 1.28120440301323
2.9132755E+02, 1.28206948023050
2.9133213E+02, 1.28293229836428
2.9133670E+02, 1.28379284213961
2.9134127E+02, 1.28465111543839
2.9134584E+02, 1.28550714197474
2.9135042E+02, 1.28636085794979
2.9135499E+02, 1.28721233737176
2.9135956E+02, 1.28806180742942
2.9136413E+02, 1.28890938088884
2.9136871E+02, 1.28975519089592
2.9137328E+02, 1.29059939124851
2.9137785E+02, 1.29144215591240
2.9138242E+02, 1.29228358397812
2.9138699E+02, 1.29312407546266
2.9139157E+02, 1.29396389546561
2.9139614E+02, 1.29480332306427
2.9140071E+02, 1.29564266413486
2.9140528E+02, 1.29648224943804
2.9140986E+02, 1.29732257923953
2.9141443E+02, 1.29816412925804
2.9141900E+02, 1.29900731702044
2.9142357E+02, 1.29984227285047
2.9142815E+02, 1.30066046477051
2.9143272E+02, 1.30145975827523
2.9143729E+02, 1.30226030621334
2.9144186E+02, 1.30306128912796
2.9144643E+02, 1.30386257471539
2.9145101E+02, 1.30466414674262
2.9145558E+02, 1.30546595961613
2.9146015E+02, 1.30626877763441
2.9146472E+02, 1.30707182897416
2.9146930E+02, 1.30787486773881
2.9147387E+02, 1.30867779293129
2.9147844E+02, 1.30948049705778
2.9148301E+02, 1.31028355838762
2.9148759E+02, 1.31108638974104
2.9149216E+02, 1.31188868689149
2.9149673E+02, 1.31269034245176
2.9150130E+02, 1.31349124833183
2.9150587E+02, 1.31508949488909
2.9151045E+02, 1.31589602356406
2.9151502E+02, 1.31670144874144
2.9151959E+02, 1.31750567791394
2.9152416E+02, 1.31830879320524
2.9152874E+02, 1.31911064072375
2.9153331E+02, 1.31991104651883
2.9153788E+02, 1.32070992328109
2.9154245E+02, 1.32150718837641
2.9154703E+02, 1.32230295003473
2.9155160E+02, 1.32309709273965
2.9155617E+02, 1.32388947958274
2.9156074E+02, 1.32468006674600
2.9156531E+02, 1.32546881876756
2.9156989E+02, 1.32625598312211
2.9157446E+02, 1.32704137570694
2.9157903E+02, 1.32782495893234
2.9158360E+02, 1.32860673618195
2.9158818E+02, 1.32938680383975
2.9159275E+02, 1.33016538717780
2.9159732E+02, 1.33094228374282
2.9160189E+02, 1.33171751285668
2.9160647E+02, 1.33249109222514
2.9161104E+02, 1.33326334719296
2.9161561E+02, 1.33403412214787
2.9162018E+02, 1.33480334780797
2.9162475E+02, 1.33557102058156
2.9162933E+02, 1.33633731251148
2.9163390E+02, 1.33710227817410
2.9163847E+02, 1.33786568786050
2.9164304E+02, 1.33862749997979
2.9164762E+02, 1.33938776057228
2.9165219E+02, 1.34014664834964
2.9165676E+02, 1.34090381891447
2.9166133E+02, 1.34165919486008
2.9166591E+02, 1.34241274471057
2.9167048E+02, 1.34316468701178
2.9167505E+02, 1.34391462377511
2.9167962E+02, 1.34466245614608
2.9168419E+02, 1.34540814094840
2.9168877E+02, 1.34615186589724
2.9169334E+02, 1.34689324379641
2.9169791E+02, 1.34763217311783
2.9170248E+02, 1.34836866500493
2.9170706E+02, 1.34983781135198
2.9171163E+02, 1.35057304906881
2.9171620E+02, 1.35130571079116
2.9172077E+02, 1.35203581578761
2.9172535E+02, 1.35276332817490
2.9172992E+02, 1.35348818513884
2.9173449E+02, 1.35421036120522
2.9173906E+02, 1.35492986265469
2.9174363E+02, 1.35564662965369
2.9174821E+02, 1.35636061472899
2.9175278E+02, 1.35707184450408
2.9175735E+02, 1.35778026014892
2.9176192E+02, 1.35848579544892
2.9176650E+02, 1.35918849588537
2.9177107E+02, 1.35988832042573
2.9177564E+02, 1.36058520524584
2.9178021E+02, 1.36127917041470
2.9178479E+02, 1.36197023585700
2.9178936E+02, 1.36265831653377
2.9179393E+02, 1.36334340531509
2.9179850E+02, 1.36402556721825
2.9180307E+02, 1.36470469006237
2.9180682E+02, 1.36525906163378
2.9181057E+02, 1.36581145134351
2.9181432E+02, 1.36636171800516
2.9181807E+02, 1.36691000179083
2.9182181E+02, 1.36745609870143
2.9182556E+02, 1.36800020172292
2.9182931E+02, 1.36854210138642
2.9183306E+02, 1.36908191269977
2.9183680E+02, 1.36961952865575
2.9184055E+02, 1.37015496639801
2.9184430E+02, 1.37068819905734
2.9184805E+02, 1.37121916819569
2.9185180E+02, 1.37174790935732
2.9185554E+02, 1.37227431040185
2.9185929E+02, 1.37279846070560
2.9186304E+02, 1.37332020855937
2.9186679E+02, 1.37383967986634
2.9187053E+02, 1.37435669206945
2.9187428E+02, 1.37487140445189
2.9187803E+02, 1.37538361152899
2.9188178E+02, 1.37589350554099
2.9188553E+02, 1.37640085886837
2.9188927E+02, 1.37690589939614
2.9189302E+02, 1.37740837772341
2.9189677E+02, 1.37790856112781
2.9190052E+02, 1.37840617542790
2.9190426E+02, 1.37953824060166
2.9190801E+02, 1.38004104148428
2.9191176E+02, 1.38054183517328
2.9191551E+02, 1.38104017204543
2.9191926E+02, 1.38153650853040
2.9192300E+02, 1.38203034206102
2.9192675E+02, 1.38252216871849
2.9193050E+02, 1.38301145250016
2.9193425E+02, 1.38349874920393
2.9193799E+02, 1.38398345788892
2.9194174E+02, 1.38446621237380
2.9194549E+02, 1.38494631876092
2.9194924E+02, 1.38542446169657
2.9195298E+02, 1.38589999493325
2.9195673E+02, 1.38637349230341
2.9196048E+02, 1.38684444673673
2.9196423E+02, 1.38731326873776
2.9196798E+02, 1.38777963609591
2.9197172E+02, 1.38824375692421
2.9197547E+02, 1.38870553433159
2.9197922E+02, 1.38916493337608
2.9198297E+02, 1.38962212328155
2.9198671E+02, 1.39007678442514
2.9199046E+02, 1.39052939978231
2.9199421E+02, 1.39097931741693
2.9199796E+02, 1.39142730986864
2.9200171E+02, 1.39187256514259
2.9200545E+02, 1.39231582601998
2.9200920E+02, 1.39275661391244
2.9201295E+02, 1.39319519424637
2.9201670E+02, 1.39363161794729
2.9202044E+02, 1.39406561391794
2.9202419E+02, 1.39449782886429
2.9202794E+02, 1.39492738638139
2.9203169E+02, 1.39535532121235
2.9203544E+02, 1.39578091879148
2.9203918E+02, 1.39620472358562
2.9204293E+02, 1.39662673961980
2.9204668E+02, 1.39704671714607
2.9205043E+02, 1.39746551659254
2.9205417E+02, 1.39788205392813
2.9205792E+02, 1.39829760310687
2.9206167E+02, 1.39871163181265
2.9206542E+02, 1.39912443553874
2.9206917E+02, 1.39953581899912
2.9207291E+02, 1.39994134521591
2.9207666E+02, 1.40034463954611
2.9208041E+02, 1.40074306160808
2.9208416E+02, 1.40113642244922
2.9208790E+02, 1.40152652061657
2.9209165E+02, 1.40191717387737
2.9209540E+02, 1.40230392159283
2.9209915E+02, 1.40268991263500
2.9210290E+02, 1.40307441725384
2.9210664E+02, 1.40424350192123
2.9211039E+02, 1.40462331682306
2.9211414E+02, 1.40499928347720
2.9211789E+02, 1.40537094055612
2.9212163E+02, 1.40573934037241
2.9212538E+02, 1.40610400164686
2.9212913E+02, 1.40646468861200
2.9213288E+02, 1.40682292895506
2.9213737E+02, 1.40724784586734
2.9214187E+02, 1.40766840199766
2.9214637E+02, 1.40808488596106
2.9215087E+02, 1.40849663806043
2.9215536E+02, 1.40890564751466
2.9215986E+02, 1.40931022361763
2.9216436E+02, 1.40971189508126
2.9216886E+02, 1.41011042880572
2.9217335E+02, 1.41050540665528
2.9217785E+02, 1.41089885890274
2.9218235E+02, 1.41128896921356
2.9218684E+02, 1.41167716424733
2.9219134E+02, 1.41206346075275
2.9219584E+02, 1.41244700377483
2.9220034E+02, 1.41283010547730
2.9220483E+02, 1.41321090144004
2.9220933E+02, 1.41359014894373
2.9221383E+02, 1.41396880175627
2.9221833E+02, 1.41434541893990
2.9222282E+02, 1.41472164845798
2.9222732E+02, 1.41509679037340
2.9223182E+02, 1.41547019817439
2.9223632E+02, 1.41584419512471
2.9224081E+02, 1.41621656531152
2.9224531E+02, 1.41658809509454
2.9224981E+02, 1.41695963134505
2.9225430E+02, 1.41732966362514
2.9225880E+02, 1.41769961612434
2.9226330E+02, 1.41806894480588
2.9226780E+02, 1.41843682812722
2.9227229E+02, 1.41880527929554
2.9227679E+02, 1.41917246847049
2.9228129E+02, 1.41953861482420
2.9228579E+02, 1.41990510611222
2.9229028E+02, 1.42027010202767
2.9229478E+02, 1.42063460909797
2.9229928E+02, 1.42099882537497
2.9230377E+02, 1.42136151586027
2.9230827E+02, 1.42392477427312
2.9231277E+02, 1.42428050356256
2.9231727E+02, 1.42463549828875
2.9232176E+02, 1.42498976538222
2.9232626E+02, 1.42534290977822
2.9233076E+02, 1.42569540744913
2.9233526E+02, 1.42604702142767
2.9233975E+02, 1.42639747540622
2.9234425E+02, 1.42674740493624
2.9234875E+02, 1.42709631796953
2.9235325E+02, 1.42744405065023
2.9235774E+02, 1.42779139869917
2.9236224E+02, 1.42813761524827
2.9236674E+02, 1.42848266408946
2.9237123E+02, 1.42882744634439
2.9237573E+02, 1.42917101993613
2.9238023E+02, 1.42951352649902
2.9238473E+02, 1.42985574644350
2.9238922E+02, 1.43019677532342
2.9239372E+02, 1.43053683980305
2.9239822E+02, 1.43087662344362
2.9240272E+02, 1.43121524612445
2.9240721E+02, 1.43155300469596
2.9241171E+02, 1.43189051433151
2.9241621E+02, 1.43222690315819
2.9242070E+02, 1.43256251947785
2.9242520E+02, 1.43289794243019
2.9242970E+02, 1.43323229053175
2.9243420E+02, 1.43356594241406
2.9243869E+02, 1.43389947724197
2.9244319E+02, 1.43423198481001
2.9244769E+02, 1.43456385108063
2.9245219E+02, 1.43489569296664
2.9245668E+02, 1.43522655131048
2.9246208E+02, 1.43562294070330
2.9246748E+02, 1.43601899538833
2.9247287E+02, 1.43641371940885
2.9247827E+02, 1.43680853615795
2.9248367E+02, 1.43720228168576
2.9248906E+02, 1.43759524393529
2.9249446E+02, 1.43798807311060
2.9249986E+02, 1.43837957319602
2.9250525E+02, 1.43877105616789
2.9251065E+02, 1.43967374479424
2.9251605E+02, 1.44005739550505
2.9252144E+02, 1.44044044800105
2.9252684E+02, 1.44082316550050
2.9253224E+02, 1.44120516276744
2.9253763E+02, 1.44158652633922
2.9254303E+02, 1.44196739784867
2.9254843E+02, 1.44234739150465
2.9255383E+02, 1.44272682720577
2.9255922E+02, 1.44310545413056
2.9256462E+02, 1.44348305853165
2.9257002E+02, 1.44386017395637
2.9257541E+02, 1.44423612831533
2.9258081E+02, 1.44461112845711
2.9258621E+02, 1.44498529097967
2.9259160E+02, 1.44535814890909
2.9259700E+02, 1.44573014631728
2.9260240E+02, 1.44610096647959
2.9260779E+02, 1.44647036659065
2.9261319E+02, 1.44683903719057
2.9261859E+02, 1.44720622545128
2.9262398E+02, 1.44757211385663
2.9262938E+02, 1.44793706247209
2.9263478E+02, 1.44830046618079
2.9264017E+02, 1.44866276048247
2.9264557E+02, 1.44902391856071
2.9265097E+02, 1.44938355293548
2.9265636E+02, 1.44974232020533
2.9266176E+02, 1.45009982722170
2.9266716E+02, 1.45045589258995
2.9267255E+02, 1.45081137777070
2.9267795E+02, 1.45116554459911
2.9268335E+02, 1.45151849027436
2.9268874E+02, 1.45187098688929
2.9269414E+02, 1.45222224637919
2.9269954E+02, 1.45257258633305
2.9270493E+02, 1.45292249647996
2.9271033E+02, 1.45440607179365
2.9271573E+02, 1.45475964588819
2.9272112E+02, 1.45511255550436
2.9272652E+02, 1.45546479342999
2.9273192E+02, 1.45581666607591
2.9273732E+02, 1.45616790493944
2.9274271E+02, 1.45651855655847
2.9274811E+02, 1.45686883260826
2.9275351E+02, 1.45721842345259
2.9275890E+02, 1.45756738948044
2.9276430E+02, 1.45791579486326
2.9276970E+02, 1.45826333982095
2.9277509E+02, 1.45861005137890
2.9278049E+02, 1.45895584281367
2.9278589E+02, 1.45930041172532
2.9279236E+02, 1.45971224627129
2.9279884E+02, 1.46012187968805
2.9280531E+02, 1.46052885277972
2.9281179E+02, 1.46093282804101
2.9281827E+02, 1.46133313826075
2.9282474E+02, 1.46172933210604
2.9283122E+02, 1.46212074170063
2.9283770E+02, 1.46250675429265
2.9284417E+02, 1.46288665044519
2.9285065E+02, 1.46325973363715
2.9285712E+02, 1.46362526338527
2.9286360E+02, 1.46398238530472
2.9287008E+02, 1.46433042921349
2.9287655E+02, 1.46466849495159
2.9288303E+02, 1.46499574066841
2.9288950E+02, 1.46531149880708
2.9289598E+02, 1.46561484946014
2.9290246E+02, 1.46590489833444
2.9290893E+02, 1.46702562338281
2.9291541E+02, 1.46730034652134
2.9292188E+02, 1.46756003235082
2.9292836E+02, 1.46780365514248
2.9293484E+02, 1.46803070295381
2.9294131E+02, 1.46824053642171
2.9294779E+02, 1.46843253562444
2.9295427E+02, 1.46860599182528
2.9296074E+02, 1.46876041883373
2.9296722E+02, 1.46889536429422
2.9297369E+02, 1.46901036358356
2.9298017E+02, 1.46910499761287
2.9298665E+02, 1.46917889579824
2.9299312E+02, 1.46923173873418
2.9299960E+02, 1.46926326022910
2.9300607E+02, 1.46927324902652
2.9301255E+02, 1.46926154974369
2.9301903E+02, 1.46922806266715
2.9302550E+02, 1.46917274320354
2.9303198E+02, 1.46909559989962
2.9303845E+02, 1.46899669201055
2.9304493E+02, 1.46887612622287
2.9305141E+02, 1.46873405277903
2.9305788E+02, 1.46857066120522
2.9306436E+02, 1.46838631973133
2.9307084E+02, 1.46818138614206
2.9307731E+02, 1.46795608484348
2.9308379E+02, 1.46771074876524
2.9309026E+02, 1.46744582894806
2.9309674E+02, 1.46716229212000
2.9310322E+02, 1.46686008635667
2.9310969E+02, 1.46859657173865
2.9311617E+02, 1.46821701140638
2.9312264E+02, 1.46782013377704
2.9312912E+02, 1.46740647534854
2.9313560E+02, 1.46697696780815
2.9314207E+02, 1.46653195263550
2.9314855E+02, 1.46607263139864
2.9315503E+02, 1.46559907958038
2.9316150E+02, 1.46511257280115
2.9316798E+02, 1.46461313363420
2.9317445E+02, 1.46410210028563
2.9318093E+02, 1.46357923794644
2.9318741E+02, 1.46304620294286
2.9319388E+02, 1.46250210599762
2.9320036E+02, 1.46194936486691
2.9320683E+02, 1.46138642003691
2.9321331E+02, 1.46081543818669
2.9321979E+02, 1.46023557533454
2.9322626E+02, 1.45964759074248
2.9323274E+02, 1.45905235032494
2.9323921E+02, 1.45844857047155
2.9324569E+02, 1.45783893446036
2.9325217E+02, 1.45722148075299
2.9325864E+02, 1.45659697888622
2.9326512E+02, 1.45596677999227
2.9327160E+02, 1.45532906568704
2.9327807E+02, 1.45468567659309
2.9328455E+02, 1.45403644339790
2.9329102E+02, 1.45338028058639
2.9329750E+02, 1.45271949541266
2.9330398E+02, 1.45205316570971
2.9331045E+02, 1.45661014346234
2.9331693E+02, 1.45598034284538
2.9332340E+02, 1.45534341746457
2.9332988E+02, 1.45470007175852
2.9333636E+02, 1.45405028618246
2.9334283E+02, 1.45339400182962
2.9334931E+02, 1.45273203113013
2.9335578E+02, 1.45206423534667
2.9336226E+02, 1.45139071501509
2.9336874E+02, 1.45071224054866
2.9337521E+02, 1.45002875929566
2.9338169E+02, 1.44934038615874
2.9338817E+02, 1.44864771677577
2.9339464E+02, 1.44795091565754
2.9340112E+02, 1.44724998911254
2.9340759E+02, 1.44654528332631
2.9341407E+02, 1.44583718604411
2.9342055E+02, 1.44512555097285
2.9342702E+02, 1.44441057283086
2.9343350E+02, 1.44369256049081
2.9343997E+02, 1.44297147875111
2.9344645E+02, 1.44224742959893
2.9345293E+02, 1.44152058299988
2.9345940E+02, 1.44079107521915
2.9346588E+02, 1.44005905536252
2.9347236E+02, 1.43932478142277
2.9347883E+02, 1.43858849824245
2.9348531E+02, 1.43785048523681
2.9349178E+02, 1.43711122587909
2.9349826E+02, 1.43637118563166
2.9350474E+02, 1.43563070705638
2.9351121E+02, 1.43583776657500
2.9351769E+02, 1.43513561684317
2.9352416E+02, 1.43442893772639
2.9353064E+02, 1.43371841310644
2.9353712E+02, 1.43300306525141
2.9354359E+02, 1.43228260886873
2.9355007E+02, 1.43155714347097
2.9355654E+02, 1.43082665401949
2.9356302E+02, 1.43008999699602
2.9356950E+02, 1.42934656317461
2.9357597E+02, 1.42859589575540
2.9358245E+02, 1.42783694719112
2.9358893E+02, 1.42706820439003
2.9359540E+02, 1.42628839877417
2.9360188E+02, 1.42549619279966
2.9360835E+02, 1.42469044608066
2.9361483E+02, 1.42386919587919
2.9362131E+02, 1.42303101241657
2.9362778E+02, 1.42217460325758
2.9363426E+02, 1.42129892546442
2.9364073E+02, 1.42040331277513
2.9364721E+02, 1.41948767283147
2.9365369E+02, 1.41855271997269
2.9366016E+02, 1.41759943618958
2.9366664E+02, 1.41662984381351
2.9367311E+02, 1.41564672192992
2.9367959E+02, 1.41465348418096
2.9368607E+02, 1.41365395499538
2.9369254E+02, 1.41265205950105
2.9369902E+02, 1.41165146915564
2.9370550E+02, 1.41065525030762
2.9371197E+02, 1.41068414980247
2.9371845E+02, 1.40966078354456
2.9372492E+02, 1.40863032112316
2.9373140E+02, 1.40759229930834
2.9373788E+02, 1.40654505882980
2.9374435E+02, 1.40548579939048
2.9375083E+02, 1.40441116713392
2.9375730E+02, 1.40331552488863
2.9376378E+02, 1.40219166687129
2.9377026E+02, 1.40103079241369
2.9377673E+02, 1.39984952773704
2.9378321E+02, 1.39870981133297
2.9378969E+02, 1.39759375287320
2.9379616E+02, 1.39647704638931
2.9380264E+02, 1.39535132316207
2.9380911E+02, 1.39421186876982
2.9381559E+02, 1.39305480264905
2.9382207E+02, 1.39187800524679
2.9382854E+02, 1.39068120423462
2.9383502E+02, 1.38946579584975
2.9384149E+02, 1.38823481594089
2.9384797E+02, 1.38699238458631
2.9385445E+02, 1.38574255535051
2.9386092E+02, 1.38448936787562
2.9386740E+02, 1.38323768437232
2.9387387E+02, 1.38198996922392
2.9388035E+02, 1.38074844637350
2.9388683E+02, 1.37951478405842
2.9389330E+02, 1.37829101690487
2.9389978E+02, 1.37707694978603
2.9390626E+02, 1.37587222336583
2.9391273E+02, 1.37640698472172
2.9391921E+02, 1.37513596829550
2.9392568E+02, 1.37388035143192
2.9393216E+02, 1.37264030800428
2.9393864E+02, 1.37141519669180
2.9394511E+02, 1.37020409026773
2.9395159E+02, 1.36900519202231
2.9395806E+02, 1.36781681019953
2.9396454E+02, 1.36663728697855
2.9397102E+02, 1.36546515089601
2.9397749E+02, 1.36429952629206
2.9398397E+02, 1.36313926490409
2.9399044E+02, 1.36198368662592
2.9399692E+02, 1.36083231534173
2.9400340E+02, 1.35968486228677
2.9400987E+02, 1.35854120953950
2.9401635E+02, 1.35740151412806
2.9402283E+02, 1.35626602897504
2.9402930E+02, 1.35513477889450
2.9403578E+02, 1.35400793969015
2.9404225E+02, 1.35288559996114
2.9404764E+02, 1.35195592301387
2.9405302E+02, 1.35102906335342
2.9405840E+02, 1.35010483906495
2.9406379E+02, 1.34918301217998
2.9406917E+02, 1.34826324892678
2.9407455E+02, 1.34734512147817
2.9407994E+02, 1.34642813868682
2.9408532E+02, 1.34551178010084
2.9409070E+02, 1.34459547786128
2.9409609E+02, 1.34367868435646
2.9410147E+02, 1.34276079834240
2.9410685E+02, 1.34193088382970
2.9411224E+02, 1.34101181662383
2.9411762E+02, 1.34008933747980
2.9412300E+02, 1.33916303461955
2.9412839E+02, 1.33823251716839
2.9413377E+02, 1.33729743326767
2.9413915E+02, 1.33635747036457
2.9414454E+02, 1.33541235395221
2.9414992E+02, 1.33446183343054
2.9415530E+02, 1.33350568044793
2.9416069E+02, 1.33254372640900
2.9416607E+02, 1.33157580969057
2.9417145E+02, 1.33060178766994
2.9417684E+02, 1.32962153786325
2.9418222E+02, 1.32863496130880
2.9418760E+02, 1.32764198786631
2.9419299E+02, 1.32664258235461
2.9419837E+02, 1.32563675040406
2.9420375E+02, 1.32462454281979
2.9420914E+02, 1.32360605655777
2.9421452E+02, 1.32258143111027
2.9421990E+02, 1.32155083883657
2.9422529E+02, 1.32051446830982
2.9423067E+02, 1.31947250066489
2.9423605E+02, 1.31842505634671
2.9424144E+02, 1.31737216457997
2.9424682E+02, 1.31631382550647
2.9425220E+02, 1.31524983069819
2.9425759E+02, 1.31417977519460
2.9426297E+02, 1.31310302440362
2.9426835E+02, 1.31201869029780
2.9427374E+02, 1.31092561964652
2.9427912E+02, 1.30982239736639
2.9428450E+02, 1.30870736755196
2.9428989E+02, 1.30757867467154
2.9429527E+02, 1.30643432019404
2.9430065E+02, 1.30527097143734
2.9430604E+02, 1.30486542866570
2.9431142E+02, 1.30371892534609
2.9431680E+02, 1.30256151392101
2.9432219E+02, 1.30139281782910
2.9432757E+02, 1.30021732659236
2.9433295E+02, 1.29905984325482
2.9433834E+02, 1.29790798672264
2.9434372E+02, 1.29674771470405
2.9434910E+02, 1.29557849666877
2.9435449E+02, 1.29440030245767
2.9435987E+02, 1.29321356190658
2.9436525E+02, 1.29201907013457
2.9437064E+02, 1.29081762696791
2.9437602E+02, 1.28961008201815
2.9438140E+02, 1.28839727946296
2.9438679E+02, 1.28718013037684
2.9439217E+02, 1.28595910320113
2.9439755E+02, 1.28473462696520
2.9440294E+02, 1.28350698874916
2.9440832E+02, 1.28227651442747
2.9441370E+02, 1.28104321837520
2.9441909E+02, 1.27980698060538
2.9442447E+02, 1.27856770197235
2.9442985E+02, 1.27732534781415
2.9443524E+02, 1.27607985013172
2.9444062E+02, 1.27483093865119
2.9444600E+02, 1.27357848382227
2.9445139E+02, 1.27232248280768
2.9445677E+02, 1.27106297560602
2.9446215E+02, 1.26979981085285
2.9446754E+02, 1.26853301473252
2.9447292E+02, 1.26726285895346
2.9447830E+02, 1.26598950283549
2.9448369E+02, 1.26471302353735
2.9448907E+02, 1.26343366149882
2.9449445E+02, 1.26215215011321
2.9449984E+02, 1.26086851585089
2.9450522E+02, 1.25958308939911
2.9451060E+02, 1.25929238958624
2.9451599E+02, 1.25800927852534
2.9452137E+02, 1.25672605082541
2.9452675E+02, 1.25544269198593
2.9453214E+02, 1.25415933261708
2.9453752E+02, 1.25287582065614
2.9454290E+02, 1.25159207127177
2.9454829E+02, 1.25030808722574
2.9455367E+02, 1.24902391690180
2.9455905E+02, 1.24773945241853
2.9456444E+02, 1.24645471697169
2.9456982E+02, 1.24516999162351
2.9457520E+02, 1.24388532146740
2.9458059E+02, 1.24260086776023
2.9458597E+02, 1.24131696425297
2.9459135E+02, 1.24003405594964
2.9459674E+02, 1.23875230805318
2.9460212E+02, 1.23747204083457
2.9460750E+02, 1.23619386564049
2.9461289E+02, 1.23491793756266
2.9461827E+02, 1.23364440187111
2.9462365E+02, 1.23237345799957
2.9462904E+02, 1.23110551971688
2.9463442E+02, 1.22984022165145
2.9463980E+02, 1.22857742385400
2.9464519E+02, 1.22731706714488
2.9465057E+02, 1.22605904199396
2.9465595E+02, 1.22480273052506
2.9466134E+02, 1.22354777088552
2.9466672E+02, 1.22229401968500
2.9467210E+02, 1.22104126080752
2.9467749E+02, 1.21978901828860
2.9468287E+02, 1.21853714818622
2.9468825E+02, 1.21728584422793
2.9469364E+02, 1.21603528293645
2.9469902E+02, 1.21478546567341
2.9470440E+02, 1.21353673401379
2.9470979E+02, 1.21271777780373
2.9471517E+02, 1.21146969321207
2.9472055E+02, 1.21022371058979
2.9472594E+02, 1.20897929432831
2.9473132E+02, 1.20773577925553
2.9473670E+02, 1.20649248307255
2.9474209E+02, 1.20524903261130
2.9474747E+02, 1.20400402063385
2.9475285E+02, 1.20275562302503
2.9475824E+02, 1.20150208863343
2.9476362E+02, 1.20024477335951
2.9476900E+02, 1.19900820388998
2.9477439E+02, 1.19778148981993
2.9477977E+02, 1.19655290472448
2.9478515E+02, 1.19532150145816
2.9479054E+02, 1.19408663381942
2.9479592E+02, 1.19284790438780
2.9480130E+02, 1.19160503634726
2.9480669E+02, 1.19035795037531
2.9481207E+02, 1.18910684349725
2.9481745E+02, 1.18785186454650
2.9482284E+02, 1.18659325177868
2.9482822E+02, 1.18533132431194
2.9483360E+02, 1.18406651166572
2.9483899E+02, 1.18279893463724
2.9484437E+02, 1.18152876937603
2.9484975E+02, 1.18025622957447
2.9485514E+02, 1.17898139603460
2.9486052E+02, 1.17770414020302
2.9486590E+02, 1.17642435417725
2.9487129E+02, 1.17514202294072
2.9487667E+02, 1.17385686373181
2.9488205E+02, 1.17256863180819
2.9488744E+02, 1.17127713249574
2.9489282E+02, 1.16998220697920
2.9489820E+02, 1.16868360061842
2.9490359E+02, 1.16738114112096
2.9490897E+02, 1.16825951815720
2.9491435E+02, 1.16694364864262
2.9491974E+02, 1.16562510695126
2.9492512E+02, 1.16430406489242
2.9493050E+02, 1.16298069768570
2.9493589E+02, 1.16165486256503
2.9494127E+02, 1.16032653168407
2.9494665E+02, 1.15899576110540
2.9495204E+02, 1.15766233344872
2.9495742E+02, 1.15632616556162
2.9496280E+02, 1.15498729344452
2.9496819E+02, 1.15364555668195
2.9497357E+02, 1.15230094388991
2.9497895E+02, 1.15095357716185
2.9498434E+02, 1.14960343769450
2.9498972E+02, 1.14825067279991
2.9499510E+02, 1.14689553435292
2.9500049E+02, 1.14553814244973
2.9500587E+02, 1.14417881517956
2.9501125E+02, 1.14281785578486
2.9501664E+02, 1.14145543893248
2.9502202E+02, 1.14009199311821
2.9502740E+02, 1.13872768635211
2.9503279E+02, 1.13736264797596
2.9503817E+02, 1.13599729194577
2.9504355E+02, 1.13463148770886
2.9504894E+02, 1.13326531852092
2.9505432E+02, 1.13189892063680
2.9505970E+02, 1.13053199912479
2.9506509E+02, 1.12916459760587
2.9507047E+02, 1.12779658217103
2.9507585E+02, 1.12642765006389
2.9508124E+02, 1.12505798857909
2.9508662E+02, 1.12368733046054
2.9509200E+02, 1.12231564352925
2.9509738E+02, 1.12094329653279
2.9510277E+02, 1.11957012264734
2.9510815E+02, 1.11984983082714
2.9511353E+02, 1.11846754860320
2.9511892E+02, 1.11708653855242
2.9512430E+02, 1.11570667238285
2.9512968E+02, 1.11432782106711
2.9513507E+02, 1.11295051122856
2.9514045E+02, 1.11157340723362
2.9514583E+02, 1.11019610466276
2.9515122E+02, 1.10881759296973
2.9515660E+02, 1.10743603958447
2.9516198E+02, 1.10605062075875
2.9516737E+02, 1.10465932728500
2.9517275E+02, 1.10326087252490
2.9517813E+02, 1.10185442366970
2.9518352E+02, 1.10043940233799
2.9518890E+02, 1.09907679641063
2.9519428E+02, 1.09773312807854
2.9519967E+02, 1.09638070963116
2.9520505E+02, 1.09502025080231
2.9521043E+02, 1.09365262130685
2.9521582E+02, 1.09227922304815
2.9522120E+02, 1.09090216926359
2.9522658E+02, 1.08952253051411
2.9523197E+02, 1.08814219492311
2.9523735E+02, 1.08676233729638
2.9524273E+02, 1.08538346765246
2.9524812E+02, 1.08400688245195
2.9525350E+02, 1.08263220750599
2.9525888E+02, 1.08125953318590
2.9526427E+02, 1.07988893554645
2.9526965E+02, 1.07851962693017
2.9527503E+02, 1.07715137479906
2.9528042E+02, 1.07578366753545
2.9528580E+02, 1.07441584468528
2.9529118E+02, 1.07304771766933
2.9529657E+02, 1.07167878363043
2.9530195E+02, 1.07030874607742
2.9530733E+02, 1.06935733883158
2.9531272E+02, 1.06797715610355
2.9531810E+02, 1.06659860120551
2.9532348E+02, 1.06522170748366
2.9532887E+02, 1.06384649012738
2.9533425E+02, 1.06247265312386
2.9533963E+02, 1.06110017812755
2.9534502E+02, 1.05972886337090
2.9535040E+02, 1.05835845318942
2.9535578E+02, 1.05698898529566
2.9536117E+02, 1.05562018270132
2.9536655E+02, 1.05425195668264
2.9537193E+02, 1.05288435510797
2.9537732E+02, 1.05151724451409
2.9538270E+02, 1.05015070002736
2.9538808E+02, 1.04878482282035
2.9539347E+02, 1.04741962650488
2.9539885E+02, 1.04605536049249
2.9540423E+02, 1.04469215176218
2.9540962E+02, 1.04333013518672
2.9541500E+02, 1.04196969127228
2.9542038E+02, 1.04061091212962
2.9542577E+02, 1.03925402314548
2.9543115E+02, 1.03789936198110
2.9543653E+02, 1.03654697104043
2.9544192E+02, 1.03519703556403
2.9544730E+02, 1.03384971529684
2.9545268E+02, 1.03250489387225
2.9545807E+02, 1.03116258144646
2.9546345E+02, 1.02982266428258
2.9546883E+02, 1.02848480644757
2.9547422E+02, 1.02714878521315
2.9547960E+02, 1.02581426894394
2.9548498E+02, 1.02448080138508
2.9549037E+02, 1.02314807846446
2.9549575E+02, 1.02181582716622
2.9550113E+02, 1.02048378508120
2.9550652E+02, 1.01955290275024
2.9551190E+02, 1.01822638170332
2.9551728E+02, 1.01690228151399
2.9552267E+02, 1.01558029678646
2.9552805E+02, 1.01426075800665
2.9553343E+02, 1.01294423930325
2.9553882E+02, 1.01163022788115
2.9554420E+02, 1.01031869734965
2.9554958E+02, 1.00901018922144
2.9555497E+02, 1.00770355875046
2.9556035E+02, 1.00639812546706
2.9556573E+02, 1.00509353184642
2.9557112E+02, 1.00378794791851
2.9557650E+02, 1.00247940818605
2.9558188E+02, 1.00116597270070
2.9558727E+02, 0.999853469074603
2.9559265E+02, 0.998560901450634
2.9559803E+02, 0.997274986966231
2.9560342E+02, 0.995989203243267
2.9560880E+02, 0.994703154204178
2.9561418E+02, 0.993415977762113
2.9561957E+02, 0.992126652733086
2.9562495E+02, 0.990835192825654
2.9563033E+02, 0.989541684056237
2.9563572E+02, 0.988246164265224
2.9564110E+02, 0.986948956159306
2.9564648E+02, 0.985650931266305
2.9565187E+02, 0.984352726143912
2.9565725E+02, 0.983054852389855
2.9566263E+02, 0.981758263088926
2.9566802E+02, 0.980463555036911
2.9567340E+02, 0.979171084518047
2.9567878E+02, 0.977881232952744
2.9568417E+02, 0.976594239370308
2.9568955E+02, 0.975310055468904
2.9569493E+02, 0.974028286040444
2.9570032E+02, 0.972748885678595
2.9570570E+02, 0.971749487849881
2.9571108E+02, 0.970465692135274
2.9571647E+02, 0.969184841518631
2.9572185E+02, 0.967906752354752
2.9572723E+02, 0.966631124981820
2.9573262E+02, 0.965357638335545
2.9573800E+02, 0.964085970343185
2.9574338E+02, 0.962815800571675
2.9574877E+02, 0.961546811415598
2.9575415E+02, 0.960278725820820
2.9575953E+02, 0.959011352343651
2.9576492E+02, 0.957744590041144
2.9577030E+02, 0.956478363811856
2.9577568E+02, 0.955212661454952
2.9578107E+02, 0.953947591991079
2.9578645E+02, 0.952683290797792
2.9579183E+02, 0.951419900667702
2.9579722E+02, 0.950157601029362
2.9580260E+02, 0.948896628947873
2.9580798E+02, 0.947637152478952
2.9581337E+02, 0.946379306277620
2.9581875E+02, 0.945123225375897
2.9582413E+02, 0.943869001980314
2.9582952E+02, 0.942616619192720
2.9583490E+02, 0.941365998845963
2.9584028E+02, 0.940117045778488
2.9584567E+02, 0.938869588183513
2.9585105E+02, 0.937623363244631
2.9585643E+02, 0.936378074727885
2.9586182E+02, 0.935133442581185
2.9586720E+02, 0.933889190915943
2.9587258E+02, 0.932645032501919
2.9587797E+02, 0.931400738550556
2.9588335E+02, 0.930156189238773
2.9588873E+02, 0.928911390559779
2.9589412E+02, 0.927666414991693
2.9589950E+02, 0.926421461984434
2.9590488E+02, 0.925176892721288
2.9591027E+02, 0.923982824282528
2.9591565E+02, 0.922734638670846
2.9592103E+02, 0.921488833938096
2.9592642E+02, 0.920245961856481
2.9593180E+02, 0.919006504594256
2.9593718E+02, 0.917770296660152
2.9594257E+02, 0.916537139963136
2.9594795E+02, 0.915306538002471
2.9595333E+02, 0.914077787692316
2.9595872E+02, 0.912849529289108
2.9596410E+02, 0.911620337468513
2.9596948E+02, 0.910388600660630
2.9597487E+02, 0.909152268142511
2.9598025E+02, 0.907909539047599
2.9598563E+02, 0.906659109877651
2.9599102E+02, 0.905400017376219
2.9599640E+02, 0.904130773111563
2.9600178E+02, 0.902852122666407
2.9600717E+02, 0.901566756880503
2.9601255E+02, 0.900279595908157
2.9601793E+02, 0.899073686151783
2.9602332E+02, 0.897878736807987
2.9602870E+02, 0.896670624400798
2.9603408E+02, 0.895452357588834
2.9603947E+02, 0.894227507229487
2.9604485E+02, 0.892999667357740
2.9605023E+02, 0.891770772512260
2.9605562E+02, 0.890543000616413
2.9606100E+02, 0.889317965540810
2.9606638E+02, 0.888097388218744
2.9607177E+02, 0.886880998048995
2.9607715E+02, 0.885668712262476
2.9608253E+02, 0.884460171773927
2.9608792E+02, 0.883254809662556
2.9609330E+02, 0.882051950207167
2.9609868E+02, 0.880850515851335
2.9610407E+02, 0.879649715902564
2.9610945E+02, 0.878853843366312
2.9611483E+02, 0.877630505132306
2.9612022E+02, 0.876408311662863
2.9612560E+02, 0.875187359874920
2.9613098E+02, 0.873967867727051
2.9613637E+02, 0.872750098339469
2.9614175E+02, 0.871534240795917
2.9614713E+02, 0.870320467427281
2.9615252E+02, 0.869108879858240
2.9615790E+02, 0.867899671404839
2.9616328E+02, 0.866692928305568
2.9616867E+02, 0.865488693151745
2.9617405E+02, 0.864286978556462
2.9617943E+02, 0.863087723696953
2.9618482E+02, 0.861890984222655
2.9619020E+02, 0.860696721445838
2.9619558E+02, 0.859504895353699
2.9620097E+02, 0.858315471380670
2.9620635E+02, 0.857128380662587
2.9621173E+02, 0.855943686797740
2.9621712E+02, 0.854761412229459
2.9622250E+02, 0.853581586049910
2.9622788E+02, 0.852404253966245
2.9623327E+02, 0.851229461740776
2.9623865E+02, 0.850057289113487
2.9624403E+02, 0.848887858898389
2.9624942E+02, 0.847721252802454
2.9625480E+02, 0.846557552902283
2.9626018E+02, 0.845396839103140
2.9626557E+02, 0.844239182988768
2.9627095E+02, 0.843084670556074
2.9627633E+02, 0.841933390246135
2.9628172E+02, 0.840785399072512
2.9628710E+02, 0.839640746629299
2.9629248E+02, 0.838499474272170
2.9629787E+02, 0.837361614018051
2.9630325E+02, 0.836227195275870
2.9630863E+02, 0.835053598745456
2.9631402E+02, 0.833924858868079
2.9631940E+02, 0.832798300851823
2.9632478E+02, 0.831673912930557
2.9633017E+02, 0.830551702442509
2.9633555E+02, 0.829431710833716
2.9634093E+02, 0.828314010346954
2.9634632E+02, 0.827198790428169
2.9635170E+02, 0.826086153918277
2.9635708E+02, 0.824976205515300
2.9636247E+02, 0.823869100003051
2.9636785E+02, 0.822764994091717
2.9637323E+02, 0.821664034711501
2.9637862E+02, 0.820566344823632
2.9638400E+02, 0.819472006940674
2.9638938E+02, 0.818381044634247
2.9639477E+02, 0.817293402530841
2.9640015E+02, 0.816209040491159
2.9640553E+02, 0.815127594700460
2.9641092E+02, 0.814048598032718
2.9641630E+02, 0.812971460653588
2.9642168E+02, 0.811895416335148
2.9642707E+02, 0.810819510715129
2.9643245E+02, 0.809742594303311
2.9643783E+02, 0.808663321486535
2.9644322E+02, 0.807580157088875
2.9644860E+02, 0.806491392241092
2.9645398E+02, 0.805395172320856
2.9645937E+02, 0.804289540768643
2.9646475E+02, 0.803172000826746
2.9647013E+02, 0.802040616565861
2.9647552E+02, 0.800893588153375
2.9648090E+02, 0.799801406448685
2.9648628E+02, 0.798802395910684
2.9649167E+02, 0.797818704410709
2.9649705E+02, 0.796826917215260
2.9650243E+02, 0.795828109169644
2.9650782E+02, 0.795621592728951
2.9651320E+02, 0.794603199698767
2.9651858E+02, 0.793589585466224
2.9652397E+02, 0.792580154082319
2.9652935E+02, 0.791574526430228
2.9653473E+02, 0.790572532622679
2.9654012E+02, 0.789574181556290
2.9654550E+02, 0.788579625064006
2.9655088E+02, 0.787589119595927
2.9655627E+02, 0.786602987286709
2.9656165E+02, 0.785621579300374
2.9656703E+02, 0.784645243421431
2.9657242E+02, 0.783674297407692
2.9657780E+02, 0.782709008728461
2.9658318E+02, 0.781749581122492
2.9658857E+02, 0.780796147332831
2.9659395E+02, 0.779848767589689
2.9659933E+02, 0.778907432667218
2.9660472E+02, 0.777972070564802
2.9661010E+02, 0.777042555520148
2.9661548E+02, 0.776118718515249
2.9662087E+02, 0.775200358179604
2.9662625E+02, 0.774287252268931
2.9663163E+02, 0.773379152352568
2.9663702E+02, 0.772475809771931
2.9664240E+02, 0.771576987813530
2.9664778E+02, 0.770682458147674
2.9665317E+02, 0.769792003748374
2.9665855E+02, 0.768905420398777
2.9666393E+02, 0.768022516586590
2.9666932E+02, 0.767143112438588
2.9667470E+02, 0.766267032075867
2.9668008E+02, 0.765394047245791
2.9668547E+02, 0.764524039359477
2.9669085E+02, 0.763656850478606
2.9669623E+02, 0.762792321965991
2.9670162E+02, 0.761930292893167
2.9670700E+02, 0.761277583550576
2.9671238E+02, 0.760422898349652
2.9671776E+02, 0.759570818961159
2.9672315E+02, 0.758720996185491
2.9672853E+02, 0.757873133130835
2.9673391E+02, 0.757026941976260
2.9673930E+02, 0.756182139030349
2.9674468E+02, 0.755338360645518
2.9675006E+02, 0.754495316643140
2.9675545E+02, 0.753652828351667
2.9676083E+02, 0.752810684152333
2.9676621E+02, 0.751968700100694
2.9677160E+02, 0.751126721659423
2.9677698E+02, 0.750284569665912
2.9678236E+02, 0.749441979243728
2.9678775E+02, 0.748599064477664
2.9679313E+02, 0.747755789614343
2.9679851E+02, 0.746912143081768
2.9680390E+02, 0.746068134414146
2.9680928E+02, 0.745223790809302
2.9681466E+02, 0.744378890952155
2.9682005E+02, 0.743533666842056
2.9682543E+02, 0.742688224650035
2.9683081E+02, 0.741842627457735
2.9683620E+02, 0.740996938727624
2.9684158E+02, 0.740151219703065
2.9684696E+02, 0.739305403401523
2.9685235E+02, 0.738459442134345
2.9685773E+02, 0.737613570025553
2.9686311E+02, 0.736767822803715
2.9686850E+02, 0.735922227887831
2.9687388E+02, 0.735076804497869
2.9687926E+02, 0.734231564163135
2.9688465E+02, 0.733386200785495
2.9689003E+02, 0.732540966459217
2.9689541E+02, 0.731695883475555
2.9690080E+02, 0.730850943664663
2.9690618E+02, 0.729569172478865
2.9691156E+02, 0.728718247864203
2.9691695E+02, 0.727867237087743
2.9692233E+02, 0.727016227514875
2.9692771E+02, 0.726165308006877
2.9693310E+02, 0.725314575565942
2.9693848E+02, 0.724464114875508
2.9694386E+02, 0.723614008472947
2.9694925E+02, 0.722764340244084
2.9695463E+02, 0.721915183786113
2.9696001E+02, 0.721066599185220
2.9696540E+02, 0.720218629977457
2.9697078E+02, 0.719371333991219
2.9697616E+02, 0.718524671501697
2.9698155E+02, 0.717678611973453
2.9698693E+02, 0.716833106384907
2.9699231E+02, 0.715988080728234
2.9699770E+02, 0.715143436878950
2.9700308E+02, 0.714299071411205
2.9700846E+02, 0.713454826535935
2.9701385E+02, 0.712610497812393
2.9701923E+02, 0.711765901446899
2.9702461E+02, 0.710920839773966
2.9703000E+02, 0.710075102646467
2.9703538E+02, 0.709228467545687
2.9704076E+02, 0.708380652586364
2.9704615E+02, 0.707531375153456
2.9705153E+02, 0.706680347159525
2.9705691E+02, 0.705827244436139
2.9706230E+02, 0.704971693875665
2.9706768E+02, 0.704113255855051
2.9707306E+02, 0.703251380610280
2.9707845E+02, 0.702385239813883
2.9708383E+02, 0.701514156122333
2.9708921E+02, 0.700637158755964
2.9709460E+02, 0.699783380156330
2.9709998E+02, 0.698957189518275
2.9710536E+02, 0.698139083474953
2.9711075E+02, 0.696973705011772
2.9711613E+02, 0.696125507127300
2.9712151E+02, 0.695277035183974
2.9712690E+02, 0.694427958160125
2.9713228E+02, 0.693578410956352
2.9713766E+02, 0.692728205923585
2.9714305E+02, 0.691877135304149
2.9714843E+02, 0.691024985312928
2.9715381E+02, 0.690171551758133
2.9715920E+02, 0.689316360200804
2.9716458E+02, 0.688459351953986
2.9716996E+02, 0.687600626558807
2.9717535E+02, 0.686740143895156
2.9718073E+02, 0.685877921401745
2.9718611E+02, 0.685014037453438
2.9719150E+02, 0.684148629741265
2.9719688E+02, 0.683281730089625
2.9720226E+02, 0.682413500355699
2.9720765E+02, 0.681544444187492
2.9721303E+02, 0.680674858234221
2.9721841E+02, 0.679805051014225
2.9722380E+02, 0.678935329744644
2.9722918E+02, 0.678065987868524
2.9723456E+02, 0.677197293769700
2.9723995E+02, 0.676329196003938
2.9724533E+02, 0.675462059319835
2.9725071E+02, 0.674596097219587
2.9725610E+02, 0.673731399715852
2.9726148E+02, 0.672868007804829
2.9726686E+02, 0.672005915743990
2.9727225E+02, 0.671145075422903
2.9727763E+02, 0.670285226927059
2.9728301E+02, 0.669426182179648
2.9728840E+02, 0.668568024835435
2.9729378E+02, 0.667710616768755
2.9729916E+02, 0.666853819105203
2.9730455E+02, 0.665997501409861
2.9730993E+02, 0.664615524303880
2.9731531E+02, 0.663768677952553
2.9732070E+02, 0.662923530444230
2.9732608E+02, 0.662080120229365
2.9733146E+02, 0.661238431755593
2.9733685E+02, 0.660398393466248
2.9734223E+02, 0.659560040840617
2.9734761E+02, 0.658723381008654
2.9735300E+02, 0.657888435443490
2.9735838E+02, 0.657055241842138
2.9736376E+02, 0.656223853514409
2.9736915E+02, 0.655394291880542
2.9737453E+02, 0.654566674159813
2.9737991E+02, 0.653741100297414
2.9738530E+02, 0.652917681353505
2.9739068E+02, 0.652096537398797
2.9739606E+02, 0.651277795996788
2.9740145E+02, 0.650461578254167
2.9740683E+02, 0.649648010869394
2.9741221E+02, 0.648837227658620
2.9741760E+02, 0.648029361017699
2.9742298E+02, 0.647224543462237
2.9742836E+02, 0.646422950146751
2.9743375E+02, 0.645624628232601
2.9743913E+02, 0.644829690934474
2.9744451E+02, 0.644038245324421
2.9744990E+02, 0.643250413551321
2.9745528E+02, 0.642466358367996
2.9746066E+02, 0.641686054174378
2.9746605E+02, 0.640909578933086
2.9747143E+02, 0.640137010281988
2.9747681E+02, 0.639368536580525
2.9748220E+02, 0.638604140829694
2.9748758E+02, 0.637843828977827
2.9749296E+02, 0.637087671033561
2.9749835E+02, 0.636335849297695
2.9750373E+02, 0.635588411521981
2.9750911E+02, 0.634677005745633
2.9751450E+02, 0.633936044738858
2.9751899E+02, 0.633320943866285
2.9752348E+02, 0.632709076050764
2.9752798E+02, 0.632100319553901
2.9753247E+02, 0.631494950841587
2.9753696E+02, 0.630892875682219
2.9754146E+02, 0.630294184640279
2.9754595E+02, 0.629699113608868
2.9755045E+02, 0.629107505808830
2.9755494E+02, 0.628519731282072
2.9755943E+02, 0.627935689567646
2.9756393E+02, 0.627355566525154
2.9756842E+02, 0.626779569196857
2.9757291E+02, 0.626207585346057
2.9757741E+02, 0.625640155966158
2.9758190E+02, 0.625076985822039
2.9758639E+02, 0.624518538511346
2.9759089E+02, 0.623964742052576
2.9759538E+02, 0.623415836161021
2.9759987E+02, 0.622871961539868
2.9760437E+02, 0.622333143435739
2.9760886E+02, 0.621799697882656
2.9761336E+02, 0.621271471237067
2.9761785E+02, 0.620748892936261
2.9762234E+02, 0.620231688892809
2.9762684E+02, 0.619720323482848
2.9763133E+02, 0.619214476939552
2.9763582E+02, 0.618714564451936
2.9764032E+02, 0.618220299069570
2.9764481E+02, 0.617731972441507
2.9764930E+02, 0.617249396164471
2.9765380E+02, 0.616772693036784
2.9765829E+02, 0.616301805883838
2.9766278E+02, 0.615836695225322
2.9766728E+02, 0.615377412678962
2.9767177E+02, 0.614923834620030
2.9767627E+02, 0.614476020749411
2.9768076E+02, 0.614033932563036
2.9768525E+02, 0.613597442738017
2.9768975E+02, 0.613166870185423
2.9769424E+02, 0.612741597080036
2.9769873E+02, 0.612322389477056
2.9770323E+02, 0.611908595669521
2.9770772E+02, 0.611345403978576
2.9771221E+02, 0.610958003432776
2.9771671E+02, 0.610576750691793
2.9772120E+02, 0.610201454936111
2.9772569E+02, 0.609832782376418
2.9773019E+02, 0.609470232384956
2.9773468E+02, 0.609114003986575
2.9773918E+02, 0.608764417389566
2.9774367E+02, 0.608421245903227
2.9774816E+02, 0.608084692263510
2.9775190E+02, 0.607810062892877
2.9775564E+02, 0.607540056303143
2.9775937E+02, 0.607274703088376
2.9776311E+02, 0.607014249305158
2.9776684E+02, 0.606758631359600
2.9777058E+02, 0.606507769009861
2.9777432E+02, 0.606261644268122
2.9777805E+02, 0.606020551343976
2.9778179E+02, 0.605784332683667
2.9778553E+02, 0.605552841554101
2.9778926E+02, 0.605326006463588
2.9779300E+02, 0.605104011122125
2.9779748E+02, 0.604844074223178
2.9780197E+02, 0.604590568432957
2.9780645E+02, 0.604343258448291
2.9781093E+02, 0.604102337060029
2.9781542E+02, 0.603867869271330
2.9781990E+02, 0.603639008683936
2.9782438E+02, 0.603415448211180
2.9782887E+02, 0.603196895454333
2.9783335E+02, 0.602984458934570
2.9783783E+02, 0.602776532580702
2.9784232E+02, 0.602572771852140
2.9784680E+02, 0.602372832796531
2.9785128E+02, 0.602176596173150
2.9785577E+02, 0.601985146050769
2.9786025E+02, 0.601796667009613
2.9786474E+02, 0.601610828017279
2.9786922E+02, 0.601427307577158
2.9787370E+02, 0.601245794377738
2.9787819E+02, 0.601067596422859
2.9788267E+02, 0.600891461861982
2.9788715E+02, 0.600716578138448
2.9789164E+02, 0.600542669162390
2.9789612E+02, 0.600369470352819
2.9790060E+02, 0.600195683474741
2.9790509E+02, 0.595965712682415
2.9790957E+02, 0.595779178444597
2.9791405E+02, 0.595594410145830
2.9791854E+02, 0.595411444892272
2.9792302E+02, 0.595230302909545
2.9792751E+02, 0.595050366352677
2.9793199E+02, 0.594871985855517
2.9793647E+02, 0.594695288434938
2.9794096E+02, 0.594520278182495
2.9794544E+02, 0.594346957476189
2.9794992E+02, 0.594175161948858
2.9795441E+02, 0.594003871628531
2.9795889E+02, 0.593834072297321
2.9796337E+02, 0.593665757265359
2.9796786E+02, 0.593498918983365
2.9797234E+02, 0.593333550023599
2.9797607E+02, 0.593197272544291
2.9797979E+02, 0.593060529190627
2.9798351E+02, 0.592924688107193
2.9798724E+02, 0.592789733595258
2.9799096E+02, 0.592655654086260
2.9799469E+02, 0.592522442440686
2.9799841E+02, 0.592390093907942
2.9800214E+02, 0.592258604780604
2.9800586E+02, 0.592127006041930
2.9800959E+02, 0.591995338207660
2.9801331E+02, 0.591864428127120
2.9801704E+02, 0.591734276503286
2.9802076E+02, 0.591604883558083
2.9802448E+02, 0.591476249653473
2.9802821E+02, 0.591348374511703
2.9803193E+02, 0.591221257407577
2.9803566E+02, 0.591093216490366
2.9803938E+02, 0.590965474057441
2.9804311E+02, 0.590838423463648
2.9804683E+02, 0.590712067453953
2.9805056E+02, 0.590586408948148
2.9805428E+02, 0.590461450226648
2.9805801E+02, 0.590337193251770
2.9806173E+02, 0.590213639599482
2.9806545E+02, 0.590088871013305
2.9806918E+02, 0.589964467468260
2.9807290E+02, 0.589840737152015
2.9807663E+02, 0.589717685209284
2.9808035E+02, 0.589595316262474
2.9808408E+02, 0.589473634471504
2.9808780E+02, 0.589352643555949
2.9809153E+02, 0.589232346949241
2.9809525E+02, 0.589111162387421
2.9809898E+02, 0.588989989759906
2.9810270E+02, 0.588869514057624
2.9810642E+02, 0.585790895340548
2.9811015E+02, 0.585674331018976
2.9811387E+02, 0.585558914134696
2.9811760E+02, 0.585444480978848
2.9812132E+02, 0.585330939080682
2.9812505E+02, 0.585218227516122
2.9812877E+02, 0.585105958302852
2.9813250E+02, 0.584994313464575
2.9813622E+02, 0.584883340821368
2.9813994E+02, 0.584773004836604
2.9814367E+02, 0.584663271497244
2.9814739E+02, 0.584554108131982
2.9815112E+02, 0.584445483356523
2.9815484E+02, 0.584337366934085
2.9815857E+02, 0.584229729695953
2.9816229E+02, 0.584122156060444
2.9816602E+02, 0.584014799959077
2.9816974E+02, 0.583907820237071
2.9817347E+02, 0.583801193162799
2.9817793E+02, 0.583673677749253
2.9818240E+02, 0.583546612816749
2.9818687E+02, 0.583419962938398
2.9819134E+02, 0.583293691651911
2.9819581E+02, 0.583167595717626
2.9820028E+02, 0.583041168719400
2.9820475E+02, 0.582915024491745
2.9820922E+02, 0.582789148668762
2.9821369E+02, 0.582663531489934
2.9821816E+02, 0.582538168081090
2.9822263E+02, 0.582413058742531
2.9822710E+02, 0.582288209174379
2.9823157E+02, 0.582163413486554
2.9823604E+02, 0.582038231505387
2.9824051E+02, 0.581913357937793
2.9824498E+02, 0.581788825256992
2.9824945E+02, 0.581664672625324
2.9825392E+02, 0.581540946053348
2.9825838E+02, 0.581417698645161
2.9826285E+02, 0.581294990676499
2.9826732E+02, 0.581172735719125
2.9827179E+02, 0.581050421218892
2.9827626E+02, 0.580928880965699
2.9828073E+02, 0.580808206921990
2.9828520E+02, 0.580688498380258
2.9828967E+02, 0.580569861891086
2.9829414E+02, 0.580452411154853
2.9829861E+02, 0.580336266816409
2.9830308E+02, 0.580221556308754
2.9830755E+02, 0.578456884872424
2.9831202E+02, 0.578340254782163
2.9831649E+02, 0.578225349082310
2.9832096E+02, 0.578112178510820
2.9832543E+02, 0.578001043089142
2.9832990E+02, 0.577892200116480
2.9833436E+02, 0.577785832978946
2.9833883E+02, 0.577682127273032
2.9834330E+02, 0.577581270328928
2.9834777E+02, 0.577483450600741
2.9835224E+02, 0.577388857125292
2.9835671E+02, 0.577297678846085
2.9836118E+02, 0.577210103936478
2.9836565E+02, 0.577126144179173
2.9837101E+02, 0.577030585304614
2.9837638E+02, 0.576941078736009
2.9838174E+02, 0.576857943779363
2.9838710E+02, 0.576781471272980
2.9839247E+02, 0.576711939174697
2.9839783E+02, 0.576649613826977
2.9840319E+02, 0.576594747821333
2.9840856E+02, 0.576547577736094
2.9841392E+02, 0.576508322251769
2.9841928E+02, 0.576477180433255
2.9842465E+02, 0.576454330342152
2.9843001E+02, 0.576439927675220
2.9843537E+02, 0.576434104661608
2.9844074E+02, 0.576436969099665
2.9844610E+02, 0.576448603606342
2.9845146E+02, 0.576469064940759
2.9845683E+02, 0.576498383634817
2.9846219E+02, 0.576536563630882
2.9846755E+02, 0.576583582253056
2.9847292E+02, 0.576639390248628
2.9847828E+02, 0.576703911987103
2.9848364E+02, 0.576777045917471
2.9848901E+02, 0.576858665066385
2.9849437E+02, 0.576948617710696
2.9849973E+02, 0.577046728252078
2.9850510E+02, 0.577152798173155
2.9851046E+02, 0.575092725576913
2.9851582E+02, 0.575205808885180
2.9852119E+02, 0.575325828600762
2.9852655E+02, 0.575452671161099
2.9853191E+02, 0.575586026482032
2.9853728E+02, 0.575725572016112
2.9854264E+02, 0.575870973909409
2.9854800E+02, 0.576021886852295
2.9855337E+02, 0.576177955361740
2.9855873E+02, 0.576338338366257
2.9856409E+02, 0.576503035862865
2.9856946E+02, 0.576671719563549
2.9857482E+02, 0.576844016409295
2.9858018E+02, 0.577019554285341
2.9858555E+02, 0.577197943256880
2.9859091E+02, 0.577378162110897
2.9859627E+02, 0.577560480541243
2.9860164E+02, 0.577744555655449
2.9860700E+02, 0.577930055573857
2.9861236E+02, 0.578116661140716
2.9861773E+02, 0.578303604255328
2.9862309E+02, 0.578490719376563
2.9862845E+02, 0.578678052169216
2.9863382E+02, 0.578865356474331
2.9863918E+02, 0.579052405633643
2.9864454E+02, 0.579238799332031
2.9864991E+02, 0.579423952224678
2.9865527E+02, 0.579608299653195
2.9866063E+02, 0.579791708166556
2.9866600E+02, 0.579974066773535
2.9867136E+02, 0.580155287187978
2.9867672E+02, 0.580334743272403
2.9868209E+02, 0.580512826572312
2.9868745E+02, 0.580689674840113
2.9869281E+02, 0.580865295103401
2.9869818E+02, 0.581039715600506
2.9870354E+02, 0.581212920568872
2.9870890E+02, 0.579430131229659
2.9871427E+02, 0.579602200246316
2.9871963E+02, 0.579773440339990
2.9872499E+02, 0.579944044950549
2.9873036E+02, 0.580114148523952
2.9873572E+02, 0.580283639075612
2.9874108E+02, 0.580452735864776
2.9874645E+02, 0.580621855014924
2.9875181E+02, 0.580791190292492
2.9875717E+02, 0.580960946014469
2.9876254E+02, 0.581131335753177
2.9876790E+02, 0.581302366529663
2.9877326E+02, 0.581474384181828
2.9877863E+02, 0.581647751894170
2.9878399E+02, 0.581822707588447
2.9878935E+02, 0.581999491768876
2.9879472E+02, 0.582178346465082
2.9880008E+02, 0.582359352454790
2.9880544E+02, 0.582542928577457
2.9881081E+02, 0.582729330211792
2.9881617E+02, 0.582918792757879
2.9882153E+02, 0.583111547680436
2.9882690E+02, 0.583307809323020
2.9883226E+02, 0.583507825610155
2.9883762E+02, 0.583711824603727
2.9884299E+02, 0.583920011556100
2.9884835E+02, 0.584132584371364
2.9885371E+02, 0.584349834458484
2.9886015E+02, 0.584616870033148
2.9886658E+02, 0.584891100454040
2.9887302E+02, 0.585172807845149
2.9887946E+02, 0.585462566091376
2.9888589E+02, 0.585760306431956
2.9889233E+02, 0.586066205323996
2.9889876E+02, 0.586380758952369
2.9890520E+02, 0.586704035347546
2.9891164E+02, 0.585886434753397
2.9891807E+02, 0.586219004575538
2.9892451E+02, 0.586559987847678
2.9893094E+02, 0.586910281375391
2.9893738E+02, 0.587269897818683
2.9894382E+02, 0.587638402103170
2.9895025E+02, 0.588016574654669
2.9895669E+02, 0.588403998270020
2.9896312E+02, 0.588800728673907
2.9896956E+02, 0.589207297954959
2.9897600E+02, 0.589622607773569
2.9898243E+02, 0.590047803166573
2.9898887E+02, 0.590482045255437
2.9899530E+02, 0.590925692314127
2.9900174E+02, 0.591378659572587
2.9900818E+02, 0.591840515127092
2.9901461E+02, 0.592311873106500
2.9902105E+02, 0.592791617933461
2.9902748E+02, 0.593280944665159
2.9903392E+02, 0.593778217428531
2.9904036E+02, 0.594285022644495
2.9904679E+02, 0.594799465395713
2.9905323E+02, 0.595323222289209
2.9905966E+02, 0.595854535650098
2.9906610E+02, 0.596394722611546
2.9907254E+02, 0.596942723841301
2.9907897E+02, 0.597498869474662
2.9908541E+02, 0.598063541621847
2.9909184E+02, 0.598635259659025
2.9909828E+02, 0.599216720616017
2.9910472E+02, 0.599807209294690
2.9911115E+02, 0.598238179888183
2.9911759E+02, 0.598844913118310
2.9912402E+02, 0.599460079681810
2.9913046E+02, 0.600082934254736
2.9913690E+02, 0.600710891036134
2.9914333E+02, 0.601345487966202
2.9914977E+02, 0.601986996140232
2.9915620E+02, 0.602635262548047
2.9916264E+02, 0.603290186141140
2.9916908E+02, 0.603951128642463
2.9917551E+02, 0.604618060436067
2.9918195E+02, 0.605290811717851
2.9918838E+02, 0.605968490817214
2.9919482E+02, 0.606651024281654
2.9920126E+02, 0.607338174197984
2.9920769E+02, 0.608028904025301
2.9921413E+02, 0.608722794062106
2.9922056E+02, 0.609419699500337
2.9922700E+02, 0.610118695796071
2.9923344E+02, 0.610818673982953
2.9923987E+02, 0.611519868158963
2.9924631E+02, 0.612221676061694
2.9925274E+02, 0.612922294408179
2.9925918E+02, 0.613622381030552
2.9926562E+02, 0.614321516848483
2.9927205E+02, 0.615018386971100
2.9927849E+02, 0.615712993952171
2.9928492E+02, 0.616405575966142
2.9929136E+02, 0.617095338140189
2.9929780E+02, 0.617781707618709
2.9930423E+02, 0.618465547328969
2.9931067E+02, 0.617763187184623
2.9931710E+02, 0.618430578762639
2.9932235E+02, 0.618971643748646
2.9932759E+02, 0.619510428942157
2.9933283E+02, 0.620046978616303
2.9933808E+02, 0.620581243338906
2.9934332E+02, 0.621113440335999
2.9934856E+02, 0.621643406447746
2.9935381E+02, 0.622171561165926
2.9935905E+02, 0.622697605291261
2.9936429E+02, 0.623222130516374
2.9936954E+02, 0.623744749228742
2.9937478E+02, 0.624266125971376
2.9938003E+02, 0.624785922955850
2.9938527E+02, 0.625304752067201
2.9939051E+02, 0.625822368445982
2.9939576E+02, 0.626339324565448
2.9940100E+02, 0.626855470548249
2.9940624E+02, 0.627371295821795
2.9941149E+02, 0.627886746260721
2.9941673E+02, 0.628402246265188
2.9942197E+02, 0.628917837495320
2.9942722E+02, 0.629433877904129
2.9943246E+02, 0.629950503385341
2.9943770E+02, 0.630468004748937
2.9944295E+02, 0.630986608245135
2.9944819E+02, 0.631506539060306
2.9945343E+02, 0.632028104963982
2.9945868E+02, 0.632551471950960
2.9946392E+02, 0.633077012385004
2.9946917E+02, 0.633604848451301
2.9947441E+02, 0.634135387679825
2.9947965E+02, 0.634668738256478
2.9948490E+02, 0.635205295652081
2.9949014E+02, 0.635745204586980
2.9949538E+02, 0.636288783222464
2.9950063E+02, 0.636836273303097
2.9950587E+02, 0.637001400082274
2.9951111E+02, 0.637545146204114
2.9951636E+02, 0.638093660733837
2.9952160E+02, 0.638647035300342
2.9952684E+02, 0.639205749133978
2.9953209E+02, 0.639769636081448
2.9953733E+02, 0.640339186862304
2.9954257E+02, 0.640914341553659
2.9954782E+02, 0.641495361213609
2.9955306E+02, 0.642082307947344
2.9955830E+02, 0.642675317779334
2.9956355E+02, 0.643274459020124
2.9956879E+02, 0.643879855290727
2.9957404E+02, 0.644491543736501
2.9957928E+02, 0.645109539149089
2.9958452E+02, 0.645734013952956
2.9958977E+02, 0.646364809826210
2.9959501E+02, 0.647002070666556
2.9960025E+02, 0.647645780006622
2.9960550E+02, 0.648295738411789
2.9961074E+02, 0.648952177545716
2.9961598E+02, 0.649614864581280
2.9962123E+02, 0.650283588340058
2.9962647E+02, 0.650958573653198
2.9963171E+02, 0.651639474870339
2.9963696E+02, 0.652326030982582
2.9964220E+02, 0.653018343377126
2.9964744E+02, 0.653716120871071
2.9965269E+02, 0.654418985990548
2.9965793E+02, 0.655126823451494
2.9966318E+02, 0.655839554640390
2.9966842E+02, 0.656556634387373
2.9967366E+02, 0.657277775138834
2.9967891E+02, 0.658002972203127
2.9968415E+02, 0.658731739961518
2.9968939E+02, 0.659463702438112
2.9969464E+02, 0.660198586786127
2.9969988E+02, 0.660936362672419
2.9970512E+02, 0.661676502831933
2.9971037E+02, 0.662020970275642
2.9971561E+02, 0.662758345638081
2.9972085E+02, 0.663498483926706
2.9972610E+02, 0.664241206612731
2.9973134E+02, 0.664986153845330
2.9973658E+02, 0.665733450237555
2.9974183E+02, 0.666483023395898
2.9974707E+02, 0.667234801350839
2.9975231E+02, 0.667988485317861
2.9975756E+02, 0.668744309472455
2.9976280E+02, 0.669502280331444
2.9976805E+02, 0.670262413014750
2.9977329E+02, 0.671024485946379
2.9977853E+02, 0.671788771303261
2.9978378E+02, 0.672555379613720
2.9978902E+02, 0.673324376064460
2.9979426E+02, 0.674095609963678
2.9979951E+02, 0.674869181073614
2.9980475E+02, 0.675645288898168
2.9980999E+02, 0.676423945330591
2.9981524E+02, 0.677205085917917
2.9982048E+02, 0.677988225697095
2.9982572E+02, 0.678773699983942
2.9983097E+02, 0.679561362904572
2.9983621E+02, 0.680351026831866
2.9984145E+02, 0.681142164866264
2.9984670E+02, 0.681934301001857
2.9985194E+02, 0.682727542568337
2.9985719E+02, 0.683521578100987
2.9986243E+02, 0.684316106215717
2.9986767E+02, 0.685110232574129
2.9987292E+02, 0.685903790684791
2.9987816E+02, 0.686697086498613
2.9988340E+02, 0.687490099353290
2.9988865E+02, 0.688282947722068
2.9989389E+02, 0.689074859765369
2.9989913E+02, 0.689866950189771
2.9990438E+02, 0.690660316792894
2.9990962E+02, 0.691193908618000
2.9991486E+02, 0.691992394548934
2.9992011E+02, 0.692792180008893
2.9992535E+02, 0.693594159042525
2.9993059E+02, 0.694399534768209
2.9993584E+02, 0.695209686827964
2.9994108E+02, 0.696025880088108
2.9994632E+02, 0.696850854792285
2.9995157E+02, 0.697686905898050
2.9995681E+02, 0.698536585819023
2.9996206E+02, 0.699398257393264
2.9996730E+02, 0.700253927748934
2.9997254E+02, 0.701037032139830
2.9997779E+02, 0.701816638253912
2.9998303E+02, 0.702594481100849
2.9998827E+02, 0.703372171664916
2.9999352E+02, 0.704151218831555
2.9999876E+02, 0.704932636887060
3.0000400E+02, 0.705716960274537
3.0000925E+02, 0.706504763856433
3.0001449E+02, 0.707296360075348
3.0001973E+02, 0.708091541022558
3.0002498E+02, 0.708890150957387
3.0003022E+02, 0.709691968923757
3.0003546E+02, 0.710496541040639
3.0004071E+02, 0.711303304552359
3.0004507E+02, 0.711975317485326
3.0004944E+02, 0.712648104358185
3.0005380E+02, 0.713321604677591
3.0005817E+02, 0.713994238243977
3.0006253E+02, 0.714666543019254
3.0006689E+02, 0.715338633831942
3.0007126E+02, 0.716009006012873
3.0007562E+02, 0.716678221087123
3.0007999E+02, 0.717346591328649
3.0008435E+02, 0.718012729623418
3.0008872E+02, 0.718677281200327
3.0009308E+02, 0.719340703728485
3.0009744E+02, 0.720001735850310
3.0010181E+02, 0.720661221068132
3.0010617E+02, 0.720250910573481
3.0011054E+02, 0.720928595968480
3.0011490E+02, 0.721605298775506
3.0011927E+02, 0.722281059980960
3.0012363E+02, 0.722955878606753
3.0012799E+02, 0.723630042386923
3.0013236E+02, 0.724303740337121
3.0013672E+02, 0.724977012111790
3.0014109E+02, 0.725650201521464
3.0014545E+02, 0.726323531213324
3.0014982E+02, 0.726997052864203
3.0015418E+02, 0.727671106805182
3.0015854E+02, 0.728345927477941
3.0016291E+02, 0.729021575988004
3.0016727E+02, 0.729698354864003
3.0017164E+02, 0.730376494617091
3.0017600E+02, 0.731056060190126
3.0018037E+02, 0.731737291452769
3.0018473E+02, 0.732420409975204
3.0018909E+02, 0.733105488043792
3.0019346E+02, 0.733792694017742
3.0019782E+02, 0.734482235903180
3.0020219E+02, 0.735174196306771
3.0020655E+02, 0.735868672561984
3.0021092E+02, 0.736565867664544
3.0021528E+02, 0.737265871555986
3.0021964E+02, 0.737968749107326
3.0022401E+02, 0.738674686561503
3.0022837E+02, 0.739383773154570
3.0023274E+02, 0.740096102541967
3.0023710E+02, 0.740811822875178
3.0024147E+02, 0.741531034239760
3.0024583E+02, 0.742253826940310
3.0025019E+02, 0.742980386751766
3.0025456E+02, 0.743710793557166
3.0025892E+02, 0.744445141252152
3.0026329E+02, 0.745183559500324
3.0026765E+02, 0.745926254154568
3.0027202E+02, 0.746673248173255
3.0027638E+02, 0.747424634822863
3.0028074E+02, 0.748180558606386
3.0028511E+02, 0.748941224246995
3.0028947E+02, 0.749706600293364
3.0029384E+02, 0.750476762155609
3.0029820E+02, 0.751251778711272
3.0030257E+02, 0.752031945178055
3.0030693E+02, 0.750677452799594
3.0031129E+02, 0.751467050132361
3.0031566E+02, 0.752261963032604
3.0032002E+02, 0.753062350962114
3.0032439E+02, 0.753868224614442
3.0032875E+02, 0.754679617297340
3.0033312E+02, 0.755496555297696
3.0033748E+02, 0.756319052241627
3.0034184E+02, 0.757147189220155
3.0034621E+02, 0.757980947216735
3.0035057E+02, 0.758820252854070
3.0035494E+02, 0.759665062473582
3.0035930E+02, 0.760515319477791
3.0036367E+02, 0.761370954888323
3.0036803E+02, 0.762231906459293
3.0037239E+02, 0.763098164254017
3.0037676E+02, 0.763969533184772
3.0038112E+02, 0.764845904061527
3.0038549E+02, 0.765727163835129
3.0038985E+02, 0.766613198081502
3.0039422E+02, 0.767503893432890
3.0039858E+02, 0.768399140064167
3.0040294E+02, 0.769298834743725
3.0040731E+02, 0.770202919997481
3.0041167E+02, 0.771111302407427
3.0041604E+02, 0.772023883088729
3.0042040E+02, 0.772940606159920
3.0042477E+02, 0.773861430277480
3.0042913E+02, 0.774786328261399
3.0043349E+02, 0.775715285824829
3.0043786E+02, 0.776648299466223
3.0044222E+02, 0.777585373449847
3.0044659E+02, 0.778526515701069
3.0045095E+02, 0.779471732946496
3.0045532E+02, 0.780421025627817
3.0045968E+02, 0.781374381902202
3.0046405E+02, 0.782331771593605
3.0046841E+02, 0.783293141516132
3.0047277E+02, 0.784258409133206
3.0047714E+02, 0.785227460664570
3.0048150E+02, 0.786200140014205
3.0048587E+02, 0.787176259518597
3.0049023E+02, 0.788155593854956
3.0049460E+02, 0.789137887519873
3.0049896E+02, 0.790122862779175
3.0050332E+02, 0.791110228848951
3.0050769E+02, 0.789258492027056
3.0051205E+02, 0.790249833225114
3.0051642E+02, 0.791243843552772
3.0052078E+02, 0.792240415082457
3.0052515E+02, 0.793239590656219
3.0052951E+02, 0.794241527405195
3.0053387E+02, 0.795246510525643
3.0053824E+02, 0.796254975078646
3.0054260E+02, 0.797267523705650
3.0054697E+02, 0.798284920775455
3.0055133E+02, 0.799308091952372
3.0055570E+02, 0.800333117121368
3.0056006E+02, 0.801349446583965
3.0056442E+02, 0.802367157295194
3.0056879E+02, 0.803386829485093
3.0057315E+02, 0.804409009049167
3.0057752E+02, 0.805434191643195
3.0058188E+02, 0.806462809777447
3.0058625E+02, 0.807495223662965
3.0059061E+02, 0.808531715290705
3.0059497E+02, 0.809572485429041
3.0059934E+02, 0.810617655329967
3.0060370E+02, 0.811667270990467
3.0060807E+02, 0.812721310067279
3.0061243E+02, 0.813779691309207
3.0061680E+02, 0.814842286297686
3.0062116E+02, 0.815908932110771
3.0062552E+02, 0.816979444304117
3.0062989E+02, 0.818053629611593
3.0063425E+02, 0.819131299419959
3.0063862E+02, 0.820212279830772
3.0064298E+02, 0.821296429389260
3.0064735E+02, 0.822383636466493
3.0065171E+02, 0.823473791148281
3.0065607E+02, 0.824566851891741
3.0066044E+02, 0.825662816512450
3.0066480E+02, 0.826761720768843
3.0066917E+02, 0.827863635191823
3.0067353E+02, 0.828968660310192
3.0067790E+02, 0.830076920834793
3.0068226E+02, 0.831188558847923
3.0068662E+02, 0.832303732189319
3.0069099E+02, 0.833422599740206
3.0069535E+02, 0.834545282987692
3.0069972E+02, 0.835671915356144
3.0070408E+02, 0.836802612253289
3.0070845E+02, 0.835414510587141
3.0071281E+02, 0.836546461192080
3.0071717E+02, 0.837681322717912
3.0072154E+02, 0.838819153124233
3.0072590E+02, 0.839960041335557
3.0073027E+02, 0.841104091240452
3.0073463E+02, 0.842251414390159
3.0073900E+02, 0.843402058555051
3.0074336E+02, 0.844556168911316
3.0074772E+02, 0.845713861690611
3.0075209E+02, 0.846875225821061
3.0075645E+02, 0.848040333713136
3.0076082E+02, 0.849209237061369
3.0076518E+02, 0.850381906734033
3.0076955E+02, 0.851558337397523
3.0077391E+02, 0.852738543627071
3.0077827E+02, 0.853922474669425
3.0078264E+02, 0.855110053912432
3.0078700E+02, 0.856301167786375
3.0079137E+02, 0.857495538803654
3.0079573E+02, 0.858693134688396
3.0080010E+02, 0.859893790181019
3.0080446E+02, 0.861097328576644
3.0080882E+02, 0.862303548837966
3.0081319E+02, 0.863512038081950
3.0081755E+02, 0.864722801968793
3.0082192E+02, 0.865935675433609
3.0082628E+02, 0.867150514204768
3.0083065E+02, 0.868367086691488
3.0083501E+02, 0.869585178443622
3.0083937E+02, 0.870804932734479
3.0084374E+02, 0.872026348925009
3.0084810E+02, 0.873249471991667
3.0085247E+02, 0.874474087785701
3.0085683E+02, 0.875700523258299
3.0086120E+02, 0.876929014164920
3.0086556E+02, 0.878159757958917
3.0086992E+02, 0.879392818030087
3.0087429E+02, 0.880628336968913
3.0087865E+02, 0.881866699058818
3.0088302E+02, 0.883108052074759
3.0088738E+02, 0.884352402950030
3.0089175E+02, 0.885599546397119
3.0089611E+02, 0.886849520839917
3.0090047E+02, 0.888101974479752
3.0090484E+02, 0.887807814385389
3.0090920E+02, 0.889053981084796
3.0091357E+02, 0.890301405465972
3.0091793E+02, 0.891549492852885
3.0092230E+02, 0.892799087137735
3.0092666E+02, 0.894050397726718
3.0093102E+02, 0.895303583030678
3.0093539E+02, 0.896557932851597
3.0093975E+02, 0.897814124859507
3.0094412E+02, 0.899071859900495
3.0094848E+02, 0.900329150972448
3.0095285E+02, 0.901583906404206
3.0095721E+02, 0.902841425831442
3.0096157E+02, 0.904101731959458
3.0096594E+02, 0.905364376017848
3.0097030E+02, 0.906628354380575
3.0097467E+02, 0.907894046424424
3.0097903E+02, 0.909160998492014
3.0098340E+02, 0.910428221645557
3.0098776E+02, 0.911695184183370
3.0099212E+02, 0.912962158155201
3.0099649E+02, 0.914228917559519
3.0100085E+02, 0.915494580424546
3.0100522E+02, 0.916759558138932
3.0100958E+02, 0.918024236006326
3.0101395E+02, 0.919288789444910
3.0101831E+02, 0.920552575023189
3.0102267E+02, 0.921816686217306
3.0102704E+02, 0.923081518437744
3.0103140E+02, 0.924347287381423
3.0103577E+02, 0.925613670811164
3.0104013E+02, 0.926881709269863
3.0104450E+02, 0.928151674741655
3.0104886E+02, 0.929423398838556
3.0105323E+02, 0.930696819360964
3.0105759E+02, 0.931972542801912
3.0106195E+02, 0.933250598966309
3.0106632E+02, 0.934530128229233
3.0107068E+02, 0.935811530487605
3.0107505E+02, 0.937094887640836
3.0107941E+02, 0.938379761403290
3.0108378E+02, 0.939665275987179
3.0108814E+02, 0.940952064522121
3.0109250E+02, 0.942239937963759
3.0109687E+02, 0.943527767991694
3.0110123E+02, 0.944815933684783
3.0110560E+02, 0.944285387342745
3.0110996E+02, 0.945564737373705
3.0111433E+02, 0.946844543062736
3.0111869E+02, 0.948125009270459
3.0112305E+02, 0.949406118485200
3.0112742E+02, 0.950687782104974
3.0113178E+02, 0.951970436774779
3.0113615E+02, 0.953254195600176
3.0114051E+02, 0.954538738123226
3.0114488E+02, 0.955824361928701
3.0114924E+02, 0.957111228248674
3.0115360E+02, 0.958399208293981
3.0115797E+02, 0.959687992782547
3.0116233E+02, 0.960977938920838
3.0116670E+02, 0.962269011854394
3.0117106E+02, 0.963560607052482
3.0117543E+02, 0.964852994627134
3.0117979E+02, 0.966146215050424
3.0118415E+02, 0.967439896845971
3.0118852E+02, 0.968733735820920
3.0119288E+02, 0.970028079374098
3.0119725E+02, 0.971322873820871
3.0120161E+02, 0.972617195306879
3.0120598E+02, 0.973911781050783
3.0121034E+02, 0.975206632619987
3.0121470E+02, 0.976501203575338
3.0121907E+02, 0.977795640655576
3.0122343E+02, 0.979090386338836
3.0122780E+02, 0.980385359117111
3.0123216E+02, 0.981680058886751
3.0123653E+02, 0.982975438216724
3.0124089E+02, 0.984271738456239
3.0124525E+02, 0.985568409293120
3.0124962E+02, 0.986866362248053
3.0125398E+02, 0.988166170462159
3.0125835E+02, 0.989467803871539
3.0126271E+02, 0.990771596290039
3.0126708E+02, 0.992078537096993
3.0127144E+02, 0.993388910737932
3.0127580E+02, 0.994702534262172
3.0128017E+02, 0.996020438328518
3.0128453E+02, 0.997342753481356
3.0128890E+02, 0.998668650623731
3.0129326E+02, 0.999985974314052
3.0129763E+02, 1.00126190538422
3.0130199E+02, 1.00253173395825
3.0130635E+02, 1.00076304237824
3.0131072E+02, 1.00205018967023
3.0131508E+02, 1.00333869974581
3.0131945E+02, 1.00462883907262
3.0132381E+02, 1.00592087919024
3.0132818E+02, 1.00721497439620
3.0133254E+02, 1.00851097765120
3.0133690E+02, 1.00980871640684
3.0134127E+02, 1.01110811340274
3.0134563E+02, 1.01240885390480
3.0135000E+02, 1.01371037729976
3.0135436E+02, 1.01501267478450
3.0135873E+02, 1.01631551262009
3.0136309E+02, 1.01761822672382
3.0136745E+02, 1.01892098316361
3.0137182E+02, 1.02022373913654
3.0137618E+02, 1.02152618474517
3.0138055E+02, 1.02282840803741
3.0138491E+02, 1.02413069848064
3.0138928E+02, 1.02543309800790
3.0139364E+02, 1.02673559204961
3.0139800E+02, 1.02803871679988
3.0140237E+02, 1.02934274948423
3.0140673E+02, 1.03064749972736
3.0141110E+02, 1.03195361127779
3.0141546E+02, 1.03326134042838
3.0141983E+02, 1.03457055404756
3.0142419E+02, 1.03588155423077
3.0142855E+02, 1.03719459559201
3.0143292E+02, 1.03850948250272
3.0143728E+02, 1.03982615750874
3.0144165E+02, 1.04114483673726
3.0144601E+02, 1.04246522662486
3.0145038E+02, 1.04378694375992
3.0145474E+02, 1.04511021577396
3.0145910E+02, 1.04643470161048
3.0146347E+02, 1.04775979056196
3.0146783E+02, 1.04908582478398
3.0147220E+02, 1.05041251541482
3.0147656E+02, 1.05173914463053
3.0148093E+02, 1.05306626466068
3.0148529E+02, 1.05439373718046
3.0148965E+02, 1.05572082029347
3.0149402E+02, 1.05704831286390
3.0149838E+02, 1.05837625670822
3.0150275E+02, 1.05970388984207
3.0150711E+02, 1.05779095726801
3.0151148E+02, 1.05912797649914
3.0151584E+02, 1.06046680115364
3.0152020E+02, 1.06180720008050
3.0152457E+02, 1.06314960697976
3.0152893E+02, 1.06449367476218
3.0153330E+02, 1.06583905753522
3.0153766E+02, 1.06718598643527
3.0154203E+02, 1.06853379479877
3.0154639E+02, 1.06988209426102
3.0155075E+02, 1.07123092647981
3.0155512E+02, 1.07257934273496
3.0155948E+02, 1.07392714223067
3.0156385E+02, 1.07527434734066
3.0156821E+02, 1.07661997401698
3.0157258E+02, 1.07796433231311
3.0157694E+02, 1.07930769470645
3.0158130E+02, 1.08064942565401
3.0158567E+02, 1.08199054977584
3.0159003E+02, 1.08333178769824
3.0159440E+02, 1.08467313665666
3.0159876E+02, 1.08601618641851
3.0160313E+02, 1.08736197507680
3.0160749E+02, 1.08871103736615
3.0161185E+02, 1.09006483542966
3.0161622E+02, 1.09142403398847
3.0162058E+02, 1.09278906510222
3.0162495E+02, 1.09415971054572
3.0162931E+02, 1.09553523654667
3.0163368E+02, 1.09691380865448
3.0163804E+02, 1.09829181680057
3.0164241E+02, 1.09966145684681
3.0164677E+02, 1.10100552399315
3.0165113E+02, 1.10235239878905
3.0165550E+02, 1.10370549436871
3.0165986E+02, 1.10506476489525
3.0166423E+02, 1.10642599567104
3.0166859E+02, 1.10778301155697
3.0167296E+02, 1.10913734163507
3.0167732E+02, 1.11048610716989
3.0168168E+02, 1.11182725302970
3.0168605E+02, 1.11316289796001
3.0169041E+02, 1.11449205571891
3.0169478E+02, 1.11581456512101
3.0169914E+02, 1.11713291650200
3.0170351E+02, 1.11844744697721
3.0170787E+02, 1.11596970062517
3.0171223E+02, 1.11730980213106
3.0171660E+02, 1.11864931791908
3.0172096E+02, 1.11998832649444
3.0172533E+02, 1.12132671817260
3.0172969E+02, 1.12266365872414
3.0173406E+02, 1.12399942973535
3.0173842E+02, 1.12533408755019
3.0174278E+02, 1.12666697340268
3.0174715E+02, 1.12799866263018
3.0175151E+02, 1.12932941782999
3.0175588E+02, 1.13065877601804
3.0176024E+02, 1.13198744334618
3.0176461E+02, 1.13331579866449
3.0176897E+02, 1.13464345204321
3.0177333E+02, 1.13597103701075
3.0177770E+02, 1.13729891390061
3.0178206E+02, 1.13862660483458
3.0178643E+02, 1.13995452679079
3.0179079E+02, 1.14128292727127
3.0179516E+02, 1.14261114572516
3.0179952E+02, 1.14393934998664
3.0180388E+02, 1.14526768097783
3.0180825E+02, 1.14659533193375
3.0181261E+02, 1.14792229225935
3.0181698E+02, 1.14924870574621
3.0182134E+02, 1.15057377386230
3.0182571E+02, 1.15189740348163
3.0183007E+02, 1.15321989456252
3.0183443E+02, 1.15454064625250
3.0183880E+02, 1.15585950530752
3.0184316E+02, 1.15717704178956
3.0184753E+02, 1.15849297364441
3.0185189E+02, 1.15980698598844
3.0185626E+02, 1.16111993668459
3.0186062E+02, 1.16243186029820
3.0186498E+02, 1.16374207227839
3.0186935E+02, 1.16505164965948
3.0187371E+02, 1.16636075470071
3.0187808E+02, 1.16766840204464
3.0188244E+02, 1.16897550758205
3.0188681E+02, 1.17028220095859
3.0189117E+02, 1.17158763035422
3.0189553E+02, 1.17289194533022
3.0189990E+02, 1.17419545235135
3.0190426E+02, 1.17549754161521
3.0190863E+02, 1.17458983386417
3.0191299E+02, 1.17588979349427
3.0191736E+02, 1.17718844950330
3.0192172E+02, 1.17848525777383
3.0192608E+02, 1.17977955190471
3.0193045E+02, 1.18107195745241
3.0193481E+02, 1.18236241667651
3.0193918E+02, 1.18364986285479
3.0194354E+02, 1.18493523087210
3.0194791E+02, 1.18621881785559
3.0195227E+02, 1.18750043124646
3.0195663E+02, 1.18878004446566
3.0196100E+02, 1.19005876362026
3.0196536E+02, 1.19133706183049
3.0196973E+02, 1.19261465445038
3.0197409E+02, 1.19389279494373
3.0197846E+02, 1.19517251096176
3.0198282E+02, 1.19645458369699
3.0198718E+02, 1.19773964857854
3.0199155E+02, 1.19902978832699
3.0199591E+02, 1.20030258511919
3.0200028E+02, 1.20152639606769
3.0200464E+02, 1.20274930880113
3.0200901E+02, 1.20397479981732
3.0201337E+02, 1.20520273967946
3.0201773E+02, 1.20643297908929
3.0202210E+02, 1.20766530154920
3.0202646E+02, 1.20889922677430
3.0203083E+02, 1.21013443078389
3.0203519E+02, 1.21137052087443
3.0203956E+02, 1.21260693744755
3.0204392E+02, 1.21384308466353
3.0204828E+02, 1.21507840440337
3.0205265E+02, 1.21631231254735
3.0205701E+02, 1.21754414265081
3.0206138E+02, 1.21877331253590
3.0206574E+02, 1.21999942066765
3.0207011E+02, 1.22122213197008
3.0207447E+02, 1.22244122788602
3.0207883E+02, 1.22365655930161
3.0208320E+02, 1.22486825360450
3.0208756E+02, 1.22607653388776
3.0209193E+02, 1.22728174163134
3.0209629E+02, 1.22848431122305
3.0210066E+02, 1.22968469821890
3.0210502E+02, 1.22876187673251
3.0210938E+02, 1.22997009794886
3.0211375E+02, 1.23117119147567
3.0211811E+02, 1.23236571557450
3.0212248E+02, 1.23355386873242
3.0212684E+02, 1.23473610344011
3.0213121E+02, 1.23591281845827
3.0213557E+02, 1.23708435297104
3.0213993E+02, 1.23825103408338
3.0214430E+02, 1.23941316775825
3.0214866E+02, 1.24057083163804
3.0215303E+02, 1.24172444334906
3.0215739E+02, 1.24287420910872
3.0216176E+02, 1.24402029949533
3.0216612E+02, 1.24516285225447
3.0217048E+02, 1.24630197682700
3.0217485E+02, 1.24743773274467
3.0217921E+02, 1.24857006492589
3.0218358E+02, 1.24969916563904
3.0218794E+02, 1.25082509456043
3.0219231E+02, 1.25194791434451
3.0219667E+02, 1.25306769547182
3.0220103E+02, 1.25418451992836
3.0220540E+02, 1.25529848381617
3.0220976E+02, 1.25640969864952
3.0221413E+02, 1.25751814660741
3.0221849E+02, 1.25862408625964
3.0222286E+02, 1.25972768451578
3.0222722E+02, 1.26082910491534
3.0223159E+02, 1.26192851635699
3.0223595E+02, 1.26302608874040
3.0224031E+02, 1.26412198811708
3.0224468E+02, 1.26521637156935
3.0224904E+02, 1.26630938210930
3.0225341E+02, 1.26740114364625
3.0225777E+02, 1.26849163460104
3.0226214E+02, 1.26958099575548
3.0226650E+02, 1.27066930507922
3.0227086E+02, 1.27175657473249
3.0227523E+02, 1.27284278753491
3.0227959E+02, 1.27392790024051
3.0228396E+02, 1.27501184935121
3.0228832E+02, 1.27609455946589
3.0229269E+02, 1.27717595419888
3.0229705E+02, 1.27825596922840
3.0230141E+02, 1.27933456722273
3.0230578E+02, 1.27998053615948
3.0231014E+02, 1.28106259565244
3.0231451E+02, 1.28214331348278
3.0231887E+02, 1.28322255902571
3.0232324E+02, 1.28430026306283
3.0232760E+02, 1.28537642758437
3.0233196E+02, 1.28645106500531
3.0233633E+02, 1.28752425749590
3.0234069E+02, 1.28859647099192
3.0234506E+02, 1.28966810708773
3.0234942E+02, 1.29073966407487
3.0235379E+02, 1.29181172066269
3.0235815E+02, 1.29288491161472
3.0236251E+02, 1.29395989537732
3.0236688E+02, 1.29503731341057
3.0237124E+02, 1.29611774132205
3.0237561E+02, 1.29720163196761
3.0237997E+02, 1.29828925072857
3.0238434E+02, 1.29938060366788
3.0238870E+02, 1.30044694805964
3.0239306E+02, 1.30148055181849
3.0239743E+02, 1.30251898381747
3.0240179E+02, 1.30356197827186
3.0240616E+02, 1.30460900125495
3.0241052E+02, 1.30565931900434
3.0241489E+02, 1.30671206816986
3.0241925E+02, 1.30776632362712
3.0242361E+02, 1.30882115967904
3.0242798E+02, 1.30987570171321
3.0243234E+02, 1.31092916651122
3.0243671E+02, 1.31198089036484
3.0244107E+02, 1.31303034565032
3.0244544E+02, 1.31407714667627
3.0244980E+02, 1.31512104663768
3.0245416E+02, 1.31616192747731
3.0245853E+02, 1.31719978462580
3.0246289E+02, 1.31823470830215
3.0246726E+02, 1.31926686312926
3.0247162E+02, 1.32029646726365
3.0247599E+02, 1.32132377212414
3.0248035E+02, 1.32234904347802
3.0248471E+02, 1.32337254458351
3.0248908E+02, 1.32439452171475
3.0249344E+02, 1.32541519233945
3.0249781E+02, 1.32643473607983
3.0250217E+02, 1.32745327215319
3.0250654E+02, 1.32674649996130
3.0251090E+02, 1.32778591254983
3.0251526E+02, 1.32882260441528
3.0251963E+02, 1.32985643672739
3.0252399E+02, 1.33088732272440
3.0252836E+02, 1.33191522382241
3.0253272E+02, 1.33294014322640
3.0253709E+02, 1.33396212075493
3.0254145E+02, 1.33498122710341
3.0254581E+02, 1.33599755756564
3.0255018E+02, 1.33701122517772
3.0255454E+02, 1.33802235386171
3.0255891E+02, 1.33903107161338
3.0256327E+02, 1.34003750416024
3.0256764E+02, 1.34104176939575
3.0257200E+02, 1.34204397259841
3.0257636E+02, 1.34304420279367
3.0258073E+02, 1.34404253024422
3.0258509E+02, 1.34503900499137
3.0258946E+02, 1.34603365663349
3.0259382E+02, 1.34702649507877
3.0259819E+02, 1.34801751218115
3.0260255E+02, 1.34900668419051
3.0260691E+02, 1.34999397465131
3.0261128E+02, 1.35097933766217
3.0261564E+02, 1.35196272133688
3.0262001E+02, 1.35294407104272
3.0262437E+02, 1.35392333252523
3.0262874E+02, 1.35490045454790
3.0263310E+02, 1.35587539108437
3.0263746E+02, 1.35684810294681
3.0264183E+02, 1.35781855891764
3.0264619E+02, 1.35878673629101
3.0265056E+02, 1.35975262115433
3.0265492E+02, 1.36071620819937
3.0265929E+02, 1.36167750054859
3.0266365E+02, 1.36263650944807
3.0266801E+02, 1.36359325409458
3.0267238E+02, 1.36454776173826
3.0267674E+02, 1.36550006803215
3.0268111E+02, 1.36645021625330
3.0268547E+02, 1.36739825038961
3.0268984E+02, 1.36834424918244
3.0269420E+02, 1.36928829145621
3.0269856E+02, 1.37023046974721
3.0270293E+02, 1.37117089106300
3.0270729E+02, 1.37114645657748
3.0271166E+02, 1.37210276755246
3.0271602E+02, 1.37305805396066
3.0272039E+02, 1.37401228285377
3.0272475E+02, 1.37496542418878
3.0272911E+02, 1.37591744170986
3.0273348E+02, 1.37686829141438
3.0273784E+02, 1.37781792275646
3.0274221E+02, 1.37876627973604
3.0274657E+02, 1.37971330211699
3.0275094E+02, 1.38065892691116
3.0275530E+02, 1.38160309080644
3.0275966E+02, 1.38254573350681
3.0276403E+02, 1.38348680250910
3.0276839E+02, 1.38442614793787
3.0277276E+02, 1.38536376951287
3.0277712E+02, 1.38629976263286
3.0278149E+02, 1.38723418874206
3.0278672E+02, 1.38835383891351
3.0279196E+02, 1.38947180627268
3.0279720E+02, 1.39058823660748
3.0280244E+02, 1.39170428129652
3.0280767E+02, 1.39282098026920
3.0281291E+02, 1.39393968476261
3.0281815E+02, 1.39506208562811
3.0282338E+02, 1.39619023277759
3.0282862E+02, 1.39732654297124
3.0283386E+02, 1.39847378171625
3.0283910E+02, 1.39962480992481
3.0284433E+02, 1.40070891641808
3.0284957E+02, 1.40173925116223
3.0285481E+02, 1.40277191392921
3.0286004E+02, 1.40380732960520
3.0286528E+02, 1.40484566688981
3.0287052E+02, 1.40588682877455
3.0287576E+02, 1.40693045843616
3.0288099E+02, 1.40797596093451
3.0288623E+02, 1.40902253912261
3.0289147E+02, 1.41006924121177
3.0289670E+02, 1.41111501563097
3.0290194E+02, 1.41215876888159
3.0290718E+02, 1.41096443053044
3.0291242E+02, 1.41200243666774
3.0291765E+02, 1.41303666386442
3.0292289E+02, 1.41406667401464
3.0292813E+02, 1.41509205778502
3.0293336E+02, 1.41611241113359
3.0293860E+02, 1.41712734806113
3.0294384E+02, 1.41813652421542
3.0294908E+02, 1.41913965520583
3.0295431E+02, 1.42013652785186
3.0295955E+02, 1.42112700472131
3.0296479E+02, 1.42211102361132
3.0297002E+02, 1.42308859264853
3.0297526E+02, 1.42405978237217
3.0298050E+02, 1.42502471574203
3.0298574E+02, 1.42598355721787
3.0299097E+02, 1.42693650141942
3.0299621E+02, 1.42788376229428
3.0300145E+02, 1.42882556312663
3.0300668E+02, 1.42976212769783
3.0301192E+02, 1.43069367297491
3.0301716E+02, 1.43162040326164
3.0302240E+02, 1.43254250601055
3.0302763E+02, 1.43346012194502
3.0303287E+02, 1.43437331603511
3.0303811E+02, 1.43528231184436
3.0304334E+02, 1.43618721489884
3.0304858E+02, 1.43708811327217
3.0305382E+02, 1.43798508039186
3.0305906E+02, 1.43887817837733
3.0306429E+02, 1.43976746150965
3.0306953E+02, 1.44065297989156
3.0307477E+02, 1.44153478288298
3.0308000E+02, 1.44241276119553
3.0308524E+02, 1.44328699448554
3.0309048E+02, 1.44415767798060
3.0309572E+02, 1.44502488813027
3.0310095E+02, 1.44588871172506
3.0310619E+02, 1.44516106372893
3.0311143E+02, 1.44601406320002
3.0311666E+02, 1.44686423285432
3.0312190E+02, 1.44771176173663
3.0312714E+02, 1.44855682561826
3.0313238E+02, 1.44939954005759
3.0313761E+02, 1.45024009315917
3.0314285E+02, 1.45107868862877
3.0314809E+02, 1.45191546620430
3.0315332E+02, 1.45275055296564
3.0315856E+02, 1.45358406173093
3.0316380E+02, 1.45441604972981
3.0316904E+02, 1.45524659891978
3.0317427E+02, 1.45607583870451
3.0317951E+02, 1.45690381560911
3.0318475E+02, 1.45773056052844
3.0318998E+02, 1.45855608984431
3.0319522E+02, 1.45938033579337
3.0320046E+02, 1.46020332935351
3.0320570E+02, 1.46102510158464
3.0321093E+02, 1.46184562460968
3.0321617E+02, 1.46266486395104
3.0322141E+02, 1.46348277488347
3.0322664E+02, 1.46429915950102
3.0323188E+02, 1.46511413767381
3.0323712E+02, 1.46592765418550
3.0324236E+02, 1.46673964898762
3.0324759E+02, 1.46755005567230
3.0325283E+02, 1.46835864395714
3.0325807E+02, 1.46916542222529
3.0326330E+02, 1.46997037095324
3.0326854E+02, 1.47077338388110
3.0327378E+02, 1.47157434164170
3.0327902E+02, 1.47237293044554
3.0328425E+02, 1.47316906051234
3.0328949E+02, 1.47396270207173
3.0329473E+02, 1.47475368196149
3.0329996E+02, 1.47554181614437
3.0330520E+02, 1.47632660504001
3.0331044E+02, 1.47653717407317
3.0331568E+02, 1.47731355156331
3.0332091E+02, 1.47808634800713
3.0332615E+02, 1.47885535274893
3.0333139E+02, 1.47962030381944
3.0333662E+02, 1.48038066111990
3.0334186E+02, 1.48113613132687
3.0334710E+02, 1.48188681907069
3.0335234E+02, 1.48263252235018
3.0335757E+02, 1.48337268738163
3.0336281E+02, 1.48410708720823
3.0336805E+02, 1.48483601214747
3.0337328E+02, 1.48555935164468
3.0337852E+02, 1.48627627615827
3.0338376E+02, 1.48698724418145
3.0338900E+02, 1.48769243103644
3.0339423E+02, 1.48839143282163
3.0339947E+02, 1.48908392667234
3.0340471E+02, 1.48977063557650
3.0340995E+02, 1.49045139835909
3.0341518E+02, 1.49112544138014
3.0342042E+02, 1.49179380398977
3.0342566E+02, 1.49245634363389
3.0343089E+02, 1.49311225354779
3.0343613E+02, 1.49376260016724
3.0344137E+02, 1.49440706517258
3.0344661E+02, 1.49504519010857
3.0345184E+02, 1.49567778759668
3.0345708E+02, 1.49630427512880
3.0346232E+02, 1.49692477840408
3.0346755E+02, 1.49753966544151
3.0347279E+02, 1.49814816847056
3.0347803E+02, 1.49875096341599
3.0348327E+02, 1.49934773298354
3.0348850E+02, 1.49992127630552
3.0349374E+02, 1.50048301435886
3.0349898E+02, 1.50101947245210
3.0350421E+02, 1.50154981260012
3.0350945E+02, 1.50116051906037
3.0351469E+02, 1.50172203183885
3.0351993E+02, 1.50227496085154
3.0352516E+02, 1.50281947926579
3.0353040E+02, 1.50335557411691
3.0353564E+02, 1.50388377365837
3.0354087E+02, 1.50440383154018
3.0354611E+02, 1.50491645890471
3.0355135E+02, 1.50542126719534
3.0355659E+02, 1.50591905002605
3.0356182E+02, 1.50640938133392
3.0356706E+02, 1.50689302297537
3.0357230E+02, 1.50736961437561
3.0357753E+02, 1.50783977929363
3.0358189E+02, 1.50822589774830
3.0358625E+02, 1.50860760476128
3.0359061E+02, 1.50898516452730
3.0359496E+02, 1.50935831585027
3.0359932E+02, 1.50972744348657
3.0360368E+02, 1.51009245351244
3.0360804E+02, 1.51045333044539
3.0361239E+02, 1.51081040341943
3.0361675E+02, 1.51116346894939
3.0362111E+02, 1.51151264058599
3.0362547E+02, 1.51185809605555
3.0362982E+02, 1.51219970388927
3.0363418E+02, 1.51253760104596
3.0363854E+02, 1.51287179575362
3.0364289E+02, 1.51320229586768
3.0364725E+02, 1.51352920982590
3.0365161E+02, 1.51385241305602
3.0365597E+02, 1.51417202865146
3.0366032E+02, 1.51448815850013
3.0366468E+02, 1.51480054104586
3.0366904E+02, 1.51510938691950
3.0367340E+02, 1.51541479796728
3.0367775E+02, 1.51571650979642
3.0368211E+02, 1.51601461341135
3.0368647E+02, 1.51630929736528
3.0369083E+02, 1.51660043634033
3.0369518E+02, 1.51688775097400
3.0369954E+02, 1.51717162925011
3.0370390E+02, 1.51745212726302
3.0370826E+02, 1.51720533710462
3.0371261E+02, 1.51748397759559
3.0371697E+02, 1.51775929964748
3.0372133E+02, 1.51803090217262
3.0372568E+02, 1.51829881140417
3.0373091E+02, 1.51861554070820
3.0373614E+02, 1.51892696892291
3.0374137E+02, 1.51923300609524
3.0374660E+02, 1.51953369437686
3.0375183E+02, 1.51982882711602
3.0375706E+02, 1.52011846885129
3.0376229E+02, 1.52040265330176
3.0376752E+02, 1.52068112334008
3.0377274E+02, 1.52095383223305
3.0377797E+02, 1.52122091377614
3.0378320E+02, 1.52148236579726
3.0378843E+02, 1.52173756807098
3.0379366E+02, 1.52198686927302
3.0379889E+02, 1.52223029978367
3.0380412E+02, 1.52246782340839
3.0380935E+02, 1.52269871282067
3.0381457E+02, 1.52292332319119
3.0381980E+02, 1.52314172480922
3.0382503E+02, 1.52335385136290
3.0383026E+02, 1.52355940233742
3.0383549E+02, 1.52375779430566
3.0384072E+02, 1.52394956588371
3.0384595E+02, 1.52413462992347
3.0385118E+02, 1.52431289195080
3.0385641E+02, 1.52448425085477
3.0386163E+02, 1.52464780825872
3.0386686E+02, 1.52480406677929
3.0387209E+02, 1.52495305061944
3.0387732E+02, 1.52509465268526
3.0388255E+02, 1.52522876276958
3.0388778E+02, 1.52535526907648
3.0389301E+02, 1.52547406018156
3.0389824E+02, 1.52558450152028
3.0390347E+02, 1.52568678744364
3.0390869E+02, 1.52565509448486
3.0391392E+02, 1.52572717653952
3.0391915E+02, 1.52579123702641
3.0392438E+02, 1.52584711524936
3.0392961E+02, 1.52589469988783
3.0393484E+02, 1.52593389903860
3.0394007E+02, 1.52596463340103
3.0394530E+02, 1.52598683304981
3.0395052E+02, 1.52600043519335
3.0395575E+02, 1.52600538398895
3.0396098E+02, 1.52600163062074
3.0396621E+02, 1.52598913339652
3.0397144E+02, 1.52596785903761
3.0397580E+02, 1.52594342517351
3.0398015E+02, 1.52591288713512
3.0398451E+02, 1.52587623511919
3.0398887E+02, 1.52583346397097
3.0399322E+02, 1.52578457910358
3.0399758E+02, 1.52572959414628
3.0400193E+02, 1.52566852841659
3.0400629E+02, 1.52560140632959
3.0401065E+02, 1.52552825758473
3.0401500E+02, 1.52544910823646
3.0401936E+02, 1.52536401901524
3.0402372E+02, 1.52527304436865
3.0402807E+02, 1.52517623975768
3.0403243E+02, 1.52507366662195
3.0403679E+02, 1.52496539253687
3.0404114E+02, 1.52485149100575
3.0404550E+02, 1.52473204141621
3.0404985E+02, 1.52460712902562
3.0405421E+02, 1.52447688769944
3.0405857E+02, 1.52434153813478
3.0406292E+02, 1.52420106115850
3.0406728E+02, 1.52405556293842
3.0407164E+02, 1.52390515371978
3.0407599E+02, 1.52374994752961
3.0408035E+02, 1.52359006125974
3.0408471E+02, 1.52342587291521
3.0408906E+02, 1.52325755936135
3.0409342E+02, 1.52308500078236
3.0409777E+02, 1.52290832330599
3.0410213E+02, 1.52272765442436
3.0410649E+02, 1.52472082674945
3.0411084E+02, 1.52454245658190
3.0411520E+02, 1.52436188549812
3.0411956E+02, 1.52417925754096
3.0412391E+02, 1.52399481013981
3.0412827E+02, 1.52380883411651
3.0413262E+02, 1.52362159865691
3.0413698E+02, 1.52343362214765
3.0414134E+02, 1.52324534420263
3.0414569E+02, 1.52305659787309
3.0415005E+02, 1.52286758140192
3.0415441E+02, 1.52267847765093
3.0415876E+02, 1.52248953715547
3.0416312E+02, 1.52230165007391
3.0416748E+02, 1.52211416163591
3.0417183E+02, 1.52192716718581
3.0417619E+02, 1.52174074107424
3.0418054E+02, 1.52155493598682
3.0418490E+02, 1.52137053319413
3.0418926E+02, 1.52118705104697
3.0419361E+02, 1.52100420184900
3.0419797E+02, 1.52082193478798
3.0420233E+02, 1.52064017692328
3.0420668E+02, 1.52045910531441
3.0421104E+02, 1.52027906384484
3.0421540E+02, 1.52009914059066
3.0421975E+02, 1.51991917017968
3.0422498E+02, 1.51970291723817
3.0423021E+02, 1.51948612949319
3.0423543E+02, 1.51926929983821
3.0424066E+02, 1.51905092284099
3.0424589E+02, 1.51883055749786
3.0425112E+02, 1.51860775176983
3.0425634E+02, 1.51838257475329
3.0426157E+02, 1.51815437327501
3.0426680E+02, 1.51792221862818
3.0427203E+02, 1.51768565241570
3.0427726E+02, 1.51744442750489
3.0428248E+02, 1.51719842137316
3.0428771E+02, 1.51694658581406
3.0429294E+02, 1.51668853839868
3.0429817E+02, 1.51642410745913
3.0430339E+02, 1.51615313089180
3.0430862E+02, 1.51672645646272
3.0431385E+02, 1.51645291731566
3.0431908E+02, 1.51617287365055
3.0432430E+02, 1.51588531954158
3.0432953E+02, 1.51559005481955
3.0433476E+02, 1.51528761596773
3.0433999E+02, 1.51497753462641
3.0434521E+02, 1.51465945390663
3.0435044E+02, 1.51433393048585
3.0435567E+02, 1.51400101637282
3.0436090E+02, 1.51366017407538
3.0436612E+02, 1.51331227657085
3.0437135E+02, 1.51295741394017
3.0437658E+02, 1.51259497812789
3.0438181E+02, 1.51222660630555
3.0438703E+02, 1.51185160136916
3.0439226E+02, 1.51146974205289
3.0439749E+02, 1.51108344719797
3.0440272E+02, 1.51069053612247
3.0440795E+02, 1.51029279353165
3.0441317E+02, 1.50989034695775
3.0441840E+02, 1.50948178745373
3.0442363E+02, 1.50907093682996
3.0442886E+02, 1.50865393529181
3.0443408E+02, 1.50823378786708
3.0443931E+02, 1.50780918206688
3.0444454E+02, 1.50737965800661
3.0444977E+02, 1.50694760720105
3.0445499E+02, 1.50650851352860
3.0446022E+02, 1.50606853699633
3.0446545E+02, 1.50562086962234
3.0447068E+02, 1.50517024918195
3.0447590E+02, 1.50471270684301
3.0448113E+02, 1.50424993453146
3.0448636E+02, 1.50378057455651
3.0449159E+02, 1.50330367436221
3.0449681E+02, 1.50281988958645
3.0450204E+02, 1.50232640266167
3.0450727E+02, 1.50163533297382
3.0451250E+02, 1.50110771916402
3.0451772E+02, 1.50057268835932
3.0452295E+02, 1.50003305700914
3.0452818E+02, 1.49948884156178
3.0453341E+02, 1.49894503752313
3.0453864E+02, 1.49839912484944
3.0454386E+02, 1.49785091976425
3.0454909E+02, 1.49730019924435
3.0455432E+02, 1.49674688022452
3.0455955E+02, 1.49619076886926
3.0456477E+02, 1.49563174531769
3.0457000E+02, 1.49506991684088
3.0457523E+02, 1.49450485470565
3.0458046E+02, 1.49393732701644
3.0458568E+02, 1.49336655170321
3.0459091E+02, 1.49279334863023
3.0459614E+02, 1.49221738977489
3.0460137E+02, 1.49163890821342
3.0460659E+02, 1.49105849996226
3.0461182E+02, 1.49047538341195
3.0461705E+02, 1.48989124343133
3.0462228E+02, 1.48930474474162
3.0462750E+02, 1.48871689950981
3.0463273E+02, 1.48812762878173
3.0463796E+02, 1.48753637421022
3.0464319E+02, 1.48694463742699
3.0464841E+02, 1.48635067091100
3.0465364E+02, 1.48575567583206
3.0465887E+02, 1.48515889878986
3.0466410E+02, 1.48455985354874
3.0466933E+02, 1.48395955836856
3.0467455E+02, 1.48335614878344
3.0467978E+02, 1.48275057508723
3.0468501E+02, 1.48214185580738
3.0469024E+02, 1.48152922203017
3.0469546E+02, 1.48091366401494
3.0470069E+02, 1.48029317185374
3.0470592E+02, 1.48207749940703
3.0471115E+02, 1.48142676268720
3.0471637E+02, 1.48077022233031
3.0472160E+02, 1.48010702302756
3.0472683E+02, 1.47943664469157
3.0473206E+02, 1.47875906933032
3.0473728E+02, 1.47807353528903
3.0474251E+02, 1.47737956968753
3.0474774E+02, 1.47667710201456
3.0475297E+02, 1.47596560919345
3.0475819E+02, 1.47524456870942
3.0476342E+02, 1.47451371256018
3.0476865E+02, 1.47377312101142
3.0477388E+02, 1.47302207625636
3.0477910E+02, 1.47226035391862
3.0478433E+02, 1.47148776092164
3.0478956E+02, 1.47070455234808
3.0479479E+02, 1.46991015917633
3.0480002E+02, 1.46910450031920
3.0480524E+02, 1.46828754205200
3.0481047E+02, 1.46745929471901
3.0481570E+02, 1.46662012340144
3.0482093E+02, 1.46576987415093
3.0482615E+02, 1.46490863274370
3.0483138E+02, 1.46403660092093
3.0483661E+02, 1.46315402501003
3.0484184E+02, 1.46226119369141
3.0484706E+02, 1.46135843500540
3.0485229E+02, 1.46044611302256
3.0485752E+02, 1.45952475452915
3.0486275E+02, 1.45859477616713
3.0486797E+02, 1.45765649328296
3.0487320E+02, 1.45671037789401
3.0487843E+02, 1.45575692130354
3.0488366E+02, 1.45479663231244
3.0488888E+02, 1.45383003579171
3.0489411E+02, 1.45285767152162
3.0489934E+02, 1.45188009287876
3.0490457E+02, 1.45089786519973
3.0490979E+02, 1.45149780316681
3.0491502E+02, 1.45048645218311
3.0492025E+02, 1.44947225970048
3.0492548E+02, 1.44845578459635
3.0493071E+02, 1.44743748959114
3.0493593E+02, 1.44641783442986
3.0494116E+02, 1.44539727952682
3.0494639E+02, 1.44437628368171
3.0495162E+02, 1.44335529790553
3.0495684E+02, 1.44233476002749
3.0496207E+02, 1.44131509227447
3.0496730E+02, 1.44029670274142
3.0497253E+02, 1.43927999057037
3.0497775E+02, 1.43826535514777
3.0498298E+02, 1.43725320883326
3.0498821E+02, 1.43624399294924
3.0499344E+02, 1.43523819572008
3.0499866E+02, 1.43423637106879
3.0500389E+02, 1.43323915581413
3.0500912E+02, 1.43224728348019
3.0501435E+02, 1.43126159167187
3.0501957E+02, 1.43028302074829
3.0502480E+02, 1.42931260150627
3.0503003E+02, 1.42835143027883
3.0503526E+02, 1.42740063120229
3.0504048E+02, 1.42646130671200
3.0504571E+02, 1.42553464367909
3.0505094E+02, 1.42462138353023
3.0505617E+02, 1.42372211484153
3.0506140E+02, 1.42283718912285
3.0506662E+02, 1.42196663238007
3.0507185E+02, 1.42111011752475
3.0507708E+02, 1.42026695799170
3.0508231E+02, 1.41943612355288
3.0508753E+02, 1.41861583475008
3.0509276E+02, 1.41780432182631
3.0509799E+02, 1.41699977621148
3.0510322E+02, 1.41620025962026
3.0510844E+02, 1.41791096942948
3.0511367E+02, 1.41706689263234
3.0511890E+02, 1.41622637203586
3.0512413E+02, 1.41538758907063
3.0512935E+02, 1.41454931280521
3.0513458E+02, 1.41371027337943
3.0513981E+02, 1.41286925752291
3.0514504E+02, 1.41202581643069
3.0515026E+02, 1.41117993236365
3.0515549E+02, 1.41033196900843
3.0516072E+02, 1.40948261897435
3.0516595E+02, 1.40863343659498
3.0517118E+02, 1.40778429982697
3.0517640E+02, 1.40693523604821
3.0518163E+02, 1.40608540956332
3.0518686E+02, 1.40523282406067
3.0519209E+02, 1.40437407309258
3.0519731E+02, 1.40350468180524
3.0520254E+02, 1.40261856721250
3.0520777E+02, 1.40170514122298
3.0521300E+02, 1.40075242370811
3.0521822E+02, 1.39974434926160
3.0522345E+02, 1.39873069954310
3.0522868E+02, 1.39774171089713
3.0523391E+02, 1.39676838880935
3.0523913E+02, 1.39580343823675
3.0524436E+02, 1.39483927725379
3.0524959E+02, 1.39386833167238
3.0525482E+02, 1.39288337651636
3.0526004E+02, 1.39187793371910
3.0526527E+02, 1.39084670378350
3.0527050E+02, 1.38978597784598
3.0527573E+02, 1.38869395401949
3.0528095E+02, 1.38757087893592
3.0528618E+02, 1.38641854834059
3.0529141E+02, 1.38524044343554
3.0529664E+02, 1.38404288878122
3.0530187E+02, 1.38283127718343
3.0530709E+02, 1.38462631009953
3.0531232E+02, 1.38341426187888
3.0531755E+02, 1.38219288245775
3.0532278E+02, 1.38096539128096
3.0532800E+02, 1.37973386671248
3.0533323E+02, 1.37849945565858
3.0533846E+02, 1.37726306835497
3.0534369E+02, 1.37602394090044
3.0534891E+02, 1.37478087474153
3.0535414E+02, 1.37353243384547
3.0535937E+02, 1.37227791685020
3.0536460E+02, 1.37101564026485
3.0536982E+02, 1.36974409107879
3.0537505E+02, 1.36846243669504
3.0538028E+02, 1.36717220720689
3.0538551E+02, 1.36587208262744
3.0539073E+02, 1.36456255094647
3.0539596E+02, 1.36324625160582
3.0540119E+02, 1.36192394208493
3.0540642E+02, 1.36059614085731
3.0541164E+02, 1.35926611291080
3.0541687E+02, 1.35793516257095
3.0542210E+02, 1.35660330476994
3.0542733E+02, 1.35527368821304
3.0543256E+02, 1.35394725708892
3.0543778E+02, 1.35262328498063
3.0544301E+02, 1.35130408508183
3.0544824E+02, 1.34999040633501
3.0545347E+02, 1.34868044032242
3.0545869E+02, 1.34737486093317
3.0546392E+02, 1.34607493748771
3.0546915E+02, 1.34477720059190
3.0547438E+02, 1.34348051789910
3.0547960E+02, 1.34218647825476
3.0548483E+02, 1.34089099199382
3.0549006E+02, 1.33959225758069
3.0549529E+02, 1.33829078242750
3.0550051E+02, 1.33698572592416
3.0550574E+02, 1.33924176629811
3.0551097E+02, 1.33797304481055
3.0551620E+02, 1.33670380432741
3.0552142E+02, 1.33543444628242
3.0552665E+02, 1.33416614123078
3.0553188E+02, 1.33289940767454
3.0553711E+02, 1.33163533433365
3.0554233E+02, 1.33037515080714
3.0554756E+02, 1.32912009251185
3.0555279E+02, 1.32787049731038
3.0555802E+02, 1.32662668927421
3.0556227E+02, 1.32562013099539
3.0556651E+02, 1.32461697713486
3.0557076E+02, 1.32361678240330
3.0557501E+02, 1.32261896206734
3.0557926E+02, 1.32162279961914
3.0558351E+02, 1.32062750047480
3.0558776E+02, 1.31963226039762
3.0559201E+02, 1.31863633894064
3.0559625E+02, 1.31763913479370
3.0560050E+02, 1.31664026004396
3.0560475E+02, 1.31563960979107
3.0560900E+02, 1.31463742572268
3.0561325E+02, 1.31363434169119
3.0561750E+02, 1.31263141413860
3.0562175E+02, 1.31163012545987
3.0562599E+02, 1.31063235859818
3.0563024E+02, 1.30964033687543
3.0563449E+02, 1.30865652847885
3.0563874E+02, 1.30768351794824
3.0564299E+02, 1.30672385011211
3.0564724E+02, 1.30577985591836
3.0565149E+02, 1.30485347522023
3.0565573E+02, 1.30394609296360
3.0565998E+02, 1.30305840716786
3.0566423E+02, 1.30219033870515
3.0566848E+02, 1.30134098897283
3.0567273E+02, 1.30051039699453
3.0567698E+02, 1.29953892341869
3.0568122E+02, 1.29841653512458
3.0568547E+02, 1.29731499985014
3.0568972E+02, 1.29624665869755
3.0569397E+02, 1.29520638502923
3.0569822E+02, 1.29418962840309
3.0570247E+02, 1.29319234647625
3.0570672E+02, 1.29170490991807
3.0571096E+02, 1.29080035688420
3.0571521E+02, 1.28989533922619
3.0571946E+02, 1.28898928292978
3.0572371E+02, 1.28808161345049
3.0572796E+02, 1.28717165129360
3.0573221E+02, 1.28625864169029
3.0573646E+02, 1.28534181769427
3.0574070E+02, 1.28442046907641
3.0574495E+02, 1.28349372067301
3.0574920E+02, 1.28256144169745
3.0575345E+02, 1.28162347263660
3.0575770E+02, 1.28067986343626
3.0576195E+02, 1.27973091387616
3.0576620E+02, 1.27877715695248
3.0577044E+02, 1.27781931894044
3.0577469E+02, 1.27685826009329
3.0577894E+02, 1.27589490391450
3.0578319E+02, 1.27493016294818
3.0578744E+02, 1.27396486980480
3.0579169E+02, 1.27299971831820
3.0579593E+02, 1.27203521952319
3.0580018E+02, 1.27107167233525
3.0580443E+02, 1.27010914971907
3.0580868E+02, 1.26914749941495
3.0581293E+02, 1.26818635670978
3.0581718E+02, 1.26722516770115
3.0582143E+02, 1.26626322137030
3.0582567E+02, 1.26529968794439
3.0582992E+02, 1.26433366233925
3.0583417E+02, 1.26336421064801
3.0583842E+02, 1.26239041775233
3.0584267E+02, 1.26141143531533
3.0584692E+02, 1.26042648438779
3.0585117E+02, 1.25943500913756
3.0585541E+02, 1.25843668170562
3.0585966E+02, 1.25743132610748
3.0586391E+02, 1.25641899428836
3.0586816E+02, 1.25539985325852
3.0587241E+02, 1.25437449420696
3.0587666E+02, 1.25334363313001
3.0588091E+02, 1.25230814834542
3.0588515E+02, 1.25126903448054
3.0588940E+02, 1.25022734727622
3.0589365E+02, 1.24918414483926
3.0589790E+02, 1.24814042910039
3.0590215E+02, 1.24709709122861
3.0590640E+02, 1.24527137839076
3.0591064E+02, 1.24426158517166
3.0591489E+02, 1.24324973859484
3.0591914E+02, 1.24223584789465
3.0592339E+02, 1.24121990644018
3.0592764E+02, 1.24020189975638
3.0593189E+02, 1.23918179826076
3.0593614E+02, 1.23815954790506
3.0594038E+02, 1.23713506862784
3.0594463E+02, 1.23610825739148
3.0594888E+02, 1.23507899301729
3.0595313E+02, 1.23404714348208
3.0595738E+02, 1.23301257577556
3.0596163E+02, 1.23197516880628
3.0596588E+02, 1.23093482792347
3.0597012E+02, 1.22989149844913
3.0597437E+02, 1.22884518185139
3.0597862E+02, 1.22779595428757
3.0598287E+02, 1.22674398358150
3.0598712E+02, 1.22568953917414
3.0599137E+02, 1.22463299705583
3.0599562E+02, 1.22357483489999
3.0599986E+02, 1.22251561367017
3.0600411E+02, 1.22145595144532
3.0600836E+02, 1.22039649771726
3.0601261E+02, 1.21933793140389
3.0601686E+02, 1.21828079570158
3.0602111E+02, 1.21722555730721
3.0602535E+02, 1.21617255289596
3.0602960E+02, 1.21512198146743
3.0603385E+02, 1.21407387324783
3.0603810E+02, 1.21302808989988
3.0604235E+02, 1.21198435968214
3.0604660E+02, 1.21094231484500
3.0605085E+02, 1.20990157188356
3.0605509E+02, 1.20886186114862
3.0605934E+02, 1.20782318654010
3.0606359E+02, 1.20678616466428
3.0606784E+02, 1.20575230189796
3.0607209E+02, 1.20472335265409
3.0607634E+02, 1.20370037178763
3.0608059E+02, 1.20268430140883
3.0608483E+02, 1.20167658525020
3.0608908E+02, 1.20067903706533
3.0609333E+02, 1.19971785985067
3.0609758E+02, 1.19878039740213
3.0610183E+02, 1.19784026614912
3.0610608E+02, 1.19543821651453
3.0611033E+02, 1.19441238668657
3.0611457E+02, 1.19337463584257
3.0611882E+02, 1.19233029562043
3.0612307E+02, 1.19128334906557
3.0612732E+02, 1.19023655479501
3.0613157E+02, 1.18919159702780
3.0613582E+02, 1.18814923747409
3.0614007E+02, 1.18710948486667
3.0614431E+02, 1.18607177459484
3.0614856E+02, 1.18503514665831
3.0615281E+02, 1.18399841226665
3.0615706E+02, 1.18296030234544
3.0616131E+02, 1.18191959389023
3.0616556E+02, 1.18087521100507
3.0616980E+02, 1.17982629863789
3.0617405E+02, 1.17877226752481
3.0617830E+02, 1.17771281011222
3.0618255E+02, 1.17664788902351
3.0618680E+02, 1.17557770139436
3.0619105E+02, 1.17450262441668
3.0619530E+02, 1.17342314906115
3.0619954E+02, 1.17233953429011
3.0620379E+02, 1.17125236637856
3.0620804E+02, 1.17016224603995
3.0621229E+02, 1.16906947831899
3.0621654E+02, 1.16797421817309
3.0622079E+02, 1.16687646246354
3.0622504E+02, 1.16577605782901
3.0622928E+02, 1.16467272176185
3.0623353E+02, 1.16356607365015
3.0623778E+02, 1.16245567189963
3.0624203E+02, 1.16134075702119
3.0624628E+02, 1.16022071777767
3.0625053E+02, 1.15909561259806
3.0625478E+02, 1.15796514634981
3.0625902E+02, 1.15682913250153
3.0626327E+02, 1.15568750766000
3.0626752E+02, 1.15454033759180
3.0627177E+02, 1.15338781510773
3.0627602E+02, 1.15222936698379
3.0628027E+02, 1.15106632739973
3.0628451E+02, 1.14989922062865
3.0628876E+02, 1.14872860366854
3.0629301E+02, 1.14755506020889
3.0629726E+02, 1.14637915998542
3.0630151E+02, 1.14520066577950
3.0630576E+02, 1.14426635198324
3.0631001E+02, 1.14309107019984
3.0631425E+02, 1.14191284581548
3.0631850E+02, 1.14073193086128
3.0632275E+02, 1.13954849612578
3.0632700E+02, 1.13836268783157
3.0633125E+02, 1.13717453593707
3.0633550E+02, 1.13598442034872
3.0633975E+02, 1.13479252334646
3.0634399E+02, 1.13359903335075
3.0634824E+02, 1.13240414685283
3.0635249E+02, 1.13120797533178
3.0635674E+02, 1.13001088500966
3.0636099E+02, 1.12881313527897
3.0636524E+02, 1.12761498328741
3.0636949E+02, 1.12641670397487
3.0637373E+02, 1.12521858405736
3.0637798E+02, 1.12402099052100
3.0638223E+02, 1.12282422780977
3.0638648E+02, 1.12162857546534
3.0639073E+02, 1.12043427802932
3.0639498E+02, 1.11924157754318
3.0639922E+02, 1.11805057660436
3.0640347E+02, 1.11686123026362
3.0640772E+02, 1.11567337144978
3.0641197E+02, 1.11448667006331
3.0641622E+02, 1.11330062499665
3.0642047E+02, 1.11211450204545
3.0642472E+02, 1.11092735264451
3.0642896E+02, 1.10973807804125
3.0643321E+02, 1.10854543335715
3.0643746E+02, 1.10734803420456
3.0644171E+02, 1.10614406480445
3.0644596E+02, 1.10493237754582
3.0645021E+02, 1.10371173803811
3.0645446E+02, 1.10248121112725
3.0645870E+02, 1.10123952587891
3.0646295E+02, 1.10001778695564
3.0646720E+02, 1.09887755344438
3.0647145E+02, 1.09775388265698
3.0647570E+02, 1.09661992894989
3.0647995E+02, 1.09547750665692
3.0648420E+02, 1.09432891454222
3.0648844E+02, 1.09317694748070
3.0649269E+02, 1.09202277736659
3.0649694E+02, 1.09086823165488
3.0650119E+02, 1.08971491227024
3.0650544E+02, 1.08968684775266
3.0650969E+02, 1.08853093425880
3.0651393E+02, 1.08737580904396
3.0651818E+02, 1.08622143845703
3.0652243E+02, 1.08506802569768
3.0652668E+02, 1.08391576465365
3.0653093E+02, 1.08276487622286
3.0653518E+02, 1.08161557644189
3.0653943E+02, 1.08046804710971
3.0654367E+02, 1.07932242694360
3.0654792E+02, 1.07817881191883
3.0655217E+02, 1.07703713751606
3.0655642E+02, 1.07589728472977
3.0656067E+02, 1.07475905761709
3.0656492E+02, 1.07362219321066
3.0656917E+02, 1.07248637573456
3.0657341E+02, 1.07135125558517
3.0657766E+02, 1.07021651393425
3.0658191E+02, 1.06908175628180
3.0658616E+02, 1.06794664278886
3.0659041E+02, 1.06681087246136
3.0659466E+02, 1.06567419685245
3.0659891E+02, 1.06453643022498
3.0660315E+02, 1.06339745566710
3.0660740E+02, 1.06225729163136
3.0661165E+02, 1.06111596340685
3.0661590E+02, 1.05997353647669
3.0662015E+02, 1.05883014998001
3.0662440E+02, 1.05768598256010
3.0662865E+02, 1.05654123882377
3.0663289E+02, 1.05539613528602
3.0663714E+02, 1.05425101436368
3.0664139E+02, 1.05310604176500
3.0664564E+02, 1.05196134008528
3.0664989E+02, 1.05081704776060
3.0665414E+02, 1.04967326419252
3.0665838E+02, 1.04853004682476
3.0666263E+02, 1.04738741046592
3.0666688E+02, 1.04624549115562
3.0667113E+02, 1.04510414391346
3.0667538E+02, 1.04396321131397
3.0667963E+02, 1.04282256363125
3.0668388E+02, 1.04168204794219
3.0668812E+02, 1.04054149380806
3.0669237E+02, 1.03940071921538
3.0669662E+02, 1.03825967647636
3.0670087E+02, 1.03711814943552
3.0670512E+02, 1.03583989025203
3.0670937E+02, 1.03470586298730
3.0671362E+02, 1.03357120063593
3.0671786E+02, 1.03243593832577
3.0672211E+02, 1.03130015290930
3.0672636E+02, 1.03016396578189
3.0673061E+02, 1.02902738585089
3.0673486E+02, 1.02789054174035
3.0673911E+02, 1.02675360555340
3.0674336E+02, 1.02561679662822
3.0674760E+02, 1.02448038170487
3.0675185E+02, 1.02334467017551
3.0675610E+02, 1.02221019798142
3.0676035E+02, 1.02107715472976
3.0676460E+02, 1.01994586782546
3.0676885E+02, 1.01881661861031
3.0677309E+02, 1.01768959854262
3.0677734E+02, 1.01656486606402
3.0678159E+02, 1.01544230210041
3.0678584E+02, 1.01432159063356
3.0679009E+02, 1.01320222792966
3.0679434E+02, 1.01208313755391
3.0679859E+02, 1.01096308400770
3.0680283E+02, 1.00984050373173
3.0680708E+02, 1.00871350695097
3.0681133E+02, 1.00757989336755
3.0681558E+02, 1.00643718408729
3.0681983E+02, 1.00528243104705
3.0682408E+02, 1.00411214564992
3.0682833E+02, 1.00292355104388
3.0683257E+02, 1.00171357937713
3.0683682E+02, 1.00047939940152
3.0684107E+02, 0.999382932779611
3.0684532E+02, 0.998362385682916
3.0684957E+02, 0.997330634688305
3.0685382E+02, 0.996284716456421
3.0685807E+02, 0.995225785966025
3.0686231E+02, 0.994155321932737
3.0686656E+02, 0.993075112423592
3.0687081E+02, 0.991987118211874
3.0687506E+02, 0.990893339080307
3.0687931E+02, 0.989795694454853
3.0688356E+02, 0.988695926262266
3.0688780E+02, 0.987595528587379
3.0689205E+02, 0.986495704677224
3.0689630E+02, 0.985397348621086
3.0690055E+02, 0.984301089728187
3.0690480E+02, 0.983867213763960
3.0690905E+02, 0.982763332024507
3.0691330E+02, 0.981659253421487
3.0691754E+02, 0.980555033543213
3.0692179E+02, 0.979450700762593
3.0692604E+02, 0.978346268330531
3.0693029E+02, 0.977241655389300
3.0693454E+02, 0.976136906058681
3.0693879E+02, 0.975032007872340
3.0694304E+02, 0.973926918850569
3.0694728E+02, 0.972821587730289
3.0695153E+02, 0.971715955251070
3.0695578E+02, 0.970609955216732
3.0696003E+02, 0.969503515556408
3.0696428E+02, 0.968396559280082
3.0696853E+02, 0.967288963072509
3.0697278E+02, 0.966180592711999
3.0697702E+02, 0.965071455946763
3.0698127E+02, 0.963961467525183
3.0698552E+02, 0.962850544456855
3.0698977E+02, 0.961738608435353
3.0699402E+02, 0.960625588828615
3.0699827E+02, 0.959511424984385
3.0700251E+02, 0.958396068918870
3.0700676E+02, 0.957279432877702
3.0701101E+02, 0.956161457976446
3.0701526E+02, 0.955042259565303
3.0701951E+02, 0.953921861914447
3.0702376E+02, 0.952800308417994
3.0702801E+02, 0.951677660739913
3.0703225E+02, 0.950553996976957
3.0703650E+02, 0.949429408990925
3.0704075E+02, 0.948303984888525
3.0704500E+02, 0.947177728882704
3.0704925E+02, 0.946050893796992
3.0705350E+02, 0.944923586469115
3.0705775E+02, 0.943795904528665
3.0706199E+02, 0.942667931207025
3.0706624E+02, 0.941539730578319
3.0707049E+02, 0.940411343129848
3.0707474E+02, 0.939282756868169
3.0707899E+02, 0.938153913773955
3.0708324E+02, 0.937024856024891
3.0708749E+02, 0.935895503631051
3.0709173E+02, 0.934765746525751
3.0709598E+02, 0.933635447728126
3.0710023E+02, 0.932504448322838
3.0710448E+02, 0.931665935931630
3.0710873E+02, 0.930536869750123
3.0711298E+02, 0.929406716112073
3.0711723E+02, 0.928275556672749
3.0712147E+02, 0.927143528218419
3.0712572E+02, 0.926010671913063
3.0712997E+02, 0.924877084749941
3.0713422E+02, 0.923742871513829
3.0713847E+02, 0.922608148581954
3.0714272E+02, 0.921473048298263
3.0714696E+02, 0.920337722739216
3.0715121E+02, 0.919202517285051
3.0715546E+02, 0.918067561645066
3.0715971E+02, 0.916933024308071
3.0716396E+02, 0.915799118991504
3.0716821E+02, 0.914666042156581
3.0717246E+02, 0.913533941741513
3.0717670E+02, 0.912402884287976
3.0718095E+02, 0.911272908329275
3.0718520E+02, 0.910144024631369
3.0718945E+02, 0.909015472360704
3.0719370E+02, 0.907886480761855
3.0719795E+02, 0.906755923494022
3.0720220E+02, 0.905622258036845
3.0720644E+02, 0.904483464746762
3.0721069E+02, 0.903336989149932
3.0721494E+02, 0.902180001496803
3.0721919E+02, 0.901008350584456
3.0722344E+02, 0.899859227285243
3.0722769E+02, 0.898783427228316
3.0723194E+02, 0.897725445159548
3.0723618E+02, 0.896662992959934
3.0724043E+02, 0.895595052630992
3.0724468E+02, 0.894520851987532
3.0724893E+02, 0.893439891997505
3.0725318E+02, 0.892351963366689
3.0725743E+02, 0.891256917434729
3.0726167E+02, 0.890155091075961
3.0726592E+02, 0.889047446247161
3.0727017E+02, 0.887934786180252
3.0727442E+02, 0.886818050718890
3.0727867E+02, 0.885698259195786
3.0728292E+02, 0.884576446569194
3.0728717E+02, 0.883453605505612
3.0729141E+02, 0.882330635450385
3.0729566E+02, 0.881208117429761
3.0729991E+02, 0.880086793851770
3.0730416E+02, 0.878967150295423
3.0730841E+02, 0.878527831516848
3.0731266E+02, 0.877404066676543
3.0731691E+02, 0.876280164845412
3.0732115E+02, 0.875156227664867
3.0732540E+02, 0.874032490067752
3.0732965E+02, 0.872909047873375
3.0733390E+02, 0.871785948357289
3.0733815E+02, 0.870663188376256
3.0734240E+02, 0.869540722224938
3.0734665E+02, 0.868418464574143
3.0735089E+02, 0.867296299971653
3.0735514E+02, 0.866174003196464
3.0735939E+02, 0.865051521407132
3.0736364E+02, 0.863928702985394
3.0736789E+02, 0.862805399880596
3.0737214E+02, 0.861681472110623
3.0737638E+02, 0.860556797167519
3.0738063E+02, 0.859431274119153
3.0738488E+02, 0.858304828755168
3.0738913E+02, 0.857177346491568
3.0739338E+02, 0.856048886644385
3.0739763E+02, 0.854919466051818
3.0740188E+02, 0.853789110865941
3.0740612E+02, 0.852657864146713
3.0741037E+02, 0.851525782392766
3.0741462E+02, 0.850392932410224
3.0741887E+02, 0.849259378233575
3.0742312E+02, 0.848125182468315
3.0742737E+02, 0.846990467845353
3.0743162E+02, 0.845855301234592
3.0743586E+02, 0.844719743073267
3.0744011E+02, 0.843583848714512
3.0744436E+02, 0.842447666541371
3.0744861E+02, 0.841311239505396
3.0745286E+02, 0.840174619904713
3.0745711E+02, 0.839037868663786
3.0746136E+02, 0.837901018878980
3.0746560E+02, 0.836764101597809
3.0746985E+02, 0.835627144756774
3.0747410E+02, 0.834490172960184
3.0747835E+02, 0.833353205185532
3.0748260E+02, 0.832216281887151
3.0748685E+02, 0.831079438406964
3.0749109E+02, 0.829942632030662
3.0749534E+02, 0.828805827087515
3.0749959E+02, 0.827668968963647
3.0750384E+02, 0.826531982026951
3.0750809E+02, 0.825723071716280
3.0751234E+02, 0.824579954268414
3.0751659E+02, 0.823436474809525
3.0752083E+02, 0.822292747791592
3.0752508E+02, 0.821149141008714
3.0752933E+02, 0.820005592051447
3.0753358E+02, 0.818862172484632
3.0753783E+02, 0.817718985624960
3.0754208E+02, 0.816576120662578
3.0754633E+02, 0.815433653002957
3.0755057E+02, 0.814291636110020
3.0755482E+02, 0.813150485733046
3.0755907E+02, 0.812009908761899
3.0756332E+02, 0.810869769049111
3.0756757E+02, 0.809729927235864
3.0757182E+02, 0.808590162359472
3.0757607E+02, 0.807450164102348
3.0758031E+02, 0.806309515304248
3.0758456E+02, 0.805168095200593
3.0758881E+02, 0.804025036822729
3.0759306E+02, 0.802879411157046
3.0759731E+02, 0.801730347872072
3.0760156E+02, 0.800576903083798
3.0760581E+02, 0.799447894798203
3.0761005E+02, 0.798338104331015
3.0761430E+02, 0.797227571766379
3.0761855E+02, 0.796114275939634
3.0762280E+02, 0.794998452569839
3.0762705E+02, 0.793880515907876
3.0763130E+02, 0.792760952952284
3.0763554E+02, 0.791640307764943
3.0763979E+02, 0.790519154640980
3.0764404E+02, 0.789398062586017
3.0764829E+02, 0.788277575282877
3.0765254E+02, 0.787158518143059
3.0765679E+02, 0.786041084463038
3.0766104E+02, 0.784925602448818
3.0766528E+02, 0.783812368178038
3.0766953E+02, 0.782701595155307
3.0767378E+02, 0.781593409337805
3.0767803E+02, 0.780487855133622
3.0768228E+02, 0.779384890815078
3.0768653E+02, 0.778284411796523
3.0769078E+02, 0.777186416560362
3.0769502E+02, 0.776090579893583
3.0769927E+02, 0.774996601127006
3.0770352E+02, 0.773904221906809
3.0770777E+02, 0.773853209134641
3.0771202E+02, 0.772742824432934
3.0771627E+02, 0.771635206847654
3.0772052E+02, 0.770530472990621
3.0772476E+02, 0.769428674958541
3.0772901E+02, 0.768329813748577
3.0773326E+02, 0.767233877206082
3.0773751E+02, 0.766140861210756
3.0774176E+02, 0.765050672189139
3.0774601E+02, 0.763963248893432
3.0775025E+02, 0.762878536211495
3.0775450E+02, 0.761796486431072
3.0775875E+02, 0.760717065184633
3.0776300E+02, 0.759640253975035
3.0776725E+02, 0.758566056171104
3.0777150E+02, 0.757494491477100
3.0777575E+02, 0.756425599531676
3.0777917E+02, 0.755566240673026
3.0778259E+02, 0.754708673231084
3.0778602E+02, 0.753852929258573
3.0778944E+02, 0.752999046695093
3.0779287E+02, 0.752147064145031
3.0779629E+02, 0.751297093016944
3.0779971E+02, 0.750449251361131
3.0780314E+02, 0.749603407350621
3.0780656E+02, 0.748759592475513
3.0780999E+02, 0.747917835228128
3.0781341E+02, 0.747078160656591
3.0781683E+02, 0.746240589233633
3.0782026E+02, 0.745405415658443
3.0782368E+02, 0.744572370880678
3.0782711E+02, 0.743741446680208
3.0783053E+02, 0.742912646461162
3.0783395E+02, 0.742085970828060
3.0783738E+02, 0.741261448778543
3.0784080E+02, 0.740439374193373
3.0784423E+02, 0.739619405655764
3.0784765E+02, 0.738801545814847
3.0785107E+02, 0.737985801073347
3.0785450E+02, 0.737172185670608
3.0785792E+02, 0.736360974945142
3.0786134E+02, 0.735552091363788
3.0786477E+02, 0.734745406575108
3.0786819E+02, 0.733940969149267
3.0787162E+02, 0.733138839035203
3.0787504E+02, 0.732339317768990
3.0787846E+02, 0.731542497510800
3.0788189E+02, 0.730748209513336
3.0788531E+02, 0.729956557108495
3.0788874E+02, 0.729167652610881
3.0789216E+02, 0.728381971572987
3.0789558E+02, 0.727599448451338
3.0789901E+02, 0.726820005009744
3.0790243E+02, 0.726043757318259
3.0790586E+02, 0.726538496324362
3.0790928E+02, 0.725761000890447
3.0791270E+02, 0.724986278260406
3.0791613E+02, 0.724214477959073
3.0791955E+02, 0.723446086551253
3.0792298E+02, 0.722680896408636
3.0792640E+02, 0.721918976881605
3.0792982E+02, 0.721160433353062
3.0793325E+02, 0.720405645793208
3.0793667E+02, 0.719654484380038
3.0794010E+02, 0.718906833056258
3.0794352E+02, 0.718162702760350
3.0794694E+02, 0.717422362286516
3.0795037E+02, 0.716685517674151
3.0795379E+02, 0.715951960318394
3.0795722E+02, 0.715221605299722
3.0796064E+02, 0.714494571640790
3.0796406E+02, 0.713770350113058
3.0796749E+02, 0.713048786360349
3.0797091E+02, 0.712329774824053
3.0797434E+02, 0.711613046248363
3.0797776E+02, 0.710898389290594
3.0798118E+02, 0.710185755993266
3.0798461E+02, 0.709474805909818
3.0798803E+02, 0.708765540123022
3.0799146E+02, 0.708058128742360
3.0799488E+02, 0.707352475270793
3.0799830E+02, 0.706648435373172
3.0800173E+02, 0.705946811382525
3.0800515E+02, 0.705248123310226
3.0800857E+02, 0.704551699478488
3.0801200E+02, 0.703859355681108
3.0801542E+02, 0.703172083888105
3.0801885E+02, 0.702489500748744
3.0802227E+02, 0.701813625751286
3.0802569E+02, 0.701146190326620
3.0802912E+02, 0.700487054167880
3.0803254E+02, 0.699829778514916
3.0803597E+02, 0.699166263787656
3.0803939E+02, 0.698497175196163
3.0804281E+02, 0.697826377545881
3.0804624E+02, 0.697154154882807
3.0804966E+02, 0.696483928245530
3.0805309E+02, 0.695814572480292
3.0805651E+02, 0.695146184655780
3.0805993E+02, 0.694481730381092
3.0806336E+02, 0.693820103089242
3.0806678E+02, 0.693161201263575
3.0807021E+02, 0.692507540999717
3.0807363E+02, 0.691857694658735
3.0807705E+02, 0.691211599790725
3.0808048E+02, 0.690571391678201
3.0808390E+02, 0.689935158640043
3.0808733E+02, 0.689303382795318
3.0809075E+02, 0.688676831608280
3.0809417E+02, 0.688054216734918
3.0809760E+02, 0.687436162473879
3.0810102E+02, 0.686822240782551
3.0810445E+02, 0.686716488650342
3.0810787E+02, 0.686112965913619
3.0811129E+02, 0.685514094550117
3.0811472E+02, 0.684919867125652
3.0811814E+02, 0.684330263817440
3.0812157E+02, 0.683744810219494
3.0812499E+02, 0.683163978016058
3.0812841E+02, 0.682587046677694
3.0813184E+02, 0.682014445088755
3.0813526E+02, 0.681445836552441
3.0813869E+02, 0.680881090744266
3.0814211E+02, 0.680320428531261
3.0814553E+02, 0.679763176561093
3.0814896E+02, 0.679210062680130
3.0815238E+02, 0.678660007674275
3.0815581E+02, 0.678113913171472
3.0815923E+02, 0.677570945296114
3.0816265E+02, 0.677031580714743
3.0816608E+02, 0.676495402541572
3.0816950E+02, 0.675962500557665
3.0817292E+02, 0.675432830831687
3.0817635E+02, 0.674906136275532
3.0817977E+02, 0.674382698601547
3.0818320E+02, 0.673861955791762
3.0818662E+02, 0.673344466987435
3.0819073E+02, 0.672726786310715
3.0819484E+02, 0.672113523166600
3.0819895E+02, 0.671503680022675
3.0820306E+02, 0.670897610723266
3.0820716E+02, 0.670295365049861
3.0821127E+02, 0.669695887680739
3.0821538E+02, 0.669100164606751
3.0821949E+02, 0.668507045122504
3.0822360E+02, 0.667916889149175
3.0822771E+02, 0.667329638584473
3.0823182E+02, 0.666744282598490
3.0823593E+02, 0.666161869558462
3.0824003E+02, 0.665580750093769
3.0824414E+02, 0.665001924537261
3.0824907E+02, 0.664309570171414
3.0825400E+02, 0.663618609860358
3.0825893E+02, 0.662929653705467
3.0826387E+02, 0.662242316095117
3.0826880E+02, 0.661554963573121
3.0827373E+02, 0.660868643997799
3.0827866E+02, 0.660183103387593
3.0828359E+02, 0.659496666545208
3.0828852E+02, 0.658810231257863
3.0829345E+02, 0.658123778262060
3.0829838E+02, 0.657435980386051
3.0830331E+02, 0.656747233338419
3.0830824E+02, 0.652688760979236
3.0831317E+02, 0.652012849039602
3.0831810E+02, 0.651337085771746
3.0832303E+02, 0.650661307892626
3.0832796E+02, 0.649985373270309
3.0833289E+02, 0.649309264595998
3.0833782E+02, 0.648632879016309
3.0834275E+02, 0.647956204071141
3.0834768E+02, 0.647279281086217
3.0835261E+02, 0.646602037250904
3.0835754E+02, 0.645924579763811
3.0836247E+02, 0.645247012730372
3.0836741E+02, 0.644569264284089
3.0837234E+02, 0.643891557154232
3.0837727E+02, 0.643214063112971
3.0838220E+02, 0.642536690790466
3.0838713E+02, 0.641859783432716
3.0839206E+02, 0.641183574973328
3.0839699E+02, 0.640508026144219
3.0840192E+02, 0.639833524406758
3.0840685E+02, 0.639160369993971
3.0841178E+02, 0.638488556192714
3.0841671E+02, 0.637818486500451
3.0842164E+02, 0.637150506742286
3.0842657E+02, 0.636484612515285
3.0843150E+02, 0.635821216115912
3.0843643E+02, 0.635160674888076
3.0844136E+02, 0.634502937732644
3.0844629E+02, 0.633848436785516
3.0845122E+02, 0.633197496448674
3.0845615E+02, 0.632549959894929
3.0846108E+02, 0.631906328428617
3.0846602E+02, 0.631266792729390
3.0847095E+02, 0.630631201880085
3.0847588E+02, 0.630000020572391
3.0848081E+02, 0.629373246039716
3.0848574E+02, 0.628750862746954
3.0849067E+02, 0.628133229592762
3.0849560E+02, 0.627520100762509
3.0850053E+02, 0.626911735391750
3.0850546E+02, 0.626886391789305
3.0851039E+02, 0.626279667933985
3.0851532E+02, 0.625677610169600
3.0852025E+02, 0.625080058802632
3.0852518E+02, 0.624487288726365
3.0853011E+02, 0.623899173550377
3.0853504E+02, 0.623315768352651
3.0853997E+02, 0.622737257307636
3.0854490E+02, 0.622163352169778
3.0854983E+02, 0.621594521994165
3.0855476E+02, 0.621030327308076
3.0855969E+02, 0.620471101968969
3.0856463E+02, 0.619916658070956
3.0856956E+02, 0.619366987196453
3.0857449E+02, 0.618822226798651
3.0857942E+02, 0.618281951671861
3.0858435E+02, 0.617746670865423
3.0858928E+02, 0.617215499947479
3.0859421E+02, 0.616689321417954
3.0859914E+02, 0.616166891118240
3.0860407E+02, 0.615649132685749
3.0860900E+02, 0.615134784841389
3.0861393E+02, 0.614624645511261
3.0861886E+02, 0.614117474906620
3.0862379E+02, 0.613613940208263
3.0862872E+02, 0.613112784295848
3.0863365E+02, 0.612614563626641
3.0863858E+02, 0.612117980050595
3.0864351E+02, 0.611623485299964
3.0864844E+02, 0.611129748913329
3.0865337E+02, 0.610637092044691
3.0865830E+02, 0.610144211828230
3.0866324E+02, 0.609651222722500
3.0866817E+02, 0.609156955892181
3.0867310E+02, 0.608661188236737
3.0867803E+02, 0.608163034033711
3.0868296E+02, 0.607661778592194
3.0868789E+02, 0.607156969277180
3.0869282E+02, 0.606647271172825
3.0869775E+02, 0.606132739237963
3.0870268E+02, 0.605611415558465
3.0870761E+02, 0.604291261929359
3.0871254E+02, 0.603785875485303
3.0871747E+02, 0.603275597269346
3.0872240E+02, 0.602759641846617
3.0872733E+02, 0.602238251476534
3.0873226E+02, 0.601710081396634
3.0873719E+02, 0.601176089957895
3.0874212E+02, 0.600634359356950
3.0874705E+02, 0.600093080854673
3.0875198E+02, 0.599573187291743
3.0875691E+02, 0.599054334121157
3.0876185E+02, 0.598538520005057
3.0876678E+02, 0.598020646343999
3.0877171E+02, 0.597498801933575
3.0877664E+02, 0.596973398513798
3.0878157E+02, 0.596443467198101
3.0878650E+02, 0.595908768069767
3.0879143E+02, 0.595369462037460
3.0879636E+02, 0.594824462348936
3.0880129E+02, 0.594275207000098
3.0880622E+02, 0.593719598919688
3.0881115E+02, 0.593160203016576
3.0881608E+02, 0.592594505066054
3.0882101E+02, 0.592024960047410
3.0882594E+02, 0.591450437492854
3.0883087E+02, 0.590871618780005
3.0883580E+02, 0.590289256281264
3.0884073E+02, 0.589702214671454
3.0884566E+02, 0.589112627774449
3.0885059E+02, 0.588518904741137
3.0885552E+02, 0.587922598509412
3.0886046E+02, 0.587323725225776
3.0886539E+02, 0.586721613591853
3.0887032E+02, 0.586118003180095
3.0887525E+02, 0.585511261722791
3.0888018E+02, 0.584902843115020
3.0888511E+02, 0.584292805510530
3.0889004E+02, 0.583680094892606
3.0889497E+02, 0.583066515750575
3.0889990E+02, 0.582450679727935
3.0890483E+02, 0.581833388267422
3.0890976E+02, 0.579997683193445
3.0891469E+02, 0.579372490611420
3.0891962E+02, 0.578745353417999
3.0892455E+02, 0.578116897629142
3.0892948E+02, 0.577486536439577
3.0893441E+02, 0.576854827826065
3.0893934E+02, 0.576222036433234
3.0894427E+02, 0.575587611100887
3.0894920E+02, 0.574952476721986
3.0895413E+02, 0.574316557019576
3.0895907E+02, 0.573679756830485
3.0896400E+02, 0.573042797531977
3.0896893E+02, 0.572405414644538
3.0897386E+02, 0.571767923137839
3.0897879E+02, 0.571130857860424
3.0898372E+02, 0.570493779035734
3.0898865E+02, 0.569857384840720
3.0899358E+02, 0.569221953479314
3.0899851E+02, 0.568587046184647
3.0900344E+02, 0.567953537184546
3.0900837E+02, 0.567321361655546
3.0901330E+02, 0.566690461894614
3.0901823E+02, 0.566061500500101
3.0902316E+02, 0.565434162145320
3.0902809E+02, 0.564808814325107
3.0903302E+02, 0.564185880442529
3.0903795E+02, 0.563564719734417
3.0904288E+02, 0.562946201029285
3.0904781E+02, 0.562330170835791
3.0905274E+02, 0.561716490221647
3.0905768E+02, 0.561105750150606
3.0906261E+02, 0.560497393862033
3.0906754E+02, 0.559891922601960
3.0907247E+02, 0.559289364298708
3.0907740E+02, 0.558689333775838
3.0908233E+02, 0.558092477234740
3.0908726E+02, 0.557498172477960
3.0909219E+02, 0.556906843919587
3.0909712E+02, 0.556318430171327
3.0910205E+02, 0.555732589811147
3.0910698E+02, 0.555333146407518
3.0911191E+02, 0.554746069220349
3.0911684E+02, 0.554161555676001
3.0912177E+02, 0.553579811316203
3.0912670E+02, 0.553000575292629
3.0913163E+02, 0.552423940038058
3.0913656E+02, 0.551849772282203
3.0914149E+02, 0.551278007966643
3.0914642E+02, 0.550708668807348
3.0915135E+02, 0.550141523950170
3.0915628E+02, 0.549576696347496
3.0916122E+02, 0.549013899730169
3.0916615E+02, 0.548453192761364
3.0917108E+02, 0.547894390619221
3.0917601E+02, 0.547337442561614
3.0918094E+02, 0.546782285652113
3.0918587E+02, 0.546228761134379
3.0919080E+02, 0.545676929334053
3.0919573E+02, 0.545126549446287
3.0920066E+02, 0.544577738391959
3.0920559E+02, 0.544030277430230
3.0921052E+02, 0.543484262529300
3.0921545E+02, 0.542939569854906
3.0922038E+02, 0.542396256831049
3.0922531E+02, 0.541854307018287
3.0923024E+02, 0.541313739075387
3.0923517E+02, 0.540774664217892
3.0924109E+02, 0.540129735578181
3.0924701E+02, 0.539487283736919
3.0925292E+02, 0.538847399961477
3.0925884E+02, 0.538210386901221
3.0926476E+02, 0.537576798627514
3.0927067E+02, 0.536946802212894
3.0927659E+02, 0.536320977829793
3.0928251E+02, 0.535699903787373
3.0928842E+02, 0.535083896180172
3.0929434E+02, 0.534473870001814
3.0930026E+02, 0.533870173368558
3.0930617E+02, 0.532173325502550
3.0931209E+02, 0.531608680011959
3.0931801E+02, 0.531052108717200
3.0932392E+02, 0.530504674559569
3.0932984E+02, 0.529966450081929
3.0933576E+02, 0.529438170820718
3.0934167E+02, 0.528920110232657
3.0934759E+02, 0.528412766076439
3.0935350E+02, 0.527916482273488
3.0935942E+02, 0.527431637513963
3.0936534E+02, 0.526958464300704
3.0937125E+02, 0.526497397585473
3.0937717E+02, 0.526048355721057
3.0938309E+02, 0.525612020780526
3.0938900E+02, 0.525187848256865
3.0939492E+02, 0.524776838377850
3.0940084E+02, 0.524378294757767
3.0940675E+02, 0.523992582699947
3.0941267E+02, 0.523619831107601
3.0941859E+02, 0.523259618474987
3.0942450E+02, 0.522912393824615
3.0943042E+02, 0.522577827590369
3.0943634E+02, 0.522255671822863
3.0944225E+02, 0.521946182839883
3.0944817E+02, 0.521649060531683
3.0945409E+02, 0.521364044282664
3.0945898E+02, 0.521137385690034
3.0946387E+02, 0.520919057727349
3.0946877E+02, 0.520708787301211
3.0947366E+02, 0.520506479664222
3.0947856E+02, 0.520312040957657
3.0948345E+02, 0.520125413556097
3.0948834E+02, 0.519946579693060
3.0949324E+02, 0.519775381481308
3.0949813E+02, 0.519611743488497
3.0950303E+02, 0.519455597411276
3.0950710E+02, 0.517328696330334
3.0951118E+02, 0.517220798596232
3.0951525E+02, 0.517118597305935
3.0951933E+02, 0.517022056752986
3.0952341E+02, 0.516930989654091
3.0952748E+02, 0.516845373212770
3.0953156E+02, 0.516765196275372
3.0953564E+02, 0.516690454732800
3.0953971E+02, 0.516621149399074
3.0954379E+02, 0.516557285459214
3.0954786E+02, 0.516498872212479
3.0955194E+02, 0.516445922844564
3.0955602E+02, 0.516398454018868
3.0956009E+02, 0.516356485469780
3.0956417E+02, 0.516320039634577
3.0956825E+02, 0.516289141197272
3.0957232E+02, 0.516263816192449
3.0957640E+02, 0.516244091910543
3.0958047E+02, 0.516229997054580
3.0958455E+02, 0.516221558798044
3.0958863E+02, 0.516218802821474
3.0959270E+02, 0.516221754228481
3.0959678E+02, 0.516230436425971
3.0960085E+02, 0.516244870073518
3.0960493E+02, 0.516265072025464
3.0960901E+02, 0.516291055009174
3.0961308E+02, 0.516322826772270
3.0961797E+02, 0.516368602710143
3.0962287E+02, 0.516422690948044
3.0962776E+02, 0.516485068341097
3.0963265E+02, 0.516555712963788
3.0963754E+02, 0.516634583469519
3.0964243E+02, 0.516721616800188
3.0964732E+02, 0.516816730255300
3.0965222E+02, 0.516919822686382
3.0965711E+02, 0.517030775015011
3.0966200E+02, 0.517149450649874
3.0966689E+02, 0.517275224023360
3.0967178E+02, 0.517408143417886
3.0967667E+02, 0.517548100088681
3.0968156E+02, 0.517694876119611
3.0968646E+02, 0.517848239636745
3.0969135E+02, 0.518007945957364
3.0969624E+02, 0.518173731628409
3.0970113E+02, 0.518344044842902
3.0970602E+02, 0.515276447569538
3.0971091E+02, 0.515418565352727
3.0971580E+02, 0.515565539175306
3.0972070E+02, 0.515716989810146
3.0972559E+02, 0.515872514143264
3.0973048E+02, 0.516031713685947
3.0973537E+02, 0.516194153140876
3.0974026E+02, 0.516359142668816
3.0974515E+02, 0.516526396884178
3.0975004E+02, 0.516695492402827
3.0975494E+02, 0.516866004088167
3.0975983E+02, 0.517037505705162
3.0976472E+02, 0.517209415333665
3.0976961E+02, 0.517380783244982
3.0977450E+02, 0.517551673223776
3.0977939E+02, 0.517721663189850
3.0978428E+02, 0.517890333572738
3.0978918E+02, 0.518057267025402
3.0979407E+02, 0.518221716341705
3.0979896E+02, 0.518382734565938
3.0980385E+02, 0.518540641521456
3.0980874E+02, 0.518695043065942
3.0981363E+02, 0.518845548599823
3.0981852E+02, 0.518991771112329
3.0982342E+02, 0.519133326957754
3.0982831E+02, 0.519268931231673
3.0983320E+02, 0.519398701773988
3.0983809E+02, 0.519522640505370
3.0984298E+02, 0.519640399588844
3.0984787E+02, 0.519751637224457
3.0985276E+02, 0.519856018389653
3.0985766E+02, 0.519953215215196
3.0986255E+02, 0.520042906810962
3.0986744E+02, 0.520124778064000
3.0987233E+02, 0.520198223335788
3.0987722E+02, 0.520262740197267
3.0988211E+02, 0.520318598566733
3.0988700E+02, 0.520365511529287
3.0989190E+02, 0.520403194836164
3.0989679E+02, 0.520431367323547
3.0990168E+02, 0.520449751400205
3.0990657E+02, 0.521091971020996
3.0991146E+02, 0.521092655779999
3.0991635E+02, 0.521083647573777
3.0992124E+02, 0.521064774767642
3.0992614E+02, 0.521035798610617
3.0993103E+02, 0.520996481996574
3.0993592E+02, 0.520946616089744
3.0994081E+02, 0.520886014022575
3.0994570E+02, 0.520814506544178
3.0995059E+02, 0.520731940458130
3.0995549E+02, 0.520638181648491
3.0996038E+02, 0.520533118972956
3.0996442E+02, 0.520437643207263
3.0996847E+02, 0.520334397558191
3.0997252E+02, 0.520223349974962
3.0997656E+02, 0.520104646482372
3.0998061E+02, 0.519978357765682
3.0998465E+02, 0.519844453370380
3.0998870E+02, 0.519703040995924
3.0999275E+02, 0.519554265299955
3.0999679E+02, 0.519398310277237
3.1000084E+02, 0.519235402798974
3.1000489E+02, 0.519066591286042
3.1000893E+02, 0.518892135954769
3.1001298E+02, 0.518712039702661
3.1001702E+02, 0.518526767219603
3.1002107E+02, 0.518336841321636
3.1002512E+02, 0.518143223993823
3.1002916E+02, 0.517948535136466
3.1003321E+02, 0.517751567439450
3.1003726E+02, 0.517553094826850
3.1004130E+02, 0.517353937731821
3.1004535E+02, 0.517155298005073
3.1004939E+02, 0.516961511870979
3.1005344E+02, 0.516770142900237
3.1005749E+02, 0.516582113982452
3.1006153E+02, 0.516398354946966
3.1006558E+02, 0.516219794375009
3.1006963E+02, 0.516050869914330
3.1007367E+02, 0.515890444264920
3.1007772E+02, 0.515738037380751
3.1008176E+02, 0.515594421063387
3.1008581E+02, 0.515460321111267
3.1008986E+02, 0.515336411624520
3.1009390E+02, 0.515223309867701
3.1009795E+02, 0.515123421534593
3.1010200E+02, 0.515036969508067
3.1010604E+02, 0.521183185503607
3.1011009E+02, 0.521100126906161
3.1011413E+02, 0.521022192085162
3.1011818E+02, 0.520950318087784
3.1012223E+02, 0.520885196653421
3.1012627E+02, 0.520827383860839
3.1013032E+02, 0.520777362507454
3.1013437E+02, 0.520735572168132
3.1013841E+02, 0.520702420857256
3.1014246E+02, 0.520678288371129
3.1014651E+02, 0.520663526415693
3.1015055E+02, 0.520658457662304
3.1015460E+02, 0.520663374611739
3.1015864E+02, 0.520678538695126
3.1016269E+02, 0.520704179649774
3.1016674E+02, 0.520740495196520
3.1017078E+02, 0.520787651014817
3.1017483E+02, 0.520845780997256
3.1017888E+02, 0.520914987741451
3.1018292E+02, 0.520995343354223
3.1018697E+02, 0.521086890440244
3.1019101E+02, 0.521189826832391
3.1019506E+02, 0.521305104340679
3.1019911E+02, 0.521431692625426
3.1020315E+02, 0.521569521296690
3.1020720E+02, 0.521718496231415
3.1021125E+02, 0.521878501676133
3.1021529E+02, 0.522049402462765
3.1021934E+02, 0.522231738402887
3.1022338E+02, 0.522426276518629
3.1022743E+02, 0.522631297571917
3.1023148E+02, 0.522846588932453
3.1023552E+02, 0.523071928439892
3.1023957E+02, 0.523308671856072
3.1024362E+02, 0.523556270373492
3.1024766E+02, 0.523813220684240
3.1025171E+02, 0.524079257587041
3.1025575E+02, 0.524356185725572
3.1025980E+02, 0.524642757149886
3.1026385E+02, 0.524937562321082
3.1026789E+02, 0.525241050850964
3.1027194E+02, 0.525554855281965
3.1027599E+02, 0.525875958161439
3.1028003E+02, 0.526204384158517
3.1028408E+02, 0.526542734919134
3.1028812E+02, 0.526887404309156
3.1029217E+02, 0.527238758007541
3.1029622E+02, 0.527598774311180
3.1030026E+02, 0.527964119211602
3.1030431E+02, 0.528132647523975
3.1030836E+02, 0.528523328972437
3.1031321E+02, 0.528999724919806
3.1031807E+02, 0.529484571853321
3.1032292E+02, 0.529976827910966
3.1032778E+02, 0.530476244105912
3.1033263E+02, 0.530981948507819
3.1033749E+02, 0.531493625388025
3.1034234E+02, 0.532010427101745
3.1034636E+02, 0.532441232129040
3.1035037E+02, 0.532874825225196
3.1035439E+02, 0.533310935217043
3.1035840E+02, 0.533749368877102
3.1036241E+02, 0.534189666572807
3.1036643E+02, 0.534631703094060
3.1036974E+02, 0.534997066513779
3.1037304E+02, 0.535363209569026
3.1037635E+02, 0.535729939232483
3.1037966E+02, 0.536097213200379
3.1038297E+02, 0.536464747891884
3.1038628E+02, 0.536832500297838
3.1038959E+02, 0.537200460666943
3.1039290E+02, 0.537568129842921
3.1039620E+02, 0.537935786875587
3.1039951E+02, 0.538303207751478
3.1040282E+02, 0.538670056675625
3.1040613E+02, 0.539036673505366
3.1040944E+02, 0.539402570575160
3.1041275E+02, 0.539767786663763
3.1041672E+02, 0.540205473105206
3.1042069E+02, 0.540641465673150
3.1042466E+02, 0.541076707459520
3.1042863E+02, 0.541510243752307
3.1043260E+02, 0.541942644669337
3.1043736E+02, 0.542459572554668
3.1044213E+02, 0.542974495091030
3.1044689E+02, 0.543487186469412
3.1045166E+02, 0.543998031751951
3.1045642E+02, 0.544506674603178
3.1046119E+02, 0.545013762880293
3.1046595E+02, 0.545518829197977
3.1047071E+02, 0.546022739675995
3.1047548E+02, 0.546524963999156
3.1048024E+02, 0.547026533926832
3.1048501E+02, 0.547526899217256
3.1048977E+02, 0.548027205992493
3.1049454E+02, 0.548526914549371
3.1049930E+02, 0.549027247054809
3.1050407E+02, 0.549527683710549
3.1050883E+02, 0.546988430733816
3.1051359E+02, 0.547523097514638
3.1051836E+02, 0.548060652492831
3.1052312E+02, 0.548601479049054
3.1052789E+02, 0.549145960445895
3.1053265E+02, 0.549694234438840
3.1053742E+02, 0.550246836896517
3.1054218E+02, 0.550803789349780
3.1054694E+02, 0.551365660871829
3.1055171E+02, 0.551932531409283
3.1055647E+02, 0.552504771181664
3.1056124E+02, 0.553082709591894
3.1056600E+02, 0.553666310645961
3.1057077E+02, 0.554256249452413
3.1057553E+02, 0.554852189455355
3.1058030E+02, 0.555454769096965
3.1058506E+02, 0.556064039926376
3.1058982E+02, 0.556679871100514
3.1059459E+02, 0.557302913519514
3.1059935E+02, 0.557932688058500
3.1060412E+02, 0.558569588799941
3.1060888E+02, 0.559213929346178
3.1061365E+02, 0.559864884317523
3.1061841E+02, 0.560523231706701
3.1062318E+02, 0.561189014076098
3.1062794E+02, 0.561861191729908
3.1063270E+02, 0.562540669116533
3.1063747E+02, 0.563227349570106
3.1064223E+02, 0.563920186822953
3.1064700E+02, 0.564619822278584
3.1065176E+02, 0.565326224524956
3.1065653E+02, 0.566038626241702
3.1066129E+02, 0.566756878525552
3.1066605E+02, 0.567481294457782
3.1067082E+02, 0.568211641961730
3.1067558E+02, 0.568946621304783
3.1068035E+02, 0.569686946699873
3.1068511E+02, 0.570432453600693
3.1068988E+02, 0.571182838208977
3.1069464E+02, 0.571936731186061
3.1069941E+02, 0.572695014140971
3.1070417E+02, 0.573457417128111
3.1070893E+02, 0.571537262909801
3.1071370E+02, 0.572309495790473
3.1071846E+02, 0.573085105467606
3.1072323E+02, 0.573863758010632
3.1072799E+02, 0.574645599587737
3.1073276E+02, 0.575430349187545
3.1073752E+02, 0.576217737023980
3.1074229E+02, 0.577006745136572
3.1074705E+02, 0.577797785647100
3.1075181E+02, 0.578590721963969
3.1075658E+02, 0.579385323804801
3.1076134E+02, 0.580181321927626
3.1076611E+02, 0.580977752469204
3.1077087E+02, 0.581775270326960
3.1077564E+02, 0.582573708240365
3.1078040E+02, 0.583372914184188
3.1078517E+02, 0.584172656227174
3.1078993E+02, 0.584972164843015
3.1079469E+02, 0.585772123379096
3.1079946E+02, 0.586572440581889
3.1080422E+02, 0.587373034943908
3.1080899E+02, 0.588173743744130
3.1081375E+02, 0.588973918628826
3.1081852E+02, 0.589774246234987
3.1082328E+02, 0.590574676618884
3.1082804E+02, 0.591375162953837
3.1083281E+02, 0.592175586568634
3.1083757E+02, 0.592975421270315
3.1084234E+02, 0.593775293009918
3.1084710E+02, 0.594575180628421
3.1085187E+02, 0.595375072019925
3.1085663E+02, 0.596174903425566
3.1086140E+02, 0.596974343918865
3.1086616E+02, 0.597773953178696
3.1087092E+02, 0.598573791028999
3.1087569E+02, 0.599373332550538
3.1088045E+02, 0.600171560516605
3.1088522E+02, 0.600961385906402
3.1088998E+02, 0.601752812241932
3.1089475E+02, 0.602545845978547
3.1089951E+02, 0.603340268511980
3.1090428E+02, 0.604135561929779
3.1090904E+02, 0.602940585335456
3.1091380E+02, 0.603703525807342
3.1091857E+02, 0.604467932628951
3.1092333E+02, 0.605234049725799
3.1092810E+02, 0.606001757518816
3.1093286E+02, 0.606771640652991
3.1093763E+02, 0.607544010430115
3.1094239E+02, 0.608319114102134
3.1094716E+02, 0.609096958208756
3.1095192E+02, 0.609877747506994
3.1095668E+02, 0.610661931051991
3.1096145E+02, 0.611449678998591
3.1096621E+02, 0.612241134321592
3.1097098E+02, 0.613035971883692
3.1097574E+02, 0.613834635561284
3.1098051E+02, 0.614637290353710
3.1098527E+02, 0.615443984265132
3.1099003E+02, 0.616254750007587
3.1099480E+02, 0.617069201158585
3.1099956E+02, 0.617887641928580
3.1100433E+02, 0.618710244667271
3.1100909E+02, 0.619537037212947
3.1101386E+02, 0.620368057397081
3.1101862E+02, 0.621203344917883
3.1102339E+02, 0.622042484154735
3.1102815E+02, 0.622886094199836
3.1103291E+02, 0.623734280016632
3.1103768E+02, 0.624587164010183
3.1104244E+02, 0.625444884485227
3.1104721E+02, 0.626307592942267
3.1105197E+02, 0.627175340168278
3.1105674E+02, 0.628048102546614
3.1106150E+02, 0.628926370525751
3.1106627E+02, 0.629810299715738
3.1107103E+02, 0.630700034179814
3.1107579E+02, 0.631595700845216
3.1108056E+02, 0.632497404015083
3.1108532E+02, 0.633405220375953
3.1109009E+02, 0.634319194543353
3.1109485E+02, 0.635239335464962
3.1109962E+02, 0.636165439432072
3.1110438E+02, 0.637097524028009
3.1110915E+02, 0.635850846194991
3.1111391E+02, 0.636781978623744
3.1111867E+02, 0.637717883978289
3.1112344E+02, 0.638658443130404
3.1112820E+02, 0.639603581273540
3.1113297E+02, 0.640553234204632
3.1113773E+02, 0.641507342985576
3.1114250E+02, 0.642465851353758
3.1114726E+02, 0.643428704070000
3.1115202E+02, 0.644395845638252
3.1115679E+02, 0.645367217609294
3.1116155E+02, 0.646342760051705
3.1116632E+02, 0.647322410212307
3.1117108E+02, 0.648306101334510
3.1117585E+02, 0.649293761614093
3.1118061E+02, 0.650285312835251
3.1118538E+02, 0.651280668515475
3.1119014E+02, 0.652279731336761
3.1119490E+02, 0.653282390021847
3.1119967E+02, 0.654288515657648
3.1120443E+02, 0.655297957703019
3.1120920E+02, 0.656310540035001
3.1121396E+02, 0.657326057226084
3.1121873E+02, 0.658344271736657
3.1122349E+02, 0.659364912826093
3.1122826E+02, 0.660387677214398
3.1123302E+02, 0.661412232176798
3.1123778E+02, 0.662438221403335
3.1124255E+02, 0.663465273789451
3.1124731E+02, 0.664493014815467
3.1125208E+02, 0.665521080090961
3.1125684E+02, 0.666549130581811
3.1126161E+02, 0.667576868318747
3.1126637E+02, 0.668604051657424
3.1127113E+02, 0.669630508832338
3.1127590E+02, 0.670656148242176
3.1128066E+02, 0.671680964821380
3.1128543E+02, 0.672705041769089
3.1129019E+02, 0.673728545010729
3.1129496E+02, 0.674751713826937
3.1129972E+02, 0.675774844082325
3.1130449E+02, 0.676798266048342
3.1130925E+02, 0.678288257589626
3.1131401E+02, 0.679328297006659
3.1131878E+02, 0.680367338272146
3.1132354E+02, 0.681405414216718
3.1132831E+02, 0.682442559236062
3.1133307E+02, 0.683478774417277
3.1133784E+02, 0.684514018100516
3.1134260E+02, 0.685548198092629
3.1134737E+02, 0.686581167863350
3.1135213E+02, 0.687612728703859
3.1135689E+02, 0.688642638965730
3.1136166E+02, 0.689670630305921
3.1136642E+02, 0.690696430794147
3.1137119E+02, 0.691719793867363
3.1137595E+02, 0.692740531443790
3.1138072E+02, 0.693758549798305
3.1138548E+02, 0.694773885745913
3.1139025E+02, 0.695786741169038
3.1139501E+02, 0.696797513960121
3.1139977E+02, 0.697806824032021
3.1140454E+02, 0.698815533235832
3.1140930E+02, 0.699825980911388
3.1141407E+02, 0.700841036286320
3.1141883E+02, 0.701855842163474
3.1142360E+02, 0.702869450742959
3.1142836E+02, 0.703882472162444
3.1143312E+02, 0.704895536950183
3.1143789E+02, 0.705909263543025
3.1144265E+02, 0.706924231454342
3.1144742E+02, 0.707940960266390
3.1145218E+02, 0.708959894692911
3.1145695E+02, 0.709981395324488
3.1146171E+02, 0.711005734794745
3.1146648E+02, 0.712033098956942
3.1147124E+02, 0.713063592327070
3.1147600E+02, 0.714097246886275
3.1148077E+02, 0.715134033713604
3.1148553E+02, 0.716173876402127
3.1149030E+02, 0.717216665556555
3.1149506E+02, 0.718262317881920
3.1149983E+02, 0.719310698754943
3.1150459E+02, 0.720361640803655
3.1150936E+02, 0.722246561805628
3.1151412E+02, 0.723320461676630
3.1151888E+02, 0.724396585602023
3.1152365E+02, 0.725474935893580
3.1152841E+02, 0.726555546920372
3.1153318E+02, 0.727638470463048
3.1153794E+02, 0.728723776009590
3.1154271E+02, 0.729811552706654
3.1154747E+02, 0.730901908741798
3.1155224E+02, 0.731994968134560
3.1155700E+02, 0.733090866366223
3.1156176E+02, 0.734189744947954
3.1156653E+02, 0.735291775869079
3.1157129E+02, 0.736397092712822
3.1157606E+02, 0.737505777749727
3.1158082E+02, 0.738617934558096
3.1158559E+02, 0.739733644456662
3.1159035E+02, 0.740852962779568
3.1159511E+02, 0.741975916508493
3.1159988E+02, 0.743102502674111
3.1160464E+02, 0.744232688076836
3.1160941E+02, 0.745366440766956
3.1161417E+02, 0.746503614760788
3.1161894E+02, 0.747644088522003
3.1162370E+02, 0.748787727883224
3.1162847E+02, 0.749934385889163
3.1163323E+02, 0.751083908358804
3.1163799E+02, 0.752236140080598
3.1164276E+02, 0.753390896971066
3.1164752E+02, 0.754548028270260
3.1165229E+02, 0.755707410922571
3.1165705E+02, 0.756868940101532
3.1166182E+02, 0.758032533430167
3.1166658E+02, 0.759198132239439
3.1167135E+02, 0.760365634466816
3.1167611E+02, 0.761535023085904
3.1168007E+02, 0.762508977040741
3.1168403E+02, 0.763484255552779
3.1168800E+02, 0.764460863222232
3.1169196E+02, 0.765438801638590
3.1169592E+02, 0.766418070023870
3.1169988E+02, 0.767398660616357
3.1170384E+02, 0.768380554832717
3.1170781E+02, 0.768663807351647
3.1171177E+02, 0.769663163746857
3.1171573E+02, 0.770663856815793
3.1171969E+02, 0.771665683025791
3.1172366E+02, 0.772668436683930
3.1172762E+02, 0.773671904205171
3.1173158E+02, 0.774675867588903
3.1173554E+02, 0.775680112223606
3.1173950E+02, 0.776684436411847
3.1174347E+02, 0.777688662095663
3.1174743E+02, 0.778692645889332
3.1175139E+02, 0.779696289720239
3.1175535E+02, 0.780699550670261
3.1175932E+02, 0.781702449102651
3.1176328E+02, 0.782705074503002
3.1176724E+02, 0.783707588558857
3.1177120E+02, 0.784710225441685
3.1177516E+02, 0.785713288217353
3.1177913E+02, 0.786717141864306
3.1178309E+02, 0.787722202406956
3.1178705E+02, 0.788728922156165
3.1179101E+02, 0.789737770859070
3.1179498E+02, 0.790749212770310
3.1179894E+02, 0.791763679655099
3.1180290E+02, 0.792781539847311
3.1180686E+02, 0.793803063329060
3.1181082E+02, 0.794828383221646
3.1181479E+02, 0.795857454247401
3.1181875E+02, 0.796890009160102
3.1182271E+02, 0.797925514809152
3.1182667E+02, 0.798963129424782
3.1183063E+02, 0.799988838995002
3.1183460E+02, 0.800979366780145
3.1183856E+02, 0.801965256247425
3.1184252E+02, 0.802958002294589
3.1184648E+02, 0.803956690519434
3.1185045E+02, 0.804960362881888
3.1185441E+02, 0.805968062136696
3.1185837E+02, 0.806978869777789
3.1186233E+02, 0.807991936045610
3.1186629E+02, 0.809006502153971
3.1187026E+02, 0.810021914928634
3.1187422E+02, 0.811037634375778
3.1187818E+02, 0.812053235229204
3.1188214E+02, 0.813068403531858
3.1188611E+02, 0.814082929671143
3.1189007E+02, 0.815096698561740
3.1189403E+02, 0.816109678318178
3.1189799E+02, 0.817121908183826
3.1190195E+02, 0.818133486253526
3.1190592E+02, 0.818136573786704
3.1190988E+02, 0.819172110227694
3.1191384E+02, 0.820207984713592
3.1191780E+02, 0.821243971243902
3.1192177E+02, 0.822279900801944
3.1192573E+02, 0.823315648620860
3.1192969E+02, 0.824351132088045
3.1193365E+02, 0.825386325370266
3.1193761E+02, 0.826421248446232
3.1194158E+02, 0.827455963196620
3.1194554E+02, 0.828490567780875
3.1194950E+02, 0.829525189837208
3.1195346E+02, 0.830559978638515
3.1195742E+02, 0.831595097129625
3.1196139E+02, 0.832630713659476
3.1196535E+02, 0.833666993623482
3.1196931E+02, 0.834704091996870
3.1197327E+02, 0.835742146523900
3.1197724E+02, 0.836781271909165
3.1198120E+02, 0.837821555223238
3.1198516E+02, 0.838863052840864
3.1198912E+02, 0.839905789884816
3.1199308E+02, 0.840949759784571
3.1199705E+02, 0.841994926842398
3.1200101E+02, 0.843041229625879
3.1200497E+02, 0.844088585728764
3.1200893E+02, 0.845136897924250
3.1201290E+02, 0.846186060242221
3.1201686E+02, 0.847235964828859
3.1202082E+02, 0.848286502638596
3.1202478E+02, 0.849337504764614
3.1202874E+02, 0.850388968989750
3.1203271E+02, 0.851440839678527
3.1203667E+02, 0.852493083308462
3.1204063E+02, 0.853545689287386
3.1204459E+02, 0.854598669172044
3.1204855E+02, 0.855652054480461
3.1205252E+02, 0.856705893432918
3.1205648E+02, 0.857760246807560
3.1206044E+02, 0.858815182970238
3.1206440E+02, 0.859870772665351
3.1206837E+02, 0.860927083602118
3.1207233E+02, 0.861984175507212
3.1207629E+02, 0.863042095304858
3.1208025E+02, 0.864100873147566
3.1208421E+02, 0.865160519402441
3.1208818E+02, 0.866221022721968
3.1209214E+02, 0.867282349738855
3.1209610E+02, 0.868344317817198
3.1210006E+02, 0.869406960434350
3.1210403E+02, 0.871822888217932
3.1210799E+02, 0.872889351181725
3.1211195E+02, 0.873951471125542
3.1211591E+02, 0.875009571212364
3.1211987E+02, 0.876063728386083
3.1212384E+02, 0.877113942152302
3.1212780E+02, 0.878160199330794
3.1213176E+02, 0.879202502544205
3.1213572E+02, 0.880240887458809
3.1213969E+02, 0.881275435460860
3.1214365E+02, 0.882306255039634
3.1214761E+02, 0.883333538859597
3.1215157E+02, 0.884357596591257
3.1215553E+02, 0.885378763517512
3.1215950E+02, 0.886397440245304
3.1216346E+02, 0.887414087097267
3.1216742E+02, 0.888429215259679
3.1217138E+02, 0.889443375023317
3.1217534E+02, 0.890457141369872
3.1217931E+02, 0.891471097387673
3.1218327E+02, 0.892485815859191
3.1218723E+02, 0.893501839510441
3.1219119E+02, 0.894519660325847
3.1219516E+02, 0.895539698286250
3.1219912E+02, 0.896562279880495
3.1220308E+02, 0.897587616731380
3.1220704E+02, 0.898615784567695
3.1221100E+02, 0.899642122340780
3.1221497E+02, 0.900652598559087
3.1221893E+02, 0.901650017896726
3.1222289E+02, 0.902652584522386
3.1222685E+02, 0.903659761938477
3.1223082E+02, 0.904670987439285
3.1223478E+02, 0.905685706430487
3.1223874E+02, 0.906703399772989
3.1224270E+02, 0.907723603908794
3.1224666E+02, 0.908745924053674
3.1225063E+02, 0.909770041175784
3.1225459E+02, 0.910795713806313
3.1225855E+02, 0.911822775683235
3.1226251E+02, 0.912851130414123
3.1226648E+02, 0.913880744296822
3.1227044E+02, 0.914911638148028
3.1227440E+02, 0.915943878907284
3.1227836E+02, 0.916977571574246
3.1228232E+02, 0.918012851833308
3.1228629E+02, 0.919049879631420
3.1229025E+02, 0.920088833694998
3.1229421E+02, 0.921129906806073
3.1229817E+02, 0.922173301721682
3.1230213E+02, 0.923219227462789
3.1230610E+02, 0.922324345781639
3.1231006E+02, 0.923397953968598
3.1231402E+02, 0.924473983364150
3.1231798E+02, 0.925552305856456
3.1232195E+02, 0.926632861735783
3.1232591E+02, 0.927715639924223
3.1232987E+02, 0.928800671298856
3.1233383E+02, 0.929888023414608
3.1233779E+02, 0.930977794057498
3.1234176E+02, 0.932070103417448
3.1234572E+02, 0.933165085110610
3.1234968E+02, 0.934262876759713
3.1235364E+02, 0.935363464478254
3.1235761E+02, 0.936466949142602
3.1236157E+02, 0.937573557619495
3.1236553E+02, 0.938683358807843
3.1236949E+02, 0.939796391376169
3.1237345E+02, 0.940912661841508
3.1237742E+02, 0.942032144523033
3.1238138E+02, 0.943154783440396
3.1238534E+02, 0.944280495757843
3.1238930E+02, 0.945408841078778
3.1239326E+02, 0.946539869461390
3.1239723E+02, 0.947673568426595
3.1240119E+02, 0.948809807109887
3.1240515E+02, 0.949948460977550
3.1240911E+02, 0.951089418842707
3.1241308E+02, 0.952232589239873
3.1241704E+02, 0.953377662975011
3.1242100E+02, 0.954524468863796
3.1242496E+02, 0.955673333334870
3.1242892E+02, 0.956824282617010
3.1243289E+02, 0.957977373033708
3.1243685E+02, 0.959132687635024
3.1244081E+02, 0.960290331021163
3.1244477E+02, 0.961449854298128
3.1244874E+02, 0.962611776290929
3.1245270E+02, 0.963776344647863
3.1245666E+02, 0.964943667733477
3.1246062E+02, 0.966113832172956
3.1246458E+02, 0.967286894592721
3.1246855E+02, 0.968462222170690
3.1247251E+02, 0.969640223361210
3.1247647E+02, 0.970820992675379
3.1248043E+02, 0.972004423405619
3.1248440E+02, 0.973190374039854
3.1248836E+02, 0.974378412348601
3.1249232E+02, 0.975567920658854
3.1249628E+02, 0.976759365760713
3.1250024E+02, 0.977952595356493
3.1250421E+02, 0.975481611900406
3.1250817E+02, 0.976707365464112
3.1251213E+02, 0.977935741048699
3.1251609E+02, 0.979166478232085
3.1252005E+02, 0.980398992519949
3.1252402E+02, 0.981632628156004
3.1252798E+02, 0.982868090593274
3.1253194E+02, 0.984105404711895
3.1253590E+02, 0.985344638598711
3.1253987E+02, 0.986585020075005
3.1254383E+02, 0.987828124217415
3.1254779E+02, 0.989074549651149
3.1255175E+02, 0.990325018981857
3.1255571E+02, 0.991579273103031
3.1255968E+02, 0.992839318159889
3.1256364E+02, 0.994106069688803
3.1256760E+02, 0.995380191952763
3.1257156E+02, 0.996661880818965
3.1257553E+02, 0.997952262008277
3.1257949E+02, 0.999251291119681
3.1258345E+02, 1.00052739679269
3.1258741E+02, 1.00177184287909
3.1259137E+02, 1.00302570880958
3.1259534E+02, 1.00428799576859
3.1259930E+02, 1.00555608888803
3.1260326E+02, 1.00682974118669
3.1260722E+02, 1.00810808602881
3.1261118E+02, 1.00938971361913
3.1261515E+02, 1.01067255050856
3.1261911E+02, 1.01195721944471
3.1262307E+02, 1.01324314370549
3.1262703E+02, 1.01452889527595
3.1263100E+02, 1.01581477673704
3.1263496E+02, 1.01710124079539
3.1263892E+02, 1.01838814696807
3.1264288E+02, 1.01967484660784
3.1264612E+02, 1.02072827342680
3.1264936E+02, 1.02178242355554
3.1265261E+02, 1.02283749011740
3.1265585E+02, 1.02389366706588
3.1265909E+02, 1.02495114505553
3.1266233E+02, 1.02601010301815
3.1266557E+02, 1.02707070124947
3.1266881E+02, 1.02813307615366
3.1267205E+02, 1.02919733620079
3.1267529E+02, 1.03026355908560
3.1267854E+02, 1.03133179008465
3.1268178E+02, 1.03240186421712
3.1268502E+02, 1.03347388974313
3.1268826E+02, 1.03454784979103
3.1269150E+02, 1.03562366337309
3.1269474E+02, 1.03670122496317
3.1269798E+02, 1.03778040843742
3.1270122E+02, 1.03886107140987
3.1270447E+02, 1.03709570994945
3.1270771E+02, 1.03818526348881
3.1271095E+02, 1.03927503830700
3.1271419E+02, 1.04036510253426
3.1271743E+02, 1.04145542784318
3.1272067E+02, 1.04254631912157
3.1272391E+02, 1.04363787389469
3.1272715E+02, 1.04473017147105
3.1273104E+02, 1.04604203029049
3.1273493E+02, 1.04735531193394
3.1273882E+02, 1.04866924641103
3.1274271E+02, 1.04998455207624
3.1274660E+02, 1.05130117721546
3.1275049E+02, 1.05261833287616
3.1275438E+02, 1.05393639081096
3.1275827E+02, 1.05525535458942
3.1276216E+02, 1.05657451279484
3.1276605E+02, 1.05789398809242
3.1276994E+02, 1.05921392026985
3.1277383E+02, 1.06053374251028
3.1277772E+02, 1.06185341605588
3.1278161E+02, 1.06317326311420
3.1278550E+02, 1.06449289673270
3.1278939E+02, 1.06581212530029
3.1279328E+02, 1.06713145756203
3.1279717E+02, 1.06845067620073
3.1280106E+02, 1.06976938167014
3.1280494E+02, 1.07108824253756
3.1280883E+02, 1.07240717551537
3.1281272E+02, 1.07372549329140
3.1281661E+02, 1.07504399522491
3.1282050E+02, 1.07636270374691
3.1282439E+02, 1.07768058158601
3.1282828E+02, 1.07899855314612
3.1283217E+02, 1.08031661151094
3.1283606E+02, 1.08163378613693
3.1283995E+02, 1.08295073314936
3.1284384E+02, 1.08426758962212
3.1284773E+02, 1.08558359450870
3.1285162E+02, 1.08689913447956
3.1285551E+02, 1.08821461519040
3.1285940E+02, 1.08952963740121
3.1286329E+02, 1.09084441784099
3.1286718E+02, 1.09215975865243
3.1287107E+02, 1.09347575449608
3.1287496E+02, 1.09479260308209
3.1287885E+02, 1.09611155004546
3.1288273E+02, 1.09743317179988
3.1288662E+02, 1.09875776303309
3.1289051E+02, 1.10007736210409
3.1289440E+02, 1.10136945484339
3.1289829E+02, 1.10265673006675
3.1290218E+02, 1.10394604888021
3.1290607E+02, 1.10272018464854
3.1290996E+02, 1.10400964880650
3.1291385E+02, 1.10530134537247
3.1291774E+02, 1.10659527238268
3.1292163E+02, 1.10789127162384
3.1292552E+02, 1.10918916583207
3.1292941E+02, 1.11048851646889
3.1293330E+02, 1.11178871025988
3.1293719E+02, 1.11308943178710
3.1294108E+02, 1.11439020449124
3.1294497E+02, 1.11569018130198
3.1294886E+02, 1.11698928786758
3.1295275E+02, 1.11828724186767
3.1295664E+02, 1.11958354549235
3.1296052E+02, 1.12087820069261
3.1296441E+02, 1.12217133351144
3.1296830E+02, 1.12346294375351
3.1297219E+02, 1.12475302361518
3.1297608E+02, 1.12604205588676
3.1297997E+02, 1.12733035023439
3.1298386E+02, 1.12861794537983
3.1298775E+02, 1.12990533549919
3.1299164E+02, 1.13119289828728
3.1299553E+02, 1.13248080955410
3.1299942E+02, 1.13376913822406
3.1300331E+02, 1.13505825636332
3.1300720E+02, 1.13634828882149
3.1301109E+02, 1.13763887259474
3.1301498E+02, 1.13893020664298
3.1301887E+02, 1.14022224243735
3.1302276E+02, 1.14151457818227
3.1302665E+02, 1.14280684490344
3.1303054E+02, 1.14409905986201
3.1303443E+02, 1.14539094850219
3.1303831E+02, 1.14668156592399
3.1304220E+02, 1.14797120485997
3.1304609E+02, 1.14925964726871
3.1304998E+02, 1.15054627030871
3.1305387E+02, 1.15183094033754
3.1305776E+02, 1.15311389431479
3.1306100E+02, 1.15418187674417
3.1306425E+02, 1.15524850047644
3.1306749E+02, 1.15631380594584
3.1307073E+02, 1.15737786315204
3.1307397E+02, 1.15844060134337
3.1307722E+02, 1.15950226923905
3.1308046E+02, 1.16056301524948
3.1308370E+02, 1.16162297024503
3.1308694E+02, 1.16268226418321
3.1309019E+02, 1.16374101919174
3.1309343E+02, 1.16479934261445
3.1309667E+02, 1.16585732050977
3.1309991E+02, 1.16691501180531
3.1310316E+02, 1.16797244349280
3.1310640E+02, 1.16794653016004
3.1310964E+02, 1.16900515927480
3.1311288E+02, 1.17006341373032
3.1311612E+02, 1.17112116104297
3.1311937E+02, 1.17217824623327
3.1312261E+02, 1.17323449518740
3.1312585E+02, 1.17428971929963
3.1312909E+02, 1.17534372426329
3.1313234E+02, 1.17639630879161
3.1313558E+02, 1.17744717492838
3.1313882E+02, 1.17849630697980
3.1314206E+02, 1.17954359944647
3.1314531E+02, 1.18058899573706
3.1314855E+02, 1.18163249642525
3.1315179E+02, 1.18267416503103
3.1315503E+02, 1.18371413089771
3.1315828E+02, 1.18475258884389
3.1316152E+02, 1.18578979505929
3.1316476E+02, 1.18682605918114
3.1316800E+02, 1.18786173249944
3.1317125E+02, 1.18889719226606
3.1317449E+02, 1.18993282221819
3.1317773E+02, 1.19096898982720
3.1318097E+02, 1.19200602049125
3.1318421E+02, 1.19304416911473
3.1318746E+02, 1.19408358964498
3.1319070E+02, 1.19512430329227
3.1319394E+02, 1.19616616654870
3.1319718E+02, 1.19720884000790
3.1320043E+02, 1.19825175973867
3.1320367E+02, 1.19929411316103
3.1320691E+02, 1.20031606958789
